Data,UF,Total_Focos,Qtd_Municipios_Com_Fogo,Media_Focos_Mun_Com_Fogo,FRP_Medio,FRP_Soma,FRP_Maximo,Risco_Fogo_Medio,Dias_Secos_Medio,Precipitacao_Media,Temp_Max_Media,Temp_Min_Media,Umidade_Relativa_Media,VPD_Medio,Evapotranspiracao_Media,Radiacao_Solar_Media,Velocidade_Vento_Media,CABIXI_15124009,PIMENTEIRAS_15130000,PEDRAS_NEGRAS_15150000,PRINCIPE_DA_BEIRA_15200000,BOCA_DO_POMPEU_-_JUSANTE_15248010,GUAJARÁ-MIRIM_15250000,PORTO_VELHO_15400000,FAZENDA_FLOR_DO_CAMPO_15552600,PIMENTA_BUENO_15558000,JIPARANÁ_15560000
2000-01,RO,0.0,0.0,-,-,-,-,-,-,316.57,31.27,21.59,86.79,0.46,106.77,500.46,0.6,364.24,479.65,434.63,714.29,440.45,842.08,1060.13,342.95,644.95,875.55
2000-02,RO,6.0,5.0,1.2,-,0.0,-,-,-,218.69,30.83,21.86,88.41,0.4,94.63,444.0,0.59,400.71,570.22,514.88,879.64,472.67,935.24,1267.1,358.66,667.72,909.64
2000-03,RO,9.0,3.0,3.0,-,0.0,-,-,-,261.41,31.06,21.72,88.35,0.4,96.37,454.02,0.56,407.32,664.65,611.73,1043.39,478.71,1011.23,1403.74,399.92,723.87,933.05
2000-04,RO,0.0,0.0,3.2,-,0.0,-,-,-,129.97,31.46,21.79,87.46,0.44,97.88,477.48,0.49,389.87,653.53,683.12,1119.0,440.1,1033.35,1316.88,340.45,596.1,818.85
2000-05,RO,17.0,5.0,3.4,-,0.0,-,-,-,26.39,31.71,20.71,85.14,0.51,95.66,483.86,0.52,292.13,546.48,638.29,1049.58,403.47,916.34,1044.73,293.29,471.74,727.19
2000-06,RO,56.0,14.0,4.0,-,0.0,-,-,-,7.45,31.28,19.45,82.19,0.58,88.3,458.42,0.56,239.83,426.6,542.65,755.47,259.35,755.68,842.0,273.22,419.7,678.27
2000-07,RO,131.0,27.0,4.85,-,0.0,-,-,-,28.03,31.08,17.52,78.05,0.66,96.1,510.78,0.62,226.32,373.44,371.32,518.61,168.19,680.21,604.06,266.68,397.79,656.35
2000-08,RO,2275.0,52.0,43.75,-,0.0,-,-,-,44.25,33.27,19.65,78.37,0.76,112.38,563.37,0.46,214.79,346.16,303.06,377.84,125.37,617.89,417.94,261.31,390.03,650.79
2000-09,RO,2565.0,52.0,49.33,-,0.0,-,-,-,103.97,32.58,20.56,80.49,0.68,109.53,524.04,0.56,219.63,314.55,254.31,443.03,106.23,606.77,460.72,260.01,380.68,644.33
2000-10,RO,673.0,46.0,14.63,-,0.0,-,-,-,186.47,32.69,21.61,82.57,0.64,110.97,514.2,0.51,236.02,308.6,236.82,405.11,120.15,592.48,345.0,266.26,420.81,662.11
2000-11,RO,92.0,26.0,3.54,19.04,1504.2,251.6,-,-,213.31,31.37,21.81,86.07,0.49,104.87,486.49,0.76,238.15,364.97,317.84,457.65,190.68,647.68,649.33,286.9,462.43,736.93
2000-12,RO,62.0,21.0,2.95,13.73,755.2,71.5,-,-,216.43,31.25,21.8,85.81,0.5,109.29,514.51,0.55,330.92,443.42,436.9,586.47,332.73,777.74,919.32,297.31,512.44,749.84
2001-01,RO,1.0,1.0,1.0,3.1,3.1,3.1,-,-,336.92,29.96,21.73,88.32,0.39,100.33,476.46,0.5,401.37,533.55,468.9,730.08,377.39,888.44,1202.03,357.34,607.09,871.73
2001-02,RO,6.0,6.0,1.0,8.88,35.5,16.5,-,-,314.28,30.61,21.77,87.87,0.42,93.45,443.62,0.46,415.42,610.73,569.67,891.26,483.35,962.82,1449.32,390.21,738.49,902.3
2001-03,RO,2.0,2.0,1.0,13.4,26.8,14.1,-,-,233.0,30.75,21.78,87.12,0.44,94.72,445.75,0.49,351.0,660.05,653.81,1049.52,525.4,1041.63,1612.9,392.21,737.65,970.56
2001-04,RO,2.0,2.0,1.0,14.25,28.5,24.1,-,-,153.7,31.36,21.94,85.13,0.52,96.93,469.82,0.49,312.95,636.03,692.06,1159.31,479.55,1066.87,1502.25,335.12,589.13,814.77
2001-05,RO,18.0,3.0,6.0,15.42,185.1,28.3,-,-,84.24,30.6,20.83,86.96,0.43,86.91,436.96,0.52,280.31,553.31,682.98,1134.02,413.35,1043.95,1261.84,305.93,512.27,745.63
2001-06,RO,42.0,16.0,2.62,10.84,97.6,23.3,-,-,48.66,29.62,18.11,82.04,0.54,79.73,425.36,0.49,295.35,472.04,572.51,947.67,320.0,914.83,1010.77,283.92,452.73,701.42
2001-07,RO,147.0,40.0,3.67,24.52,1765.1,243.9,-,-,23.55,31.48,19.35,80.76,0.62,94.02,487.65,0.46,165.51,418.94,445.28,645.42,233.97,736.52,693.02,267.35,411.29,666.9
2001-08,RO,5044.0,51.0,98.9,33.83,92077.1,1527.7,-,-,7.85,33.93,18.74,71.27,0.98,110.39,553.19,0.44,228.03,354.0,310.18,452.65,145.42,629.41,476.6,256.77,381.05,640.24
2001-09,RO,4079.0,52.0,78.44,32.25,65731.9,2044.8,-,-,133.93,32.91,20.88,77.93,0.78,105.6,497.21,0.5,226.26,319.86,255.57,388.48,107.68,583.69,337.93,258.65,389.53,652.02
2001-10,RO,2062.0,51.0,40.43,29.29,35413.4,1326.4,-,-,187.03,32.97,21.71,80.57,0.71,117.03,545.15,0.49,255.47,324.69,256.31,383.97,117.54,582.33,408.92,263.42,401.76,665.16
2001-11,RO,217.0,34.0,6.38,19.56,2288.3,417.3,-,-,225.22,32.28,22.5,83.76,0.6,110.34,510.51,0.5,319.9,377.79,301.98,436.14,119.0,652.47,731.37,288.18,449.61,713.0
2001-12,RO,12.0,6.0,2.0,13.45,147.9,21.9,-,-,307.43,30.86,22.06,87.37,0.44,99.9,465.99,0.46,398.63,490.1,463.77,657.55,256.73,810.84,965.84,357.44,647.14,834.23
2002-01,RO,30.0,12.0,2.5,11.97,287.4,40.3,-,-,282.92,31.24,22.29,86.99,0.46,113.4,536.18,0.51,342.18,573.34,626.44,886.12,423.05,899.49,1185.0,389.69,686.81,892.98
2002-02,RO,9.0,4.0,2.25,4.5,4.5,4.5,-,-,269.71,30.84,22.26,87.83,0.43,93.44,437.45,0.58,404.06,576.1,643.89,981.19,426.16,918.7,1320.0,385.67,708.55,903.48
2002-03,RO,3.0,2.0,1.5,6.65,13.3,7.3,-,-,214.31,31.5,22.2,86.78,0.47,110.83,528.24,0.57,417.85,635.58,657.74,1129.16,460.87,1026.05,1512.18,345.97,603.3,841.48
2002-04,RO,9.0,6.0,1.5,5.68,28.4,7.4,-,-,191.68,31.76,21.89,86.38,0.48,104.43,508.83,0.56,402.73,627.58,644.37,1160.98,427.07,1044.18,1378.48,315.41,581.06,815.55
2002-05,RO,41.0,4.0,10.25,15.24,396.2,49.3,-,-,61.4,31.27,21.35,85.3,0.5,95.86,487.75,0.38,318.66,556.27,623.8,1052.26,317.5,981.4,1177.5,290.13,501.44,739.63
2002-06,RO,261.0,31.0,8.42,25.63,2844.9,433.0,-,-,7.91,31.23,18.99,82.06,0.57,94.28,502.82,0.59,248.93,464.15,526.88,822.3,207.94,850.67,968.38,268.88,425.12,683.75
2002-07,RO,1359.0,50.0,27.18,36.67,38324.3,994.2,-,-,31.41,32.27,19.4,78.0,0.73,98.57,503.66,0.58,232.62,374.95,367.19,547.35,157.02,711.68,622.94,261.29,399.44,658.28
2002-08,RO,9701.0,52.0,186.56,55.41,397358.1,2280.5,-,-,64.45,33.72,20.15,75.94,0.86,107.88,527.52,0.47,233.23,347.15,284.28,421.48,115.68,619.24,422.31,256.69,393.96,652.75
2002-09,RO,29432.0,52.0,566.0,71.05,1488949.9,4321.7,-,-,70.61,33.46,20.87,76.03,0.86,113.04,531.74,0.54,225.47,322.98,267.13,398.08,102.29,584.27,356.23,256.38,384.93,652.81
2002-10,RO,10422.0,52.0,200.42,51.82,407414.1,1904.8,-,-,138.6,33.35,22.05,77.68,0.84,125.62,585.07,0.51,213.84,301.38,243.92,379.09,87.38,557.23,430.45,256.97,380.6,646.72
2002-11,RO,1396.0,49.0,28.49,48.0,57835.4,2163.7,-,-,182.91,32.57,22.22,80.61,0.72,118.8,553.0,0.54,228.07,311.65,243.73,379.83,101.8,558.17,593.07,268.62,418.75,678.32
2002-12,RO,140.0,35.0,4.0,18.81,2220.0,195.0,-,-,349.55,31.42,22.36,84.16,0.57,105.53,487.3,0.5,353.06,406.37,292.82,418.42,199.21,600.61,890.06,288.77,480.16,763.26
2003-01,RO,90.0,23.0,3.91,22.11,1746.4,242.2,-,-,296.5,31.49,22.81,84.41,0.57,108.27,501.28,0.51,400.61,537.98,477.74,554.1,302.01,789.69,1139.68,329.85,647.71,854.69
2003-02,RO,21.0,12.0,1.75,13.92,222.7,51.2,-,-,262.53,31.16,22.05,84.12,0.56,97.9,457.03,0.6,423.86,627.12,599.0,783.91,370.52,943.11,1362.0,359.36,675.52,900.55
2003-03,RO,15.0,8.0,1.88,20.43,265.6,95.6,-,-,380.53,31.06,22.17,85.45,0.51,97.26,451.41,0.59,417.74,696.94,657.9,945.21,437.94,1054.69,1444.55,372.87,743.52,984.09
2003-04,RO,21.0,14.0,1.5,17.46,366.6,86.1,-,-,202.16,31.64,21.83,83.47,0.58,97.2,464.27,0.61,418.47,627.9,688.37,1155.62,483.77,1151.42,1451.17,367.42,756.85,976.97
2003-05,RO,184.0,29.0,6.34,39.98,5677.2,454.8,-,-,109.24,31.67,20.96,80.35,0.67,97.23,478.0,0.65,359.29,550.15,667.53,1163.08,401.55,1122.81,1144.56,304.21,537.29,740.81
2003-06,RO,395.0,40.0,9.88,29.4,9113.0,425.3,-,-,31.41,31.85,19.7,76.09,0.79,92.86,462.73,0.72,298.1,443.06,565.35,934.98,268.93,990.32,902.58,284.37,468.85,705.83
2003-07,RO,3610.0,52.0,69.42,56.02,131918.9,5641.1,-,-,4.61,32.25,17.88,69.37,0.98,110.51,552.2,0.87,246.02,368.89,377.16,589.47,151.48,867.65,567.82,264.6,410.69,669.52
2003-08,RO,24559.0,52.0,472.29,64.4,949747.3,4941.0,-,-,35.05,32.76,18.77,65.42,1.15,120.52,540.8,1.06,223.08,352.5,285.75,432.35,91.58,728.95,382.82,256.32,391.44,654.02
2003-09,RO,23265.0,52.0,447.4,71.74,1077989.5,12414.7,-,-,114.13,33.13,20.3,71.29,1.02,111.26,492.93,0.87,230.56,328.64,252.15,383.38,89.13,586.5,296.75,259.32,393.72,656.87
2003-10,RO,13814.0,52.0,265.65,70.75,665930.5,5103.4,-,-,146.64,32.33,21.98,78.48,0.78,118.8,528.57,0.92,252.58,324.52,252.86,381.65,125.32,660.74,430.66,261.85,395.9,671.5
2003-11,RO,1523.0,51.0,29.86,31.2,37028.8,587.6,-,-,136.22,32.01,22.12,81.13,0.68,112.76,510.21,0.89,276.09,348.27,277.28,403.7,144.93,697.22,528.7,260.63,408.78,666.62
2003-12,RO,454.0,42.0,10.81,35.25,11704.4,976.3,-,-,201.31,32.1,22.5,82.0,0.66,118.21,542.91,0.71,284.39,369.5,303.39,420.02,187.0,710.5,812.85,284.35,442.82,694.68
2004-01,RO,51.0,15.0,3.4,15.17,652.2,58.3,-,-,340.09,31.13,22.8,84.99,0.54,102.99,468.05,0.74,372.77,500.58,440.89,682.24,457.65,864.37,1294.58,344.4,620.58,846.65
2004-02,RO,29.0,10.0,2.9,18.33,421.7,89.6,-,-,326.0,30.95,22.31,85.53,0.51,96.02,442.43,0.7,416.75,647.17,609.03,943.05,518.72,946.68,1373.69,433.31,788.62,962.91
2004-03,RO,47.0,22.0,2.14,13.01,455.5,63.4,-,-,281.47,31.62,22.29,84.25,0.56,106.6,491.27,0.79,411.65,647.69,690.37,1093.05,502.35,975.01,1300.35,414.45,773.45,958.81
2004-04,RO,42.0,19.0,2.21,10.81,421.4,33.1,-,-,169.25,31.72,22.18,83.87,0.58,96.27,449.75,0.75,383.02,559.58,666.8,1147.18,495.03,977.23,1287.47,336.47,594.23,849.25
2004-05,RO,62.0,17.0,3.65,15.63,813.0,70.4,-,-,52.71,29.28,19.97,83.94,0.51,82.7,401.58,0.92,296.42,509.46,596.61,1037.45,426.94,930.65,1104.24,298.65,495.24,746.2
2004-06,RO,802.0,41.0,19.56,28.24,14035.5,329.5,-,-,17.03,31.24,18.74,76.59,0.74,92.22,464.0,0.81,251.62,444.62,504.47,745.08,311.27,794.11,815.37,277.35,436.95,694.72
2004-07,RO,3802.0,52.0,73.12,43.95,110326.3,1577.0,-,-,21.2,31.67,18.45,73.26,0.85,103.33,512.88,0.88,230.09,367.19,354.61,505.6,198.32,680.74,606.23,264.24,407.74,666.44
2004-08,RO,24512.0,52.0,471.38,74.11,1119003.6,4543.5,-,-,29.4,33.8,18.85,66.61,1.15,111.2,497.33,0.83,207.98,325.44,277.49,412.13,108.87,613.16,456.1,257.53,381.71,642.31
2004-09,RO,51900.0,52.0,998.08,69.71,2327669.5,5341.9,-,-,56.74,33.68,20.57,68.6,1.13,111.98,482.6,0.83,203.29,299.65,237.25,402.03,107.23,568.88,319.48,255.03,385.13,643.25
2004-10,RO,12954.0,52.0,249.12,57.55,394420.5,6314.7,-,-,147.55,33.01,22.21,76.22,0.89,122.41,540.05,0.9,229.15,309.13,233.81,402.92,126.81,564.13,344.34,264.84,406.34,658.21
2004-11,RO,1189.0,49.0,24.27,33.84,28049.3,1022.0,-,-,244.47,32.15,22.26,81.07,0.69,112.83,508.88,0.85,280.77,360.77,267.78,418.68,237.43,638.17,604.3,278.3,433.18,698.45
2004-12,RO,405.0,40.0,10.12,29.92,10293.1,1110.8,-,-,279.09,31.64,22.61,82.36,0.64,112.08,507.49,0.8,347.1,418.65,340.42,551.06,312.42,772.68,897.0,347.71,542.71,784.23
2005-01,RO,200.0,22.0,9.09,26.0,3822.4,427.4,-,-,263.05,31.93,22.84,84.19,0.58,112.82,516.25,0.71,425.04,573.55,519.69,814.79,408.48,901.32,1137.27,377.35,697.5,935.31
2005-02,RO,52.0,13.0,4.0,11.58,532.9,26.5,-,-,283.54,31.41,22.64,84.77,0.55,92.8,421.09,0.7,426.99,647.2,594.66,915.78,384.5,929.71,1227.54,355.48,701.41,916.73
2005-03,RO,29.0,13.0,2.23,12.81,256.1,32.5,-,-,324.55,31.17,22.69,85.48,0.52,96.38,437.62,0.77,433.55,647.06,646.95,1078.71,406.03,989.31,1361.32,389.09,748.89,990.52
2005-04,RO,63.0,13.0,4.85,15.75,944.9,62.2,-,-,96.75,31.28,21.6,83.09,0.6,97.88,457.58,0.84,378.18,625.87,649.25,1104.32,405.13,988.63,1262.28,337.05,563.18,827.13
2005-05,RO,131.0,20.0,6.55,21.61,2010.0,282.6,-,-,80.44,32.18,21.54,80.61,0.69,102.17,491.17,0.77,294.81,527.94,606.13,905.97,357.71,873.1,931.95,293.9,481.48,736.89
2005-06,RO,549.0,41.0,13.39,24.27,9901.8,1123.5,-,-,15.37,32.44,19.86,76.11,0.81,101.92,506.05,0.85,256.47,444.95,503.06,684.73,261.8,789.91,784.7,273.29,430.99,689.82
2005-07,RO,4548.0,51.0,89.18,43.97,144307.0,3143.0,-,-,0.8,32.16,17.55,71.09,0.91,111.83,560.5,0.96,224.37,368.42,330.79,493.95,157.47,668.19,493.13,260.76,398.11,660.39
2005-08,RO,39986.0,52.0,768.96,74.47,1724264.9,10249.3,-,-,12.32,33.98,18.97,65.57,1.19,116.29,513.25,0.95,205.28,320.77,246.13,402.58,103.77,580.85,263.84,252.26,378.52,639.08
2005-09,RO,57115.0,52.0,1098.37,67.06,2436240.0,7027.8,-,-,53.23,33.32,19.87,70.82,1.04,111.91,474.37,1.11,207.5,301.24,227.5,378.77,95.9,558.7,180.77,253.12,372.87,635.95
2005-10,RO,11878.0,52.0,228.42,46.84,320667.9,3135.4,-,-,173.22,34.45,22.14,77.44,0.88,122.12,527.36,0.91,228.18,313.94,234.31,377.32,85.42,594.27,297.73,269.78,414.61,670.48
2005-11,RO,1439.0,48.0,29.98,35.08,33920.2,568.7,-,-,180.42,33.05,22.67,81.36,0.71,116.54,520.43,0.88,246.3,338.28,257.96,433.78,104.35,675.14,597.43,270.45,425.3,682.12
2005-12,RO,96.0,21.0,4.57,26.69,2215.4,330.4,-,-,349.2,31.57,22.21,85.56,0.51,103.79,468.62,0.89,392.71,451.46,351.82,538.13,235.77,769.63,903.55,324.52,552.45,790.45
2006-01,RO,33.0,12.0,2.75,11.25,281.3,28.3,-,-,311.57,31.44,22.25,85.63,0.51,106.3,485.48,0.82,435.43,609.67,554.29,821.75,480.47,910.21,1248.74,392.16,796.18,951.48
2006-02,RO,29.0,11.0,2.64,10.67,256.1,15.8,-,-,343.9,30.96,22.53,87.39,0.45,89.28,408.0,0.78,432.48,685.93,675.46,1102.56,543.89,1038.64,1521.07,470.5,819.14,1000.59
2006-03,RO,28.0,9.0,3.11,10.47,251.4,22.5,-,-,256.17,31.49,22.62,86.81,0.47,100.34,461.27,0.75,439.42,699.77,711.76,1238.9,509.23,1080.23,1556.45,434.98,774.58,962.23
2006-04,RO,16.0,9.0,1.78,11.72,187.6,39.3,-,-,201.32,31.17,21.83,86.17,0.48,91.88,432.93,0.75,431.76,679.1,730.02,1296.83,521.3,1090.9,1548.33,386.02,693.05,935.35
2006-05,RO,192.0,35.0,5.49,17.96,2586.3,188.0,-,-,64.46,30.17,19.25,81.53,0.57,92.66,466.69,0.83,357.52,624.74,675.02,1253.47,371.68,1012.84,1177.77,333.23,547.52,762.8
2006-06,RO,475.0,44.0,10.8,26.97,9521.3,783.0,-,-,6.21,32.78,19.19,76.63,0.78,105.17,528.33,0.87,297.22,519.0,619.77,990.25,276.45,831.93,849.88,296.45,470.47,707.7
2006-07,RO,2790.0,47.0,59.36,33.35,61893.4,1406.9,-,-,4.45,33.75,18.84,71.64,0.96,115.78,556.92,0.93,253.56,411.94,490.77,698.18,166.35,729.75,590.77,278.37,424.6,673.44
2006-08,RO,19849.0,52.0,381.71,57.49,663930.9,2845.0,-,-,10.54,35.28,19.79,69.26,1.13,116.41,549.47,0.62,225.77,347.73,319.12,468.26,109.63,609.32,370.16,266.26,397.08,650.57
2006-09,RO,45906.0,52.0,882.81,67.04,1808070.8,4562.2,-,-,76.32,34.38,20.71,70.57,1.09,116.92,496.67,0.95,229.04,323.0,267.62,404.63,73.13,564.1,260.92,264.47,393.12,646.79
2006-10,RO,3961.0,49.0,80.84,56.58,142308.0,3244.9,-,-,179.93,33.11,22.54,80.88,0.72,113.98,505.48,0.84,320.42,365.65,281.03,416.51,70.89,584.41,406.69,281.85,439.08,699.91
2006-11,RO,1934.0,51.0,37.92,51.19,66348.0,1015.4,-,-,173.99,32.34,22.27,80.67,0.71,114.87,522.21,0.77,318.07,399.7,354.4,474.67,89.9,711.15,755.47,278.82,418.61,721.7
2006-12,RO,50.0,15.0,3.33,16.6,780.3,87.1,-,-,283.42,31.02,22.54,85.95,0.5,104.23,478.8,0.78,408.76,453.73,429.71,615.97,202.08,799.73,996.45,322.95,533.56,797.35
2007-01,RO,72.0,18.0,4.0,12.63,631.7,52.2,-,-,315.64,31.6,22.71,85.76,0.52,113.1,520.16,0.88,439.76,581.03,561.4,803.15,388.94,920.65,1232.95,388.05,703.92,899.97
2007-02,RO,15.0,7.0,2.14,15.59,155.9,47.5,-,-,261.8,30.97,22.01,85.88,0.49,95.34,439.35,0.92,441.61,648.91,648.73,982.78,503.3,998.82,1340.77,414.54,872.46,1024.51
2007-03,RO,32.0,16.0,2.0,14.4,446.3,53.5,-,-,255.44,31.81,21.75,84.46,0.55,111.83,527.21,0.71,438.53,666.79,692.04,1175.17,529.74,1075.47,1538.56,376.82,730.87,951.73
2007-04,RO,25.0,11.0,2.27,9.85,206.9,30.0,-,-,164.14,32.14,21.42,83.96,0.57,102.71,490.82,0.72,403.52,627.31,679.87,1284.32,481.65,1145.05,1582.7,331.67,600.6,825.78
2007-05,RO,100.0,29.0,3.45,18.01,1459.0,100.4,-,-,69.22,30.68,18.74,81.49,0.57,96.76,493.09,0.84,315.98,540.16,632.9,1266.23,413.98,1150.92,1419.15,299.69,496.89,739.68
2007-06,RO,550.0,42.0,13.1,23.52,10678.2,504.4,-,-,2.62,32.41,17.29,75.81,0.76,100.98,530.41,0.73,261.77,423.21,526.8,1048.42,258.88,1005.22,1079.83,278.02,435.27,687.87
2007-07,RO,1436.0,46.0,31.22,30.56,29616.5,780.2,-,-,28.4,32.41,17.69,71.99,0.88,109.08,544.97,0.92,234.64,360.6,356.58,648.19,152.92,724.45,680.52,269.9,409.24,666.65
2007-08,RO,19143.0,51.0,375.35,58.83,714886.6,3275.9,-,-,2.85,34.08,17.47,64.76,1.17,125.73,583.64,0.97,213.35,324.5,276.39,451.71,102.15,603.97,467.47,259.77,383.82,644.02
2007-09,RO,31512.0,52.0,606.0,54.95,1192317.0,4835.4,-,-,45.81,34.47,20.18,70.1,1.08,110.82,478.17,0.81,209.12,305.55,241.73,385.37,77.13,544.82,275.8,255.87,376.35,638.22
2007-10,RO,12337.0,52.0,237.25,51.34,434318.1,2860.2,-,-,168.37,33.12,21.24,78.46,0.78,119.99,534.89,0.89,241.61,314.65,240.39,374.94,82.18,548.9,358.5,269.9,425.5,674.32
2007-11,RO,566.0,41.0,13.8,33.72,12174.6,866.2,-,-,248.73,31.75,21.85,83.41,0.59,112.47,512.85,0.99,263.8,373.9,280.2,424.82,132.33,649.52,753.8,291.45,467.7,717.72
2007-12,RO,103.0,30.0,3.43,19.13,1511.6,117.0,-,-,247.81,31.17,21.81,84.66,0.53,119.05,559.21,0.94,325.15,487.94,431.21,662.45,319.19,812.95,1043.1,301.05,586.52,798.89
2008-01,RO,18.0,8.0,2.25,9.59,105.5,19.2,-,-,362.37,29.92,22.0,87.35,0.43,102.86,482.53,0.92,394.34,527.56,559.52,831.37,518.58,962.1,1312.44,402.97,729.4,893.35
2008-02,RO,20.0,13.0,1.54,8.68,147.6,27.2,-,-,309.81,30.39,21.76,86.63,0.45,100.52,473.44,0.91,437.88,685.5,640.05,964.45,515.76,1040.95,1533.22,437.78,788.47,998.8
2008-03,RO,7.0,7.0,1.0,8.93,26.8,10.8,-,-,302.61,30.37,21.85,87.44,0.43,99.88,471.88,0.91,430.89,678.24,719.03,1216.24,491.85,1120.48,1589.56,411.98,812.26,973.81
2008-04,RO,30.0,12.0,2.5,13.55,365.9,41.2,-,-,175.88,30.55,20.98,85.56,0.48,98.9,483.35,0.95,416.08,676.65,725.9,1333.82,479.87,1261.67,1624.25,376.45,650.74,872.68
2008-05,RO,42.0,18.0,2.33,14.38,560.9,97.6,-,-,93.73,29.83,19.79,82.45,0.55,93.59,465.24,1.07,333.92,571.23,679.47,1306.52,394.74,1208.67,1430.65,325.34,532.87,767.83
2008-06,RO,164.0,30.0,5.47,15.91,2147.3,187.3,-,-,3.05,30.36,17.96,79.41,0.62,91.97,472.1,1.02,277.49,455.69,593.99,1229.01,345.92,1005.97,1111.67,291.56,459.67,708.65
2008-07,RO,1111.0,47.0,23.64,28.91,21943.1,295.1,-,-,3.21,33.87,17.3,65.94,1.11,118.6,568.97,0.96,234.9,379.48,439.17,928.48,214.77,769.53,726.76,274.02,417.29,673.45
2008-08,RO,8002.0,47.0,170.26,48.54,266731.3,2415.4,-,-,16.52,35.82,19.42,63.46,1.35,131.11,580.22,0.95,216.89,331.76,305.34,593.69,129.0,640.44,521.48,265.01,395.35,651.95
2008-09,RO,12315.0,52.0,236.83,43.34,355272.6,2142.1,-,-,47.21,34.58,20.78,66.23,1.27,131.69,562.98,1.12,211.28,306.38,253.8,436.12,90.88,591.77,395.1,261.77,389.02,642.25
2008-10,RO,6914.0,52.0,132.96,44.2,186225.5,3326.7,-,-,140.0,33.64,21.89,74.91,0.95,131.99,571.13,1.15,223.39,307.1,241.94,398.21,70.35,562.11,446.21,270.97,398.44,660.94
2008-11,RO,836.0,48.0,17.42,24.37,16037.5,303.1,-,-,189.74,31.94,22.61,81.2,0.69,115.31,515.47,1.05,253.3,341.77,265.38,397.98,89.55,628.38,606.5,293.75,438.94,682.33
2008-12,RO,61.0,21.0,2.9,16.5,626.9,58.4,-,-,272.79,30.51,22.47,83.71,0.57,105.89,479.59,1.06,332.85,387.58,328.06,484.53,246.65,644.03,692.69,330.15,530.47,744.24
2009-01,RO,79.0,21.0,3.76,13.22,674.2,41.0,-,-,296.72,30.9,22.5,83.74,0.57,115.32,531.44,1.01,334.05,449.34,512.31,672.61,458.82,792.65,1138.84,344.4,549.56,804.77
2009-02,RO,17.0,5.0,3.4,10.02,50.1,16.1,-,-,396.58,30.27,22.46,85.64,0.5,95.26,439.16,1.0,423.12,555.77,560.12,824.71,483.04,905.5,1237.04,414.57,716.61,960.98
2009-03,RO,41.0,15.0,2.73,12.98,389.5,32.0,-,-,281.37,30.96,22.5,85.33,0.52,106.74,496.66,0.91,433.76,679.86,658.22,1063.23,515.05,1005.1,1467.39,402.19,740.56,971.28
2009-04,RO,16.0,10.0,1.6,14.0,140.0,22.8,-,-,234.49,30.85,22.55,85.33,0.52,94.82,445.94,0.91,439.58,724.22,704.02,1243.61,488.35,1069.17,1514.28,370.84,678.17,918.91
2009-05,RO,33.0,15.0,2.2,9.29,260.2,17.7,-,-,111.04,31.13,21.57,83.0,0.59,96.78,470.2,0.89,389.48,641.4,701.26,1260.15,455.92,1071.61,1368.73,332.96,542.32,800.35
2009-06,RO,97.0,21.0,4.62,16.82,1345.6,73.5,-,-,21.91,30.64,19.81,80.16,0.64,91.13,453.06,1.03,297.23,512.3,637.48,1184.07,332.87,937.85,1127.25,287.42,450.17,712.09
2009-07,RO,324.0,36.0,9.0,21.99,5167.9,460.9,-,-,24.84,32.57,19.2,74.39,0.87,107.08,512.88,1.01,258.81,422.2,523.82,908.68,250.0,806.1,908.11,262.99,415.8,679.43
2009-08,RO,1843.0,44.0,41.89,30.08,36309.9,653.1,-,-,34.48,34.43,19.98,68.52,1.13,125.0,564.65,1.02,225.03,366.1,374.19,589.02,159.0,694.46,667.79,235.56,379.4,648.52
2009-09,RO,6289.0,52.0,120.94,40.25,175852.3,1368.4,-,-,77.09,34.2,21.36,71.89,1.06,128.28,560.06,1.12,216.64,334.39,292.13,499.15,88.03,603.67,476.3,235.94,370.87,637.69
2009-10,RO,4024.0,50.0,80.48,36.89,110603.5,768.8,-,-,131.03,33.46,21.97,78.18,0.82,129.82,578.65,1.05,224.61,323.3,265.0,455.45,88.26,595.66,528.61,280.92,415.44,665.54
2009-11,RO,353.0,39.0,9.05,30.64,8426.7,252.2,-,-,212.47,32.46,22.89,81.62,0.69,117.37,522.24,1.06,333.46,391.54,316.57,502.07,200.8,686.6,701.1,306.43,452.04,707.46
2009-12,RO,61.0,15.0,4.07,13.23,568.9,53.5,-,-,305.83,30.51,22.87,84.77,0.54,103.1,463.59,1.04,359.77,462.47,450.13,633.64,309.69,830.89,1055.98,340.79,537.42,794.5
2010-01,RO,64.0,17.0,3.76,21.78,980.1,196.1,-,-,358.54,30.66,22.92,85.29,0.52,105.91,480.48,0.99,354.88,572.87,529.9,796.18,479.85,934.94,1279.35,415.35,766.81,947.89
2010-02,RO,25.0,16.0,1.56,8.98,107.8,20.5,-,-,297.31,31.17,23.27,85.62,0.52,92.04,412.27,0.92,450.67,679.02,639.77,971.07,505.55,1010.61,1416.7,491.72,893.58,1045.17
2010-03,RO,30.0,16.0,1.88,14.55,363.7,29.4,-,-,323.48,31.93,23.27,84.27,0.59,112.32,512.26,0.9,447.42,707.48,682.98,1157.77,490.48,1072.31,1497.82,463.32,840.02,1016.81
2010-04,RO,109.0,28.0,3.89,13.99,1174.9,42.8,-,-,86.73,32.31,22.35,78.24,0.79,113.25,529.55,0.94,385.96,649.38,687.22,1241.04,482.65,1115.02,1403.97,364.95,634.78,858.45
2010-05,RO,131.0,28.0,4.68,13.62,1429.6,63.0,-,-,86.68,31.89,20.78,76.03,0.81,105.34,507.82,0.95,324.5,520.2,629.76,1171.83,346.29,1015.67,1181.47,309.26,489.13,741.27
2010-06,RO,505.0,35.0,14.43,28.38,10074.3,295.9,-,-,16.4,32.86,19.69,71.56,0.97,103.5,516.83,0.8,280.68,420.65,487.15,821.87,286.08,769.68,787.82,292.68,446.55,707.4
2010-07,RO,2248.0,43.0,52.28,35.71,57889.7,1238.0,-,-,11.92,32.39,17.84,66.6,1.09,106.86,525.15,0.89,248.23,358.64,335.59,484.92,160.6,615.76,516.04,270.06,410.08,667.65
2010-08,RO,17921.0,51.0,351.39,51.49,593498.6,4243.4,-,-,12.84,34.98,17.93,56.3,1.51,116.45,505.2,0.86,222.71,319.85,341.4,400.61,114.61,579.14,322.19,267.55,389.6,646.44
2010-09,RO,24228.0,52.0,465.92,49.16,724985.9,2852.8,-,-,39.07,35.97,22.28,63.85,1.46,125.72,517.88,0.91,223.38,301.12,245.93,376.28,78.22,531.33,294.2,264.53,381.33,639.13
2010-10,RO,5659.0,52.0,108.83,39.37,120223.2,1377.8,-,-,147.51,33.53,22.51,73.79,1.01,123.03,531.03,0.93,219.65,295.6,236.58,368.52,79.03,514.71,292.53,265.44,387.24,644.19
2010-11,RO,1061.0,46.0,23.07,29.64,16832.8,466.6,-,-,207.93,32.33,22.72,79.62,0.76,113.34,500.8,0.94,232.08,314.2,294.53,366.96,108.72,546.72,452.9,264.08,414.21,679.12
2010-12,RO,512.0,40.0,12.8,22.69,7033.4,282.6,-,-,214.9,31.8,22.0,79.93,0.72,123.92,561.89,1.07,254.23,343.31,276.97,416.7,166.15,629.1,669.92,313.8,453.53,699.66
2011-01,RO,30.0,11.0,2.73,14.15,268.9,48.5,-,-,281.81,30.0,22.18,85.28,0.5,102.06,467.03,1.03,348.17,449.66,345.79,509.56,255.58,756.35,1012.44,354.74,588.13,804.05
2011-02,RO,27.0,12.0,2.25,11.67,175.0,38.8,-,-,327.43,29.81,22.18,85.48,0.49,91.27,420.77,0.96,413.56,666.62,516.04,702.14,380.46,902.12,1318.8,424.04,786.85,939.02
2011-03,RO,24.0,12.0,2.0,9.79,156.6,19.3,-,-,294.7,30.47,22.26,85.29,0.51,101.7,471.38,0.95,430.48,694.73,671.15,989.4,533.85,1027.87,1518.6,352.56,706.28,942.98
2011-04,RO,69.0,27.0,2.56,20.57,822.6,51.3,-,-,180.6,31.49,22.25,82.43,0.62,108.77,520.48,0.9,393.94,669.52,698.37,1207.11,502.78,1086.7,1599.78,360.14,639.26,894.37
2011-05,RO,155.0,31.0,5.0,25.76,2575.8,376.8,-,-,31.02,31.42,20.68,76.62,0.79,107.08,521.58,1.0,282.37,555.42,655.0,1222.94,373.45,1078.23,1305.98,295.42,481.95,729.25
2011-06,RO,414.0,40.0,10.35,22.37,6218.8,388.0,-,-,6.4,32.71,19.45,71.02,0.98,106.12,518.62,0.96,238.8,436.18,536.88,957.97,227.47,871.32,892.18,297.18,434.25,684.82
2011-07,RO,911.0,42.0,21.69,36.99,21785.3,648.7,-,-,6.04,33.77,19.16,66.36,1.17,118.18,553.58,1.03,216.23,364.55,357.18,533.6,136.06,657.89,599.05,277.0,393.51,657.43
2011-08,RO,5099.0,45.0,113.31,38.73,120092.5,1178.6,-,-,21.83,34.83,19.51,60.76,1.42,130.98,575.03,1.1,200.89,318.1,271.55,408.82,89.87,592.32,458.89,262.21,343.68,638.21
2011-09,RO,8288.0,52.0,159.38,51.85,239806.1,1821.9,-,-,69.82,34.45,21.83,70.03,1.15,128.61,561.89,1.0,201.05,294.38,239.27,371.75,67.82,541.62,321.62,281.27,370.92,644.73
2011-10,RO,4051.0,50.0,81.02,46.26,92979.6,1256.5,-,-,132.15,32.51,22.33,77.36,0.84,124.68,555.85,1.02,209.97,293.1,231.5,361.47,63.55,553.02,428.15,277.29,357.65,650.84
2011-11,RO,927.0,45.0,20.6,30.2,18298.8,416.2,-,-,184.55,32.21,22.49,80.03,0.73,123.16,558.05,1.03,277.42,316.85,237.87,367.62,71.37,591.18,442.48,276.65,405.3,665.03
2011-12,RO,103.0,26.0,3.96,21.81,1613.7,98.5,-,-,334.5,31.03,22.57,83.55,0.58,112.64,514.6,0.96,360.14,412.56,317.46,445.69,179.95,639.0,729.31,332.99,584.61,805.52
2012-01,RO,43.0,18.0,2.39,12.64,290.7,35.3,-,-,361.4,29.87,22.34,85.85,0.48,102.46,470.66,1.08,403.53,514.73,433.73,598.63,424.42,785.63,1067.85,376.13,721.79,925.91
2012-02,RO,131.0,21.0,6.24,18.26,383.4,54.3,-,-,341.26,29.59,21.9,85.59,0.48,93.46,433.95,0.95,440.37,627.24,581.47,828.01,504.1,899.91,1346.76,397.91,831.05,998.91
2012-03,RO,122.0,28.0,4.36,13.65,409.5,35.8,-,-,234.19,30.89,21.95,83.91,0.56,110.45,518.82,0.91,441.59,683.87,657.13,1073.4,494.35,1016.9,1526.37,372.31,697.71,928.41
2012-04,RO,190.0,29.0,6.55,11.72,422.0,36.0,-,-,178.37,31.62,22.13,83.23,0.6,104.94,498.51,0.87,425.65,639.63,675.32,1132.9,490.97,1043.85,1447.25,343.28,604.26,840.72
2012-05,RO,413.0,34.0,12.15,31.85,2515.9,554.3,-,-,83.2,31.74,20.99,79.42,0.71,105.31,519.26,0.86,369.34,567.34,645.84,1097.97,418.58,1034.76,1340.84,325.56,516.37,762.16
2012-06,RO,780.0,40.0,19.5,17.02,1702.3,115.5,-,-,41.83,31.7,19.91,77.89,0.74,97.05,489.36,0.88,304.55,479.32,578.3,974.2,318.25,966.45,1137.7,320.17,471.32,715.82
2012-07,RO,2566.0,49.0,52.37,23.54,11416.1,183.6,-,-,6.53,32.74,18.06,68.95,1.01,114.95,569.94,0.96,251.18,408.84,449.48,696.9,194.26,860.73,891.79,277.74,390.55,671.45
2012-08,RO,26419.0,51.0,518.02,48.91,224881.6,3041.7,-,-,6.13,35.33,18.68,56.23,1.56,136.77,602.88,1.03,217.45,340.56,312.79,450.52,142.77,676.34,520.79,272.48,338.61,645.45
2012-09,RO,41639.0,51.0,816.45,45.62,317533.6,2144.4,-,-,70.94,35.43,21.39,64.36,1.39,131.89,559.48,1.03,204.1,305.53,248.13,387.37,173.37,591.62,315.28,265.53,344.42,637.2
2012-10,RO,16528.0,52.0,317.85,42.45,109489.7,923.0,-,-,129.99,33.54,22.51,75.16,0.95,133.49,587.23,1.03,219.16,317.85,248.4,379.44,175.85,576.87,405.08,273.76,399.53,657.52
2012-11,RO,2714.0,48.0,56.54,31.02,13309.3,453.8,-,-,217.82,31.8,22.93,81.57,0.68,111.26,493.58,1.02,291.03,350.27,256.6,408.52,171.48,603.72,505.9,292.1,470.72,705.93
2012-12,RO,572.0,40.0,14.3,18.46,1994.2,193.6,-,-,248.5,31.46,22.55,82.28,0.64,119.41,544.34,1.0,378.47,487.85,362.23,515.73,214.63,735.9,892.6,325.84,554.13,790.99
2013-01,RO,159.0,32.0,4.97,13.82,414.5,52.4,-,-,348.67,30.46,22.85,85.69,0.5,104.07,474.06,0.97,425.05,535.47,488.37,687.81,380.34,884.26,1250.56,389.61,683.27,880.74
2013-02,RO,95.0,23.0,4.13,13.54,243.8,42.7,-,-,357.23,30.47,22.66,85.66,0.5,92.68,422.34,1.02,443.88,657.38,614.48,845.12,492.16,909.98,1323.16,493.89,830.91,996.77
2013-03,RO,159.0,34.0,4.68,17.64,723.4,66.8,-,-,313.27,31.37,22.7,84.19,0.57,110.23,507.56,0.95,434.82,661.89,681.13,1065.89,505.35,1012.97,1539.68,459.94,798.71,961.06
2013-04,RO,198.0,34.0,5.82,19.62,804.4,106.6,-,-,174.56,31.02,22.17,84.19,0.55,103.89,496.83,0.99,423.72,653.53,673.55,1198.02,472.67,1061.25,1573.15,431.98,714.52,895.65
2013-05,RO,209.0,33.0,6.33,14.33,544.6,50.0,-,-,95.99,31.03,21.65,83.29,0.58,95.78,462.19,0.95,389.53,597.13,645.53,1163.52,397.26,1015.29,1192.13,344.29,555.29,766.11
2013-06,RO,508.0,42.0,12.1,16.23,1265.9,191.6,-,-,62.25,31.98,21.13,80.41,0.68,91.91,449.98,0.82,322.25,515.25,590.48,949.57,323.4,899.88,946.43,319.18,489.1,723.5
2013-07,RO,1677.0,51.0,32.88,19.82,5787.8,145.3,-,-,19.8,31.9,18.75,71.9,0.91,109.04,540.52,0.98,272.02,451.87,516.84,715.55,262.42,785.03,796.97,301.15,440.85,688.27
2013-08,RO,9570.0,52.0,184.04,39.35,71806.9,1448.3,-,-,8.45,33.65,18.26,59.32,1.35,134.64,607.66,1.18,229.82,381.34,386.95,506.35,245.23,667.29,483.97,291.06,410.58,657.03
2013-09,RO,19380.0,52.0,372.69,40.53,148783.5,1785.3,-,-,69.17,34.27,21.48,69.15,1.16,131.99,579.85,1.07,252.87,331.3,288.85,420.98,314.95,620.93,426.83,289.63,403.47,656.43
2013-10,RO,4149.0,52.0,79.79,24.16,15292.7,183.7,-,-,192.04,32.51,22.34,79.46,0.76,122.27,548.77,1.01,247.94,324.78,263.74,406.45,270.26,620.85,594.39,311.9,455.48,694.44
2013-11,RO,875.0,42.0,20.83,18.9,2721.3,76.7,-,-,289.13,30.67,22.61,83.54,0.58,108.69,497.61,1.06,255.92,355.8,282.33,477.03,250.67,773.3,978.78,345.67,525.27,783.1
2013-12,RO,1171.0,47.0,24.91,18.02,3531.8,79.6,-,-,286.41,31.09,22.75,83.36,0.6,114.31,519.46,1.08,333.58,416.05,376.47,674.35,403.52,807.42,1159.68,341.98,556.73,832.49
2014-01,RO,101.0,26.0,3.88,16.38,327.7,37.0,-69.2,0.32,347.29,30.28,22.42,84.76,0.53,108.24,499.71,0.99,409.44,496.97,490.61,891.18,441.66,960.19,1461.56,374.47,645.05,903.6
2014-02,RO,47.0,15.0,3.13,19.59,254.7,51.5,-127.52,0.17,354.28,30.27,22.45,85.39,0.5,94.0,432.39,1.0,437.18,604.82,598.98,1074.25,514.2,1055.29,1730.3,414.09,774.23,1144.61
2014-03,RO,99.0,27.0,3.67,15.25,365.9,71.4,-80.69,0.47,310.53,30.65,22.78,84.89,0.53,105.39,486.33,0.99,441.21,681.94,658.26,1337.45,553.15,1261.89,1918.42,449.03,841.3,1005.42
2014-04,RO,162.0,31.0,5.23,17.29,605.0,42.0,-98.55,1.59,178.58,31.2,22.56,83.61,0.58,101.92,480.71,0.9,428.8,694.07,716.77,1485.83,545.45,1406.03,1868.25,395.97,679.4,908.42
2014-05,RO,214.0,37.0,5.78,16.32,603.7,68.7,-88.35,2.86,130.26,30.79,21.72,83.23,0.58,93.67,451.36,0.94,415.56,640.18,680.87,1420.55,477.39,1273.4,1675.18,366.71,596.45,816.9
2014-06,RO,1055.0,49.0,21.53,22.46,4581.4,170.0,-48.48,10.22,22.37,31.84,20.38,77.54,0.76,98.86,485.36,0.99,319.12,599.02,628.03,1287.3,391.17,1133.48,1422.97,321.3,488.08,731.07
2014-07,RO,1833.0,46.0,39.85,24.41,8594.0,215.4,-40.05,12.0,28.02,32.46,19.06,73.59,0.89,104.96,504.45,0.99,268.35,499.6,576.85,1068.34,290.21,975.47,1118.31,300.52,447.18,691.13
2014-08,RO,24613.0,51.0,482.61,59.81,257739.7,2803.3,-9.35,6.54,19.97,34.98,19.61,64.9,1.27,128.06,580.05,0.94,233.77,405.77,452.44,652.61,201.37,755.0,738.27,297.53,424.94,667.73
2014-09,RO,23163.0,52.0,445.44,40.71,184538.1,2136.2,-4.88,2.16,82.72,35.13,22.38,70.05,1.19,131.13,570.04,0.96,224.43,354.43,320.93,455.58,273.87,615.9,475.57,292.78,414.25,663.97
2014-10,RO,10517.0,52.0,202.25,41.58,64447.4,1024.3,-3.35,1.64,187.24,33.45,22.5,76.26,0.91,127.68,562.83,0.97,235.29,341.29,282.61,416.35,159.52,592.98,475.79,293.61,416.4,668.65
2014-11,RO,1570.0,52.0,30.19,20.38,5992.3,573.2,-14.35,1.19,322.64,31.58,22.88,81.14,0.69,111.64,499.92,0.98,318.89,384.28,310.54,432.49,171.58,630.35,572.08,342.58,526.02,783.32
2014-12,RO,605.0,39.0,15.51,23.77,4563.3,282.8,-26.33,1.46,320.02,31.05,22.85,82.1,0.64,113.16,510.41,1.01,412.75,497.82,414.24,558.19,343.48,779.21,975.19,392.05,692.37,929.06
2015-01,RO,262.0,40.0,6.55,21.51,752.9,98.4,-26.53,0.27,282.47,31.29,22.52,81.38,0.66,119.36,547.67,0.91,411.65,574.51,549.1,809.77,483.9,938.65,1400.15,367.1,644.82,871.72
2015-02,RO,179.0,29.0,6.17,21.87,721.7,150.1,-38.81,0.73,272.94,31.02,22.57,82.72,0.61,99.45,448.69,1.02,435.32,628.88,606.07,966.88,526.39,1013.23,1583.0,413.48,705.46,915.26
2015-03,RO,80.0,23.0,3.48,14.54,232.6,45.7,-174.72,0.23,361.94,31.01,22.97,83.62,0.59,105.31,479.62,0.93,440.66,679.98,670.05,1125.84,542.55,1062.94,1680.26,476.95,837.95,998.51
2015-04,RO,131.0,25.0,5.24,12.09,411.1,33.7,-76.03,0.51,211.42,31.58,22.95,83.16,0.61,98.01,454.22,0.83,441.02,663.35,687.8,1229.08,515.77,1089.98,1553.9,417.26,736.78,928.88
2015-05,RO,222.0,29.0,7.66,12.5,425.0,39.4,-121.12,1.26,184.33,30.92,22.17,82.86,0.6,91.52,433.78,0.91,436.0,650.64,679.56,1263.68,497.6,1107.49,1570.53,404.38,662.35,884.05
2015-06,RO,1269.0,48.0,26.44,19.38,4321.1,279.9,-62.99,10.94,18.35,32.17,20.19,75.2,0.84,99.51,486.85,0.93,351.07,560.17,637.18,1222.72,413.3,1075.32,1414.47,331.51,545.5,748.32
2015-07,RO,3953.0,50.0,79.06,35.76,23741.4,399.8,-24.13,12.44,13.56,33.24,19.67,69.42,1.07,108.97,501.47,1.0,284.48,452.43,541.13,1007.87,275.63,975.6,1135.08,317.38,462.62,702.12
2015-08,RO,37233.0,51.0,730.06,58.34,391842.4,1938.1,-10.99,6.86,23.05,36.11,20.46,58.93,1.58,129.64,534.3,1.06,241.74,372.56,383.77,609.43,168.74,814.35,801.98,307.16,426.24,678.71
2015-09,RO,53724.0,52.0,1033.15,56.96,529994.6,4018.9,-6.72,3.78,51.26,36.16,22.12,65.93,1.38,123.92,491.52,1.06,226.52,327.51,284.13,437.05,139.08,659.86,491.83,292.17,418.58,667.37
2015-10,RO,22939.0,52.0,441.13,42.74,175164.2,2227.2,-5.73,2.71,100.57,34.88,22.57,71.73,1.13,134.54,562.45,1.09,225.81,316.91,261.38,404.43,119.5,618.05,412.09,280.24,404.87,664.84
2015-11,RO,7587.0,52.0,145.9,28.73,39153.0,656.5,-18.65,3.15,157.85,34.08,22.98,75.07,0.98,135.26,591.04,1.02,274.02,345.52,277.83,409.18,158.68,643.87,578.43,301.1,436.02,684.78
2015-12,RO,2066.0,51.0,40.51,17.32,7067.7,134.8,-69.72,1.6,198.61,32.63,22.9,78.64,0.8,126.27,561.97,0.96,276.36,355.93,289.8,424.16,218.98,700.76,703.26,301.65,459.69,695.03
2016-01,RO,720.0,45.0,16.0,22.56,2572.2,230.2,-19.18,1.94,271.04,31.75,23.38,82.26,0.66,115.06,509.35,1.07,385.82,447.0,366.76,515.73,319.11,796.7,1012.03,336.46,582.2,774.4
2016-02,RO,493.0,42.0,11.74,15.7,1507.2,62.8,-40.29,1.46,277.6,32.26,23.29,81.71,0.69,115.74,524.63,0.91,425.32,593.07,507.71,753.62,419.21,898.84,1236.31,354.55,631.03,834.0
2016-03,RO,101.0,25.0,4.04,17.2,739.4,65.5,-88.93,0.74,347.61,31.5,23.39,83.62,0.6,107.24,485.95,0.88,438.38,670.31,621.94,967.21,450.71,992.73,1464.87,400.13,694.37,932.47
2016-04,RO,449.0,43.0,10.44,16.36,1962.6,59.1,-44.04,2.09,147.3,32.5,22.19,79.01,0.77,112.14,519.97,0.95,404.72,623.12,659.29,1094.48,474.07,1034.34,1348.08,352.22,561.2,827.97
2016-05,RO,574.0,43.0,13.35,19.85,1806.2,151.7,-62.02,6.07,56.7,31.77,21.26,80.67,0.67,97.76,467.67,0.89,317.38,522.81,609.94,1014.15,369.15,966.77,1142.21,324.07,481.54,732.87
2016-06,RO,1737.0,47.0,36.96,22.77,6991.9,298.6,-29.7,10.89,19.99,31.47,19.62,75.45,0.8,97.44,479.64,0.99,273.41,422.72,486.47,700.59,264.0,775.03,768.63,306.28,438.59,690.78
2016-07,RO,9676.0,50.0,193.52,43.3,71191.4,1218.2,-20.26,28.53,0.86,34.7,18.23,61.77,1.32,120.13,564.33,0.91,233.77,364.14,329.56,478.48,166.94,653.9,464.76,296.87,405.33,662.31
2016-08,RO,45011.0,52.0,865.6,55.96,420400.4,2341.1,-11.07,12.19,26.26,35.19,19.93,60.8,1.45,126.73,537.59,1.09,215.71,321.9,263.08,407.48,107.84,572.27,272.55,289.35,388.68,643.85
2016-09,RO,43258.0,52.0,831.88,51.97,398349.8,2451.6,-4.76,4.97,99.92,33.58,21.08,69.74,1.12,123.55,531.76,1.15,213.8,307.52,247.07,390.7,96.63,560.97,235.05,275.48,379.2,639.72
2016-10,RO,19445.0,52.0,373.94,47.34,151201.5,1911.0,-3.76,1.97,156.16,33.65,22.51,73.37,1.03,133.5,580.29,1.05,218.1,306.76,240.02,384.01,171.71,556.13,272.39,274.15,387.61,651.87
2016-11,RO,3595.0,51.0,70.49,35.4,21558.7,1089.2,-3.15,1.19,228.87,32.17,22.65,79.89,0.74,116.32,518.56,1.0,270.58,348.08,265.38,401.57,208.38,598.6,416.25,298.15,456.62,719.5
2016-12,RO,734.0,45.0,16.31,23.75,4155.8,137.1,-14.71,0.96,311.48,31.22,22.76,82.38,0.64,109.7,489.44,1.01,342.69,439.33,335.91,451.84,317.5,672.42,627.91,343.7,585.9,797.63
2017-01,RO,396.0,40.0,9.9,18.36,991.5,60.9,-25.03,0.0,309.99,31.01,22.45,82.47,0.62,112.6,513.28,0.92,425.55,614.72,444.97,580.85,505.92,803.6,1076.71,363.13,642.48,864.29
2017-02,RO,98.0,28.0,3.5,16.98,475.4,41.1,-50.84,0.0,269.07,30.55,22.55,84.29,0.55,91.34,409.75,1.0,433.82,641.29,506.48,776.77,582.61,886.93,1205.75,382.24,764.18,927.21
2017-03,RO,123.0,29.0,4.24,15.44,494.1,38.0,-48.63,0.0,304.07,31.75,22.79,83.3,0.61,103.76,465.45,0.89,440.8,722.07,554.69,975.75,558.87,979.05,1466.58,408.65,743.85,922.94
2017-04,RO,145.0,24.0,6.04,19.23,577.0,45.0,-130.72,0.0,188.0,31.62,22.55,82.45,0.63,97.25,445.18,0.92,439.13,753.0,676.67,1069.42,574.68,1021.77,1457.07,380.54,641.98,882.95
2017-05,RO,345.0,36.0,9.58,12.92,813.9,39.3,-11.02,0.0,106.88,32.16,22.42,80.75,0.7,96.04,449.41,0.81,338.1,614.52,661.44,1092.26,380.45,1026.37,1311.21,326.44,512.78,768.58
2017-06,RO,1755.0,49.0,35.82,19.06,5926.3,112.4,-33.37,0.0,17.76,32.06,19.51,73.03,0.9,96.06,460.1,0.93,284.4,513.31,607.34,952.2,284.55,1029.7,1089.45,315.31,455.06,705.17
2017-07,RO,12398.0,47.0,263.79,44.58,78007.2,2370.4,-24.95,0.0,0.78,33.19,17.64,60.06,1.3,113.55,504.42,1.09,239.77,413.02,474.29,655.1,238.9,766.68,683.95,302.0,419.48,665.19
2017-08,RO,45573.0,52.0,876.4,52.83,328625.2,1964.9,-5.23,0.0,37.4,35.53,21.02,63.12,1.42,120.37,503.0,0.97,222.39,346.91,322.34,451.13,116.61,624.87,385.05,289.9,398.58,647.65
2017-09,RO,53513.0,52.0,1029.1,48.57,336856.0,2586.2,-3.51,0.13,71.77,34.97,21.74,66.85,1.29,125.15,534.93,0.96,209.76,317.08,267.98,403.99,188.77,584.98,327.09,279.2,393.84,643.04
2017-10,RO,21028.0,52.0,404.38,45.17,122192.2,904.7,-2.69,0.0,144.65,33.23,22.12,75.81,0.91,131.81,582.58,1.08,228.5,312.81,250.87,389.48,182.39,556.13,266.69,277.31,392.96,655.4
2017-11,RO,2707.0,48.0,56.4,27.32,14836.1,588.4,-8.95,0.0,226.91,31.89,22.71,81.18,0.69,115.24,517.94,1.01,286.67,371.62,279.12,412.42,184.72,633.91,564.95,298.05,452.3,716.22
2017-12,RO,509.0,44.0,11.57,15.76,1307.7,61.0,-31.22,0.0,304.77,30.73,22.74,83.67,0.58,105.77,472.36,1.07,330.21,464.6,385.47,561.32,260.39,806.23,920.56,330.21,570.24,821.46
2018-01,RO,146.0,34.0,4.29,15.47,324.9,58.9,-6.8,0.0,293.4,30.93,22.34,83.14,0.59,110.99,503.8,1.01,438.45,611.02,547.6,857.08,434.9,964.23,1385.25,363.08,637.34,866.72
2018-02,RO,33.0,15.0,2.2,11.15,89.2,23.4,-121.02,0.0,279.89,30.08,22.72,84.16,0.55,91.57,409.84,1.13,440.77,672.11,676.21,1073.34,496.82,1043.73,1558.34,369.39,652.84,875.86
2018-03,RO,143.0,27.0,5.3,17.23,775.2,62.7,-146.64,0.0,262.72,31.03,22.81,83.0,0.61,107.7,489.29,1.01,433.77,681.42,714.3,1262.6,505.79,1109.5,1617.9,368.1,721.06,937.88
2018-04,RO,103.0,19.0,5.42,6.0,594.3,37.3,-116.18,0.0,189.57,31.1,22.51,82.63,0.62,99.14,463.66,0.92,439.05,656.32,705.3,1338.8,473.92,1164.78,1575.95,393.07,713.37,909.43
2018-05,RO,404.0,38.0,10.63,7.74,2718.1,123.1,-56.3,6.0,80.92,31.37,21.37,78.57,0.74,103.51,497.11,0.97,379.13,596.39,659.76,1304.55,425.1,1131.71,1346.32,333.03,591.26,781.73
2018-06,RO,2010.0,46.0,43.7,12.1,15874.9,790.2,-30.09,16.46,22.81,30.31,18.29,75.37,0.76,93.24,462.89,1.16,302.17,513.96,590.8,1151.15,370.78,981.9,1046.42,308.46,536.68,718.25
2018-07,RO,10358.0,50.0,207.16,16.95,97009.7,1203.5,-14.75,23.2,4.67,33.18,17.71,64.25,1.17,113.77,528.36,1.07,252.77,433.4,456.06,730.56,285.9,747.32,625.73,294.72,433.66,679.73
2018-08,RO,32098.0,50.0,641.96,19.03,336008.7,1180.6,-4.64,3.54,54.98,33.42,19.87,67.25,1.15,122.69,544.08,1.15,233.92,378.26,323.87,454.42,145.05,623.27,419.52,282.7,408.61,662.87
2018-09,RO,81312.0,52.0,1563.69,23.68,1060969.2,4172.2,-1.99,4.72,71.88,34.62,20.9,68.2,1.18,132.74,575.77,1.13,226.62,323.8,276.23,403.82,115.6,579.22,321.03,288.3,387.86,654.0
2018-10,RO,12780.0,52.0,245.77,16.42,142157.8,1201.8,-3.81,1.9,156.45,33.38,22.78,77.51,0.86,128.66,568.49,1.0,246.35,341.9,276.76,407.08,215.74,585.98,357.6,280.45,399.55,674.57
2018-11,RO,1431.0,49.0,29.2,12.27,14523.9,260.4,-8.86,0.96,289.03,31.86,23.04,81.8,0.67,112.3,500.98,1.01,299.22,395.13,337.98,482.48,258.0,712.02,762.3,329.71,521.13,742.03
2018-12,RO,312.0,40.0,7.8,11.7,3111.9,162.5,-76.76,1.31,341.64,30.46,22.46,83.28,0.59,109.3,496.92,1.02,400.9,590.06,635.56,777.02,529.94,894.26,1252.48,393.98,700.6,927.77
2019-01,RO,318.0,37.0,8.59,12.09,2236.4,259.8,-40.77,0.94,334.65,30.88,22.59,83.26,0.59,112.64,512.73,1.0,415.86,606.17,735.34,1008.29,570.03,997.15,1413.06,374.47,805.45,956.82
2019-02,RO,144.0,31.0,4.65,7.23,708.3,25.4,-34.65,0.4,357.12,30.96,22.93,84.09,0.57,97.58,440.81,0.98,443.17,650.94,651.86,1146.77,554.7,1059.16,1613.84,402.2,753.12,1025.51
2019-03,RO,161.0,32.0,5.03,7.71,864.0,37.9,-111.67,0.61,281.08,31.79,23.06,83.07,0.62,114.58,524.36,0.95,444.19,687.19,697.83,1242.34,519.5,1093.1,1693.1,407.68,750.58,934.63
2019-04,RO,185.0,38.0,4.87,7.63,1075.7,61.0,-97.03,1.94,179.93,31.38,22.87,83.47,0.6,98.48,457.84,0.84,442.95,678.87,702.73,1290.83,543.07,1119.83,1574.72,397.43,759.3,902.52
2019-05,RO,840.0,46.0,18.26,7.75,3961.8,115.6,-35.19,5.19,71.82,31.74,21.58,78.96,0.74,102.2,498.11,0.81,374.45,613.67,681.44,1292.39,422.61,1116.52,1394.89,345.99,585.81,793.27
2019-06,RO,2605.0,52.0,50.1,10.45,13983.1,303.0,-25.39,8.21,16.13,33.12,20.47,72.63,0.97,102.51,496.31,0.85,291.51,518.34,614.23,1168.97,307.55,1019.57,1138.24,311.77,456.63,710.07
2019-07,RO,12048.0,51.0,236.24,19.12,119300.2,1311.7,-15.52,12.8,7.46,33.82,18.59,66.12,1.15,110.93,535.77,0.82,246.98,394.13,483.72,770.02,205.24,781.23,709.21,299.65,466.9,681.0
2019-08,RO,136984.0,52.0,2634.31,25.65,1368096.7,5270.4,-3.59,21.62,32.75,34.91,19.4,59.11,1.46,127.85,534.96,1.09,228.61,362.58,332.34,482.1,120.16,666.94,423.81,290.98,405.36,660.41
2019-09,RO,73077.0,52.0,1405.33,22.11,686178.4,2196.9,-2.22,2.32,57.26,36.24,22.65,65.65,1.43,133.19,549.31,1.01,218.57,333.43,283.4,415.21,104.75,578.27,252.08,271.34,397.63,647.85
2019-10,RO,14566.0,52.0,280.12,16.35,106768.4,682.0,-10.32,1.29,193.45,32.7,22.15,78.86,0.78,120.43,538.03,0.92,239.92,330.53,272.32,402.4,139.98,571.98,351.34,299.6,390.26,676.73
2019-11,RO,3911.0,50.0,78.22,13.85,32061.1,421.7,-8.06,1.76,236.44,31.92,22.78,81.91,0.66,115.08,522.76,0.89,262.72,354.47,291.74,429.8,189.63,605.8,512.03,312.14,431.61,738.05
2019-12,RO,656.0,43.0,15.26,10.84,4434.7,318.2,-25.83,0.74,314.84,31.69,23.05,83.0,0.62,114.63,518.28,0.9,353.51,424.6,387.85,629.19,422.29,769.23,976.86,340.44,477.98,793.53
2020-01,RO,427.0,40.0,10.68,9.44,2767.2,99.6,-30.32,0.91,299.88,31.86,23.15,82.2,0.66,121.19,545.84,1.05,387.53,598.61,562.38,903.47,555.03,943.63,1355.5,344.29,521.9,848.63
2020-02,RO,147.0,29.0,5.07,12.04,1288.2,92.2,-40.75,0.29,366.06,31.2,23.19,83.99,0.59,101.65,455.25,1.01,402.05,598.84,636.2,1026.09,585.42,1002.9,1469.04,396.06,678.37,922.97
2020-03,RO,265.0,29.0,9.14,10.54,1729.1,49.7,-75.25,1.46,268.21,31.42,23.17,83.64,0.6,103.19,469.37,0.76,383.29,634.11,671.2,1122.81,587.56,1040.81,1459.45,407.41,684.71,918.87
2020-04,RO,352.0,40.0,8.8,7.82,1821.1,55.2,-56.52,2.28,146.4,31.97,22.88,81.08,0.69,102.56,475.86,0.81,335.42,582.53,668.6,1163.58,596.15,1019.87,1413.38,366.78,603.88,867.59
2020-05,RO,1039.0,47.0,22.11,6.72,3824.5,282.1,-13.02,4.07,107.46,30.98,20.63,78.24,0.73,96.28,466.47,0.88,290.92,473.42,605.16,1044.16,525.4,921.48,1091.73,330.61,516.23,766.12
2020-06,RO,3069.0,50.0,61.38,7.32,10100.6,117.0,-12.03,9.63,12.2,32.51,20.67,74.48,0.89,97.3,461.62,0.93,248.65,398.57,497.02,769.6,415.77,772.53,755.68,306.08,450.32,701.25
2020-07,RO,7485.0,48.0,155.94,12.65,43685.0,387.1,-12.06,14.23,6.0,33.81,19.68,65.79,1.2,115.03,530.67,0.97,216.58,340.1,343.16,513.6,305.17,671.62,598.22,295.5,474.59,668.06
2020-08,RO,82289.0,50.0,1645.78,25.29,730225.9,4034.7,-3.82,23.24,10.17,35.03,19.7,57.39,1.58,130.48,540.17,1.16,196.85,305.94,266.47,407.68,228.05,619.42,365.9,291.05,426.21,645.9
2020-09,RO,86505.0,52.0,1663.56,20.53,704383.4,2333.7,-5.06,6.3,44.58,36.04,22.35,59.89,1.64,128.45,497.52,1.09,189.96,293.73,238.65,370.67,196.84,634.67,314.73,268.67,398.18,630.0
2020-10,RO,54994.0,52.0,1057.58,20.62,440251.0,2719.3,-5.75,1.9,122.78,34.45,22.73,70.25,1.18,134.01,555.24,1.12,200.45,295.81,230.8,358.48,182.8,555.02,191.89,274.0,390.0,643.19
2020-11,RO,18617.0,52.0,358.02,11.36,122095.6,710.4,-7.51,2.67,124.75,33.58,23.04,73.86,1.02,129.65,571.53,0.92,200.73,300.53,238.43,382.16,185.68,553.42,269.43,278.48,431.35,662.85
2020-12,RO,2832.0,50.0,56.64,13.02,25985.6,985.0,-7.71,1.14,278.19,31.63,22.76,80.57,0.71,118.58,535.3,0.94,255.81,325.05,270.94,460.96,128.84,641.73,631.17,290.98,478.16,733.65
2021-01,RO,686.0,46.0,14.91,10.17,5949.3,168.4,-26.14,0.59,310.92,31.19,22.72,81.92,0.65,117.72,536.91,0.96,319.04,423.34,407.1,730.29,347.69,829.06,1184.46,317.69,521.48,830.03
2021-02,RO,112.0,23.0,4.87,8.1,639.7,40.2,-258.65,0.21,291.43,30.88,22.91,83.14,0.6,98.18,439.28,1.09,361.87,511.18,550.48,931.39,532.05,990.95,1469.11,346.62,672.48,926.48
2021-03,RO,122.0,30.0,4.07,7.57,885.2,29.3,-57.27,0.69,313.25,30.91,22.48,83.03,0.6,108.7,499.59,1.01,425.66,613.02,610.29,1060.79,531.98,1057.5,1557.21,387.06,712.53,966.21
2021-04,RO,307.0,35.0,8.77,5.94,1592.3,141.7,-29.14,1.71,180.56,31.73,22.53,81.44,0.67,107.66,502.99,0.99,379.35,617.27,650.04,1179.6,517.32,1082.68,1560.05,350.17,603.78,871.52
2021-05,RO,1642.0,48.0,34.21,6.65,9493.6,98.8,-20.83,4.13,54.07,31.27,21.05,77.67,0.76,101.46,485.58,1.02,279.78,558.9,627.98,1165.4,411.03,1055.5,1263.19,304.32,483.4,734.46
2021-06,RO,3942.0,47.0,83.87,7.09,18955.1,418.3,-10.46,8.72,10.27,30.96,19.79,75.04,0.81,92.37,437.25,1.09,225.8,419.62,544.95,937.86,302.98,904.68,1036.27,293.18,442.46,687.15
2021-07,RO,19927.0,52.0,383.21,14.36,164173.7,1133.8,-14.84,27.68,1.19,32.95,17.91,57.77,1.37,122.82,568.73,1.14,201.63,346.24,357.31,561.69,197.1,716.97,658.48,290.56,405.52,660.86
2021-08,RO,146234.0,49.0,2984.37,20.78,1598880.4,4791.0,-0.76,48.8,5.26,35.45,20.7,54.25,1.74,141.46,588.04,1.17,184.43,304.56,270.1,416.94,114.15,594.69,313.28,268.23,388.62,633.84
2021-09,RO,70712.0,52.0,1359.85,17.78,750977.3,2699.4,-1.03,2.35,74.33,34.79,22.67,67.94,1.28,136.51,579.9,1.13,181.64,280.7,236.18,378.74,88.62,589.24,234.71,266.08,383.82,638.49
2021-10,RO,50759.0,52.0,976.13,17.15,546051.7,3562.1,-2.29,2.97,128.42,33.45,23.15,75.74,0.95,136.88,591.74,1.19,178.87,268.63,222.45,364.19,81.47,576.64,225.52,274.16,386.15,647.88
2021-11,RO,3201.0,49.0,65.33,15.53,31632.2,1291.4,-3.91,1.37,339.39,31.28,22.86,84.23,0.57,109.69,496.35,1.1,218.73,343.18,268.42,427.87,146.78,621.51,456.11,331.49,516.13,762.37
2021-12,RO,374.0,35.0,10.69,7.87,2243.3,61.0,-37.29,0.59,330.73,31.23,23.34,85.79,0.52,107.89,486.19,1.09,281.77,469.98,431.19,711.39,340.38,819.56,974.68,379.53,714.58,902.1
2022-01,RO,1891.0,46.0,41.11,8.78,13270.8,238.8,-9.82,2.4,273.55,31.41,22.8,82.71,0.63,118.06,531.24,1.22,308.19,520.97,584.71,902.35,405.93,927.79,1064.57,346.69,801.55,865.31
2022-02,RO,171.0,25.0,6.84,8.64,1373.6,110.4,-40.87,0.29,338.68,30.77,22.69,84.7,0.54,98.33,441.6,1.32,420.43,667.5,620.5,976.48,517.93,935.78,1279.16,420.96,790.32,1033.35
2022-03,RO,114.0,22.0,5.18,8.97,878.9,82.9,-78.86,0.24,368.02,30.85,22.72,85.12,0.53,106.54,486.38,1.23,412.1,691.65,687.67,1137.12,539.03,982.64,1391.69,432.99,741.96,1040.81
2022-04,RO,571.0,42.0,13.6,6.37,3471.1,71.2,-13.73,3.3,110.97,31.95,22.57,79.48,0.75,116.67,537.58,1.26,345.16,631.73,688.8,1261.56,495.69,1016.41,1359.48,349.58,573.62,831.91
2022-05,RO,2653.0,49.0,54.14,7.04,14957.8,192.4,-12.18,7.38,59.31,31.57,19.85,71.18,0.94,111.04,516.97,1.22,248.23,483.83,617.84,1109.32,393.6,916.69,970.84,314.58,506.75,738.4
2022-06,RO,2708.0,49.0,55.27,6.31,14403.5,238.9,-10.69,8.85,39.31,31.08,19.42,74.3,0.83,94.15,445.61,1.15,240.69,401.6,494.02,786.59,285.56,757.07,737.35,299.92,462.18,708.92
2022-07,RO,10965.0,48.0,228.44,14.82,107217.3,1571.3,-18.28,16.67,4.07,33.88,19.63,64.15,1.26,120.01,560.61,0.99,199.06,345.56,349.44,525.89,182.37,641.68,379.58,295.78,466.23,671.68
2022-08,RO,81149.0,50.0,1622.98,37.83,1826951.6,5390.0,-1.52,-1.01,45.37,33.5,19.92,65.66,1.21,126.49,554.67,1.21,186.82,305.94,271.1,412.81,121.79,597.81,337.56,278.25,394.98,653.57
2022-09,RO,123337.0,52.0,2371.87,45.59,5554480.9,5336.2,-1.34,4.03,82.03,34.56,21.14,67.54,1.22,131.27,545.13,1.22,177.94,278.62,237.89,366.4,88.29,544.5,211.36,265.71,379.15,644.51
2022-10,RO,20822.0,52.0,400.42,37.0,759895.1,3035.6,-1.96,1.03,175.42,32.73,21.94,79.1,0.77,122.54,539.75,1.11,200.47,296.94,244.9,358.13,97.79,565.89,291.5,286.37,429.71,681.18
2022-11,RO,44494.0,52.0,855.65,40.11,1771690.7,1258.4,-1.52,3.91,149.21,32.43,20.76,74.74,0.88,133.96,617.27,1.04,187.95,381.95,263.92,399.58,131.59,592.48,398.52,284.28,399.68,692.84
2022-12,RO,1836.0,47.0,39.06,23.23,42612.0,408.5,-57.09,2.31,244.12,30.85,22.19,84.71,0.53,114.34,533.98,0.88,313.8,475.85,294.19,434.95,317.91,614.94,586.22,337.06,549.56,782.38
2023-01,RO,710.0,43.0,16.51,18.96,13365.2,285.5,-8.4,1.15,267.35,30.31,21.9,85.44,0.5,112.84,535.02,0.84,372.32,593.36,417.27,556.73,398.03,766.69,946.34,345.45,618.23,801.85
2023-02,RO,179.0,34.0,5.26,10.52,1882.6,93.8,-39.07,0.15,249.37,30.81,22.1,85.38,0.51,102.41,484.2,0.72,391.09,645.66,564.66,739.71,464.32,895.8,1226.15,360.13,649.36,853.8
2023-03,RO,288.0,36.0,8.0,22.61,6488.0,186.0,-20.81,0.51,352.25,30.81,22.18,86.22,0.48,109.63,523.26,0.75,403.43,657.21,633.55,915.29,559.81,981.14,1365.86,350.39,702.95,915.1
2023-04,RO,147.0,30.0,4.9,7.6,1117.5,63.5,-81.54,0.99,221.06,31.33,22.26,85.6,0.51,103.03,501.04,0.64,396.79,676.38,675.99,1180.43,486.37,1057.67,1499.27,369.61,649.68,927.83
2023-05,RO,740.0,40.0,18.5,7.43,5392.0,111.8,-9.26,6.02,84.5,31.83,21.9,81.29,0.66,100.19,489.72,0.73,306.4,607.84,656.47,1168.15,450.31,1000.58,1205.94,326.77,494.32,772.21
2023-06,RO,2283.0,40.0,57.08,25.16,56695.2,350.8,-16.05,9.48,39.5,31.58,19.43,74.94,0.83,97.11,474.55,1.0,248.1,494.57,601.03,956.18,310.82,869.15,908.0,300.73,463.04,710.7
2023-07,RO,10869.0,50.0,217.38,38.56,408647.8,565.2,-10.77,30.85,1.01,34.65,18.95,64.48,1.25,122.5,578.79,0.95,204.18,390.39,458.97,652.53,165.69,727.85,567.85,291.06,427.02,672.57
2023-08,RO,50092.0,49.0,1022.29,57.95,2832261.8,1916.5,-1.68,8.59,43.8,35.36,21.71,65.71,1.35,126.8,550.66,0.97,187.88,328.47,306.95,450.97,145.89,614.17,348.32,283.58,405.26,654.13
2023-09,RO,80977.0,52.0,1557.25,62.81,4935934.4,1912.1,-1.24,3.01,89.38,35.99,23.08,68.64,1.3,137.77,582.27,1.05,197.74,305.92,261.29,396.79,109.41,562.28,170.22,273.4,422.57,648.0
2023-10,RO,40427.0,51.0,792.69,49.67,1970401.2,1383.4,-3.2,2.27,90.58,35.62,23.66,70.5,1.24,143.77,599.82,1.07,192.3,292.53,245.15,377.19,86.71,549.34,144.85,264.12,400.58,640.05
2023-11,RO,39356.0,52.0,756.85,53.48,2051015.3,6950.4,-4.11,3.32,153.13,34.37,23.65,73.74,1.07,135.94,580.89,1.04,192.98,278.82,229.35,367.72,87.88,563.02,244.14,272.52,381.27,649.32
2023-12,RO,2708.0,49.0,55.27,29.62,79147.2,483.2,-6.22,0.98,218.48,33.24,23.59,78.8,0.82,132.96,590.96,0.97,207.73,302.19,253.94,406.1,129.1,626.23,689.73,296.27,398.61,691.37
2024-01,RO,789.0,41.0,19.24,17.74,13573.7,313.2,-25.26,1.39,321.55,31.94,23.46,82.46,0.66,118.4,528.85,1.04,299.84,367.18,335.66,467.53,346.32,740.27,827.52,316.27,527.27,798.18
2024-02,RO,258.0,37.0,6.97,10.33,2666.2,98.2,-42.57,0.76,334.49,31.86,23.2,82.31,0.66,107.57,479.8,1.02,313.02,432.83,444.28,645.62,426.69,815.01,1098.03,330.56,700.07,855.65
2024-03,RO,306.0,37.0,8.27,8.0,2423.5,50.9,-16.32,0.44,144.28,33.3,23.84,81.09,0.74,80.87,362.12,0.91,334.65,495.69,531.1,812.1,490.65,918.45,1364.48,309.57,667.17,854.84
2024-04,RO,328.0,38.0,8.63,6.66,2172.0,60.8,-27.38,1.44,144.28,33.3,23.84,81.09,0.74,80.87,362.12,0.91,336.66,595.98,606.66,820.77,450.31,893.8,1177.37,324.1,592.7,886.22
2024-05,RO,1119.0,38.0,29.45,5.54,6102.6,121.9,-10.26,5.66,144.28,33.3,23.84,81.09,0.74,80.87,362.12,0.91,235.67,530.29,598.06,814.67,352.2,891.77,924.67,294.24,513.66,720.89
2024-06,RO,4266.0,47.0,90.77,18.44,77134.5,332.0,-26.06,15.67,144.28,33.3,23.84,81.09,0.74,80.87,362.12,0.91,195.2,373.2,458.32,616.77,213.39,728.4,605.72,277.24,415.21,673.22
2024-07,RO,42794.0,49.0,873.35,45.86,1908125.8,2571.6,-6.71,25.38,144.28,33.3,23.84,81.09,0.74,80.87,362.12,0.91,174.89,298.4,289.4,428.9,128.03,622.61,332.78,262.23,372.69,642.15
2024-08,RO,167940.0,49.0,3427.35,33.94,5479413.3,2989.5,-2.49,30.96,-,-,-,-,-,-,-,-,163.92,268.52,235.67,374.73,86.23,573.45,200.03,251.24,350.38,621.05
2024-09,RO,95581.0,50.0,1911.62,23.97,2180786.9,1972.7,-1.04,23.43,-,-,-,-,-,-,-,-,162.78,255.5,215.37,350.15,66.98,529.37,65.97,243.47,347.02,610.97
2024-10,RO,49564.0,52.0,953.15,31.85,1502650.6,2180.7,-3.66,2.06,-,-,-,-,-,-,-,-,174.4,265.23,213.74,345.31,61.56,514.68,55.96,258.56,373.18,633.68
2024-11,RO,2620.0,48.0,54.58,12.39,31972.0,225.8,-6.37,0.61,-,-,-,-,-,-,-,-,223.94,307.97,250.52,381.22,202.35,563.35,288.15,294.37,467.6,722.53
2024-12,RO,1190.0,46.0,25.87,14.27,16713.7,183.1,-2.38,0.61,-,-,-,-,-,-,-,-,314.81,390.94,335.9,504.03,343.05,751.87,793.94,318.85,545.86,781.08
