Data,UF,Total_Focos,Qtd_Municipios_Com_Fogo,Media_Focos_Mun_Com_Fogo,FRP_Medio,FRP_Soma,FRP_Maximo,Risco_Fogo_Medio,Dias_Secos_Medio,Precipitacao_Media_Local_Fogo,Precipitacao_Media,Temp_Max_Media,Temp_Min_Media,Umidade_Relativa_Media,VPD_Medio,Evapotranspiracao_Media,Radiacao_Solar_Media,Velocidade_Vento_Media,PONTE_CACIPORE_30055000,COOPERATIVA_1._BRAÃ‡O_30058000,CUNANI_30070000,TARTARUGAL_GRANDE_30075000,CAPIVARA_30080000,SERRA_DO_NAVIO_30300000
2000-01,AP,6.0,1.0,6.0,-,0.0,-,-,-,-,-,-,-,-,-,-,-,-,489.13,425.19,366.71,392.58,451.56,456.42
2000-02,AP,0.0,0.0,5.36,-,0.0,-,-,-,-,-,-,-,-,-,-,-,-,584.21,461.0,399.38,447.45,540.1,519.86
2000-03,AP,0.0,0.0,4.71,-,0.0,-,-,-,-,-,-,-,-,-,-,-,-,769.77,490.52,496.1,554.68,758.47,650.32
2000-04,AP,0.0,0.0,4.07,-,0.0,-,-,-,-,-,-,-,-,-,-,-,-,872.77,557.83,515.83,577.4,804.87,782.4
2000-05,AP,0.0,0.0,3.43,-,0.0,-,-,-,-,-,-,-,-,-,-,-,-,941.97,588.74,525.58,569.26,856.42,809.81
2000-06,AP,0.0,0.0,-,-,-,-,-,-,-,-,-,-,-,-,-,-,-,671.27,476.1,420.08,519.6,688.83,681.52
2000-07,AP,0.0,0.0,-,-,-,-,-,-,-,-,-,-,-,-,-,-,-,540.65,435.65,375.87,474.26,581.97,614.45
2000-08,AP,3.0,2.0,1.5,-,0.0,-,-,-,-,-,-,-,-,-,-,-,-,445.03,400.52,333.31,422.13,497.42,532.27
2000-09,AP,19.0,7.0,2.71,-,0.0,-,-,-,-,-,-,-,-,-,-,-,-,383.75,378.45,300.83,382.28,355.7,475.68
2000-10,AP,46.0,10.0,4.6,-,0.0,-,-,-,-,-,-,-,-,-,-,-,-,342.0,359.68,275.52,353.37,388.02,483.0
2000-11,AP,474.0,15.0,31.6,24.99,7421.7,268.1,-,-,-,-,-,-,-,-,-,-,-,220.23,346.95,246.5,345.3,346.75,416.58
2000-12,AP,109.0,12.0,9.08,16.57,1192.9,58.9,-,-,-,-,-,-,-,-,-,-,-,346.05,360.05,283.76,339.69,343.61,422.71
2001-01,AP,0.0,0.0,6.39,12.65,796.87,40.87,-,-,-,484.77,29.37,22.58,88.12,0.4,97.42,468.73,1.18,556.42,446.1,378.58,450.81,474.92,496.6
2001-02,AP,0.0,0.0,3.69,8.72,400.83,22.83,-,-,-,435.52,29.16,22.46,88.67,0.38,88.31,424.78,1.07,620.07,462.41,421.29,515.79,634.07,651.11
2001-03,AP,1.0,1.0,1.0,4.8,4.8,4.8,-,-,-,372.75,29.94,23.12,87.47,0.44,103.84,489.34,1.2,607.32,453.08,416.05,531.4,672.45,616.94
2001-04,AP,0.0,0.0,1.0,11.95,21.5,18.25,-,-,-,458.42,29.9,23.26,88.52,0.4,94.35,446.28,0.98,795.35,502.82,484.98,576.55,727.95,671.0
2001-05,AP,2.0,2.0,1.0,19.1,38.2,31.7,-,-,-,365.29,31.1,23.67,85.29,0.54,117.23,558.17,1.2,908.73,560.52,503.11,549.11,741.81,651.21
2001-06,AP,0.0,0.0,1.16,14.32,33.4,22.1,-,-,-,284.24,30.63,23.0,86.15,0.49,105.87,514.59,1.11,676.63,473.73,417.97,505.23,641.58,629.98
2001-07,AP,4.0,3.0,1.33,9.53,28.6,12.5,-,-,-,156.83,31.53,23.24,82.08,0.65,128.86,619.17,1.31,534.05,429.29,365.35,489.88,546.68,567.26
2001-08,AP,26.0,7.0,3.71,10.68,138.9,24.1,-,-,-,74.24,32.56,23.72,78.14,0.84,152.52,706.17,1.64,456.27,407.52,334.05,431.13,493.08,522.02
2001-09,AP,193.0,11.0,17.55,21.62,1859.2,88.4,-,-,-,36.05,32.84,23.65,76.17,0.91,152.55,683.71,1.81,381.15,374.98,295.28,383.6,404.48,481.5
2001-10,AP,456.0,16.0,28.5,27.23,6643.1,285.5,-,-,-,40.12,32.82,23.58,75.62,0.93,157.17,694.16,1.96,340.13,348.29,272.81,345.19,359.94,465.89
2001-11,AP,1214.0,16.0,75.88,24.04,18651.7,519.1,-,-,-,32.34,32.85,23.74,74.4,0.98,148.52,646.18,1.97,319.53,342.6,251.83,331.49,352.81,447.13
2001-12,AP,1502.0,15.0,100.13,24.27,20754.6,426.8,-,-,-,74.59,32.6,24.2,76.81,0.9,145.77,613.49,2.43,307.9,333.0,248.9,310.68,317.67,389.79
2002-01,AP,14.0,4.0,3.5,13.84,96.9,23.2,-,-,-,353.06,30.61,23.02,85.17,0.53,108.83,504.29,1.51,413.22,383.81,330.58,366.75,380.69,461.23
2002-02,AP,2.0,2.0,1.0,17.02,0.0,25.48,-,-,-,434.35,30.42,22.95,86.42,0.48,100.18,468.11,1.62,597.88,439.86,443.79,464.47,509.77,593.02
2002-03,AP,0.0,0.0,1.08,20.2,17.7,27.75,-,-,-,488.31,30.31,22.98,87.98,0.42,102.6,477.02,1.34,607.87,445.06,423.05,582.94,636.69,659.89
2002-04,AP,0.0,0.0,1.17,23.38,35.4,30.02,-,-,-,511.19,30.53,23.2,87.9,0.43,99.57,465.74,1.28,653.61,485.32,441.64,585.48,724.02,748.17
2002-05,AP,5.0,4.0,1.25,26.55,53.1,32.3,-,-,-,414.07,30.82,23.58,86.37,0.5,110.5,521.38,1.37,749.31,498.77,459.05,560.95,747.9,710.14
2002-06,AP,1.0,1.0,1.0,32.5,32.5,32.5,-,-,-,290.57,31.51,23.08,84.35,0.57,113.8,542.6,1.28,632.99,480.24,404.97,521.41,622.66,645.7
2002-07,AP,4.0,3.0,1.33,16.03,48.1,22.0,-,-,-,102.48,31.73,23.55,81.29,0.69,134.58,633.74,1.64,495.84,428.18,353.85,435.73,515.85,568.27
2002-08,AP,30.0,10.0,3.0,20.28,507.1,34.1,-,-,-,77.97,32.27,23.56,79.02,0.79,150.37,693.0,1.88,426.88,399.03,319.57,415.06,454.43,509.37
2002-09,AP,299.0,15.0,19.93,21.78,5074.1,93.0,-,-,-,38.48,33.08,23.46,75.6,0.94,159.35,698.58,2.23,367.04,369.68,387.01,367.15,378.45,450.91
2002-10,AP,1237.0,16.0,77.31,35.6,36026.0,629.8,-,-,-,14.26,32.67,23.23,75.61,0.92,160.66,695.58,2.45,323.0,348.2,360.8,326.51,330.65,407.19
2002-11,AP,3192.0,16.0,199.5,41.25,96402.9,2356.3,-,-,-,48.06,32.97,23.51,75.96,0.92,149.2,647.45,2.18,308.73,335.18,251.63,318.78,317.63,394.95
2002-12,AP,670.0,16.0,41.88,25.55,12930.4,378.3,-,-,-,266.39,31.68,23.62,81.38,0.69,121.97,533.59,1.97,383.77,368.32,346.76,344.11,346.84,435.65
2003-01,AP,63.0,9.0,7.0,35.58,1672.2,353.4,-,-,-,342.41,31.07,23.28,81.72,0.66,125.38,564.8,1.98,412.56,387.89,426.1,392.37,403.23,478.66
2003-02,AP,0.0,0.0,4.38,30.61,925.85,240.45,-,-,-,544.12,29.3,22.86,89.09,0.37,82.25,385.11,1.32,481.68,397.45,401.04,500.25,563.27,589.23
2003-03,AP,7.0,4.0,1.75,25.64,179.5,127.5,-,-,-,258.01,30.1,22.97,86.52,0.47,102.59,472.02,1.43,428.18,383.87,350.05,521.16,562.05,590.52
2003-04,AP,3.0,2.0,1.5,11.13,33.4,17.3,-,-,-,530.58,30.46,23.25,86.83,0.47,103.07,484.53,1.18,589.78,443.8,426.52,546.55,648.53,640.6
2003-05,AP,1.0,1.0,1.0,6.7,6.7,6.7,-,-,-,387.19,31.24,23.42,84.4,0.57,112.28,522.0,1.3,784.89,513.45,461.61,594.73,724.71,703.29
2003-06,AP,3.0,2.0,1.5,29.73,89.2,42.4,-,-,-,196.3,31.42,23.21,82.63,0.63,115.43,547.13,1.27,581.01,452.35,413.57,487.95,592.6,620.7
2003-07,AP,2.0,2.0,1.0,7.65,15.3,7.7,-,-,-,241.63,31.6,22.82,81.33,0.68,127.18,606.78,1.3,511.86,421.92,373.1,455.77,530.23,582.88
2003-08,AP,33.0,9.0,3.67,14.76,354.2,28.5,-,-,-,69.84,32.54,23.48,77.94,0.83,149.51,683.96,1.72,429.42,392.69,327.66,429.47,465.54,524.91
2003-09,AP,263.0,15.0,17.53,27.52,5559.9,174.4,-,-,-,62.35,32.88,23.61,76.53,0.9,150.76,674.17,1.79,369.99,373.52,297.48,373.58,397.03,469.33
2003-10,AP,1147.0,16.0,71.69,38.98,29935.7,1077.1,-,-,-,37.21,32.65,23.59,76.03,0.91,149.5,660.43,1.76,338.44,354.5,278.11,337.65,354.87,429.53
2003-11,AP,2501.0,16.0,156.31,38.46,64298.8,1604.5,-,-,-,43.71,32.99,23.79,76.14,0.92,142.44,617.33,1.92,314.37,342.97,255.87,329.9,335.89,432.4
2003-12,AP,2104.0,16.0,131.5,33.37,41585.1,562.9,-,-,-,139.77,32.3,23.54,78.63,0.81,136.1,609.5,1.7,323.31,346.7,269.1,335.53,330.03,421.06
2004-01,AP,116.0,14.0,8.29,18.26,1625.1,100.7,-,-,-,222.62,30.98,23.25,82.54,0.63,114.72,527.56,1.31,366.11,376.6,292.16,367.16,377.77,438.16
2004-02,AP,4.0,2.0,2.0,12.1,12.1,12.1,-,-,-,415.47,29.34,22.96,89.19,0.37,85.88,405.94,1.07,431.71,393.9,337.93,426.6,427.02,482.22
2004-03,AP,2.0,2.0,1.0,11.22,0.0,13.0,-,-,-,545.0,29.98,23.11,88.17,0.41,100.37,470.16,1.19,646.56,495.97,434.94,496.26,609.05,593.99
2004-04,AP,2.0,2.0,1.0,10.35,20.7,13.9,-,-,-,406.87,31.04,23.34,86.17,0.5,107.32,502.61,1.1,650.52,484.95,413.82,499.82,676.42,636.33
2004-05,AP,1.0,1.0,1.0,9.7,9.7,9.7,-,-,-,379.74,31.46,23.44,83.93,0.59,115.12,532.46,1.34,732.4,512.82,453.85,527.74,697.23,656.19
2004-06,AP,8.0,4.0,2.0,11.0,77.0,20.9,-,-,-,266.48,31.51,22.77,82.08,0.65,119.35,564.32,1.46,611.2,462.96,399.69,482.5,572.02,556.95
2004-07,AP,6.0,4.0,1.5,22.9,114.5,78.7,-,-,-,209.13,31.52,22.65,81.96,0.65,123.64,585.73,1.36,526.08,439.31,381.23,434.95,515.27,524.06
2004-08,AP,21.0,9.0,2.33,18.63,372.6,45.9,-,-,-,95.55,32.03,23.23,79.34,0.77,145.8,679.26,1.7,447.44,409.94,332.4,411.81,475.16,616.24
2004-09,AP,275.0,12.0,22.92,25.27,4751.7,124.6,-,-,-,47.6,32.64,23.97,76.4,0.91,155.96,698.08,2.0,380.52,377.42,297.18,374.93,389.32,443.38
2004-10,AP,1165.0,16.0,72.81,31.74,24630.8,284.3,-,-,-,39.2,33.05,23.94,74.41,1.0,164.22,708.5,2.24,333.19,355.64,266.76,336.42,349.66,417.79
2004-11,AP,2915.0,16.0,182.19,33.23,66858.1,1579.2,-,-,-,15.74,33.09,23.83,73.39,1.03,156.51,663.71,2.32,308.34,343.08,249.03,308.39,316.69,436.9
2004-12,AP,3683.0,16.0,230.19,31.17,74445.8,1618.8,-,-,-,61.34,32.68,23.88,75.96,0.93,138.6,580.4,2.0,284.82,333.94,234.06,296.85,298.45,361.66
2005-01,AP,555.0,15.0,37.0,19.58,7872.1,239.2,-,-,-,217.31,31.78,24.04,80.53,0.74,130.47,584.99,1.68,333.58,360.94,266.9,389.61,320.44,370.1
2005-02,AP,5.0,4.0,1.25,10.5,31.5,15.5,-,-,-,387.06,30.58,23.83,86.31,0.5,97.5,448.95,1.39,455.24,438.67,344.32,410.27,420.04,477.09
2005-03,AP,7.0,4.0,1.75,6.43,19.3,9.0,-,-,-,456.27,30.44,23.77,87.07,0.47,102.53,470.28,1.23,643.6,471.67,430.61,508.63,553.65,556.9
2005-04,AP,0.0,0.0,1.88,14.32,20.75,15.6,-,-,-,561.08,30.84,23.98,86.19,0.51,105.74,489.2,1.23,888.82,540.59,519.57,614.32,715.37,661.78
2005-05,AP,4.0,2.0,2.0,22.2,22.2,22.2,-,-,-,358.0,30.9,24.13,85.56,0.53,105.44,487.63,1.16,731.3,508.1,447.65,643.74,649.77,674.63
2005-06,AP,5.0,4.0,1.25,10.88,43.5,24.0,-,-,-,180.44,31.88,24.13,81.54,0.7,121.68,564.2,1.43,546.59,442.01,377.15,532.07,557.37,589.93
2005-07,AP,1.0,1.0,1.0,7.1,7.1,7.1,-,-,-,185.25,31.64,23.54,80.44,0.73,129.0,606.17,1.31,493.14,418.48,354.65,457.98,511.67,491.36
2005-08,AP,26.0,6.0,4.33,19.18,268.5,68.4,-,-,-,83.68,32.56,23.66,77.35,0.86,150.85,690.72,1.67,423.44,395.67,324.15,417.98,452.5,457.94
2005-09,AP,296.0,15.0,19.73,30.3,6211.9,414.0,-,-,-,19.83,32.99,23.38,74.57,0.97,158.23,694.17,2.09,354.17,365.5,278.75,339.99,365.0,441.35
2005-10,AP,877.0,16.0,54.81,36.21,25348.5,674.0,-,-,-,41.27,33.06,23.72,73.99,1.01,161.98,694.82,2.17,316.21,343.83,256.58,331.1,330.11,364.67
2005-11,AP,2102.0,16.0,131.38,37.17,58065.0,738.5,-,-,-,73.72,33.22,24.19,74.13,1.02,146.28,605.87,2.17,294.84,333.81,250.9,320.79,310.47,451.87
2005-12,AP,234.0,14.0,16.71,26.27,4545.2,367.9,-,-,-,278.55,31.4,23.46,82.96,0.63,110.38,496.49,1.36,363.95,355.3,267.26,358.59,339.4,439.24
2006-01,AP,22.0,10.0,2.2,13.88,180.4,57.3,-,-,-,273.35,30.74,23.42,84.51,0.56,114.23,532.64,1.35,493.77,426.23,326.39,407.51,425.6,466.74
2006-02,AP,2.0,1.0,2.0,27.1,27.1,27.1,-,-,-,352.87,30.17,23.26,86.15,0.49,92.58,425.4,1.36,521.57,432.23,364.25,495.79,504.04,582.39
2006-03,AP,2.0,2.0,1.0,20.9,0.0,26.5,-,-,-,380.05,29.98,23.24,87.52,0.44,100.46,465.64,1.28,502.98,436.49,359.61,532.95,500.29,546.98
2006-04,AP,6.0,5.0,1.2,14.7,58.8,25.9,-,-,-,402.92,30.08,23.18,87.77,0.43,94.55,441.44,1.1,642.92,470.22,468.2,568.06,593.1,633.68
2006-05,AP,3.0,3.0,1.0,8.8,17.6,11.4,-,-,-,367.59,30.71,23.25,86.55,0.48,100.37,474.72,0.9,698.6,481.23,441.84,554.19,704.6,690.88
2006-06,AP,1.0,1.0,1.0,11.56,0.0,21.93,-,-,-,307.92,31.18,23.02,82.88,0.62,107.94,511.18,1.1,699.36,493.82,428.93,528.48,679.4,599.72
2006-07,AP,1.0,1.0,1.0,14.33,0.0,32.47,-,-,-,179.32,31.7,23.36,80.41,0.72,126.54,598.23,1.21,547.06,450.44,383.97,471.5,572.71,559.08
2006-08,AP,36.0,10.0,3.6,17.09,546.9,43.0,-,-,-,73.01,32.33,23.61,77.27,0.86,149.54,693.07,1.54,454.73,415.27,336.53,375.57,485.16,545.83
2006-09,AP,294.0,16.0,18.38,27.02,5594.1,210.1,-,-,-,46.32,32.88,23.69,74.75,0.97,155.75,686.7,1.96,388.51,379.48,302.83,301.8,407.67,474.15
2006-10,AP,1168.0,16.0,73.0,35.81,29796.3,526.1,-,-,-,21.98,33.25,23.84,74.03,1.01,163.67,705.48,2.12,341.42,358.27,273.94,373.03,361.31,421.66
2006-11,AP,1043.0,16.0,65.19,34.88,30416.7,394.5,-,-,-,99.62,32.32,23.56,77.89,0.84,132.67,580.99,1.8,334.9,347.26,262.18,325.27,347.75,400.45
2006-12,AP,382.0,16.0,23.88,30.76,9658.7,587.1,-,-,-,173.26,31.47,23.54,80.03,0.74,128.37,583.46,1.66,373.16,402.67,292.31,363.35,354.62,474.33
2007-01,AP,21.0,7.0,3.0,18.3,347.7,104.2,-,-,-,199.3,31.84,24.09,81.05,0.72,132.44,599.58,1.76,420.94,408.74,338.48,383.3,373.65,603.2
2007-02,AP,58.0,3.0,19.33,11.13,33.4,16.0,-,-,-,229.04,30.46,23.08,85.49,0.51,95.42,438.29,1.37,416.46,414.04,324.55,377.52,378.96,554.21
2007-03,AP,2.0,1.0,2.0,2.5,2.5,2.5,-,-,-,554.06,29.84,23.08,87.4,0.44,102.59,481.12,1.25,728.6,485.27,504.97,492.15,594.85,461.63
2007-04,AP,1.0,1.0,1.0,7.6,0.0,8.15,-,-,-,436.18,30.45,23.56,86.18,0.5,98.37,452.74,1.16,674.35,487.07,453.77,543.73,653.55,611.16
2007-05,AP,3.0,3.0,1.0,12.7,38.1,13.8,-,-,-,364.92,31.42,23.79,84.3,0.58,112.87,526.34,1.12,684.6,492.97,452.66,527.1,654.73,636.11
2007-06,AP,1.0,1.0,1.0,9.1,9.1,9.1,-,-,-,263.0,31.61,23.61,81.6,0.68,118.81,561.07,1.25,623.4,479.85,418.12,491.1,599.1,596.12
2007-07,AP,30.0,7.0,4.29,12.41,248.2,35.1,-,-,-,188.25,31.77,23.69,80.47,0.73,130.75,612.15,1.42,537.4,446.87,382.9,473.76,578.27,570.5
2007-08,AP,36.0,12.0,3.0,16.4,164.0,59.9,-,-,-,140.36,32.11,23.78,79.02,0.79,142.53,653.56,1.68,447.65,411.71,336.53,438.23,484.05,517.77
2007-09,AP,263.0,14.0,18.79,26.69,5470.7,351.8,-,-,-,63.45,32.56,23.76,76.28,0.91,151.48,662.39,2.17,378.45,379.17,301.35,393.87,467.28,481.5
2007-10,AP,900.0,16.0,56.25,44.49,28831.2,1447.4,-,-,-,87.4,32.57,23.76,77.55,0.86,148.08,641.29,2.15,336.4,358.74,271.0,367.47,369.44,453.46
2007-11,AP,1278.0,16.0,79.88,29.11,28672.7,535.9,-,-,-,99.49,32.87,23.94,75.87,0.93,131.34,525.78,2.24,326.02,349.12,264.53,337.77,345.98,450.23
2007-12,AP,73.0,13.0,5.62,20.46,1350.1,104.8,-,-,-,281.7,31.08,23.51,83.08,0.62,115.46,526.9,1.57,412.97,390.23,326.13,392.95,407.05,478.52
2008-01,AP,10.0,6.0,1.67,21.48,128.9,32.1,-,-,-,377.25,29.84,23.17,86.11,0.49,101.72,474.91,1.33,462.9,425.34,368.81,470.54,491.89,572.48
2008-02,AP,20.0,3.0,6.67,7.7,7.7,7.7,-,-,-,344.1,30.12,23.12,85.81,0.5,100.21,466.78,1.33,621.76,460.21,421.24,506.69,608.91,667.28
2008-03,AP,20.0,8.0,2.5,19.33,58.0,42.3,-,-,-,403.52,29.9,23.05,86.72,0.46,100.19,465.31,1.12,680.73,484.26,429.1,515.73,692.53,735.19
2008-04,AP,15.0,7.0,2.14,9.7,19.4,15.3,-,-,-,476.17,30.16,23.44,86.73,0.47,99.95,469.94,1.02,811.37,530.82,495.03,552.88,685.55,755.7
2008-05,AP,3.0,2.0,1.5,9.85,0.0,12.95,-,-,-,397.58,30.26,23.51,86.2,0.49,100.79,474.73,1.09,768.53,501.55,452.03,560.02,729.18,801.48
2008-06,AP,5.0,5.0,1.0,10.0,20.0,10.6,-,-,-,318.99,30.66,23.34,83.86,0.58,103.08,490.43,1.02,675.07,487.57,420.3,518.66,653.7,716.13
2008-07,AP,6.0,5.0,1.2,22.26,111.3,34.8,-,-,-,211.32,31.82,23.62,79.66,0.76,130.54,612.67,1.31,583.87,458.06,390.77,473.17,627.44,646.29
2008-08,AP,37.0,12.0,3.08,19.89,338.2,78.7,-,-,-,101.39,32.67,24.08,76.31,0.92,152.79,693.24,1.65,495.16,436.71,351.19,430.85,522.55,543.26
2008-09,AP,261.0,14.0,18.64,36.49,6677.2,228.3,-,-,-,60.87,32.98,23.79,76.48,0.91,151.64,675.81,1.81,418.63,400.75,309.93,383.02,438.78,494.83
2008-10,AP,1156.0,16.0,72.25,36.33,31464.2,474.4,-,-,-,47.21,33.18,23.7,74.61,0.98,157.89,692.54,1.82,359.4,373.66,284.29,349.31,399.1,453.13
2008-11,AP,2238.0,16.0,139.88,30.81,54965.7,407.7,-,-,-,23.6,33.44,23.75,74.32,1.01,145.82,627.33,1.8,320.42,349.18,256.53,327.5,353.48,401.53
2008-12,AP,547.0,15.0,36.47,30.33,12315.0,250.2,-,-,-,223.92,31.67,23.62,81.68,0.69,119.91,545.41,1.35,345.4,374.77,277.53,361.39,381.74,428.05
2009-01,AP,11.0,6.0,1.83,17.56,158.0,31.7,-,-,-,416.96,30.16,23.2,85.89,0.5,100.84,467.35,1.22,503.58,451.96,348.77,428.74,469.02,516.61
2009-02,AP,4.0,2.0,2.0,14.51,0.0,24.3,-,-,-,525.72,29.58,23.05,88.35,0.4,87.84,414.34,1.1,648.45,496.71,420.21,532.49,631.45,652.18
2009-03,AP,14.0,3.0,4.67,11.45,0.0,16.9,-,-,-,372.29,30.16,23.26,86.73,0.47,103.43,481.67,1.04,623.15,471.35,401.27,516.4,662.27,695.0
2009-04,AP,5.0,4.0,1.25,8.4,16.8,9.5,-,-,-,240.3,30.52,23.3,85.53,0.52,100.07,462.94,1.09,574.62,461.91,364.43,487.51,583.02,596.7
2009-05,AP,60.0,9.0,6.67,16.7,33.4,18.9,-,-,-,344.63,30.56,23.14,86.28,0.49,98.11,458.12,1.01,507.85,426.56,370.03,520.67,587.87,606.23
2009-06,AP,6.0,6.0,1.0,7.2,7.2,7.2,-,-,-,327.62,30.67,23.27,85.35,0.53,98.62,466.1,1.02,559.61,444.05,412.03,556.14,679.46,695.01
2009-07,AP,9.0,7.0,1.29,14.76,73.8,36.4,-,-,-,192.7,32.02,23.37,80.05,0.74,128.94,603.39,1.26,479.31,428.56,360.18,468.2,545.45,589.29
2009-08,AP,48.0,13.0,3.69,20.27,668.8,82.3,-,-,-,80.33,32.78,23.77,76.81,0.89,148.34,673.49,1.52,408.73,392.26,323.0,404.74,472.47,535.48
2009-09,AP,360.0,16.0,22.5,30.99,9481.8,379.0,-,-,-,41.11,33.34,23.56,72.99,1.05,157.94,680.23,1.99,350.15,367.71,284.1,358.55,388.8,464.2
2009-10,AP,1610.0,16.0,100.62,32.76,45409.6,841.9,-,-,-,39.77,33.79,23.66,72.48,1.09,164.77,701.92,1.97,320.42,356.06,261.92,334.02,350.52,423.45
2009-11,AP,2177.0,16.0,136.06,29.07,51519.1,867.0,-,-,-,17.2,33.25,23.94,73.57,1.04,149.55,630.86,2.06,233.15,337.23,242.65,310.56,326.18,390.54
2009-12,AP,212.0,14.0,15.14,25.85,4705.4,295.7,-,-,-,285.84,31.45,23.69,80.64,0.72,117.88,513.65,1.71,354.35,378.66,316.02,373.19,388.26,446.65
2010-01,AP,8.0,5.0,1.6,101.18,505.9,237.3,-,-,-,384.03,30.4,23.02,86.1,0.49,99.24,457.42,1.21,475.88,423.08,356.42,463.41,530.06,524.84
2010-02,AP,3.0,2.0,1.5,4.6,4.6,4.6,-,-,-,329.75,30.87,23.52,85.65,0.52,97.72,445.63,1.33,577.73,454.3,392.54,541.54,631.43,580.45
2010-03,AP,7.0,5.0,1.4,5.9,17.7,7.9,-,-,-,336.13,31.57,23.62,84.83,0.57,118.38,542.92,1.18,530.72,447.73,371.79,506.44,591.75,558.35
2010-04,AP,4.0,2.0,2.0,6.12,0.0,8.15,-,-,-,436.48,30.72,23.57,88.04,0.43,92.76,428.0,0.84,684.97,498.75,435.35,545.95,683.72,622.14
2010-05,AP,83.0,8.0,10.38,6.35,25.4,8.4,-,-,-,302.87,31.63,23.66,87.08,0.48,102.13,474.67,0.86,717.04,523.26,430.5,540.65,748.48,659.72
2010-06,AP,3.0,3.0,1.0,8.02,0.0,9.85,-,-,-,216.48,31.57,22.73,84.67,0.56,104.48,500.56,0.81,591.86,463.62,398.75,490.95,624.37,583.17
2010-07,AP,10.0,6.0,1.67,9.7,29.1,11.3,-,-,-,214.49,31.82,22.67,84.46,0.57,111.52,531.34,0.89,556.19,448.75,383.56,458.83,595.05,573.14
2010-08,AP,94.0,7.0,13.43,18.8,75.2,26.8,-,-,-,130.72,32.76,22.77,81.37,0.7,127.13,591.43,1.02,467.69,432.49,353.73,430.11,592.18,538.27
2010-09,AP,139.0,15.0,9.27,23.29,2096.5,81.6,-,-,-,38.83,33.8,23.02,76.96,0.9,140.05,619.3,1.39,394.99,399.32,314.85,394.6,454.47,475.67
2010-10,AP,711.0,16.0,44.44,29.35,16202.4,263.9,-,-,-,58.26,34.5,22.66,74.4,1.0,153.22,666.96,1.48,355.89,363.0,322.94,431.26,397.2,429.21
2010-11,AP,761.0,16.0,47.56,28.91,17491.1,350.8,-,-,-,77.54,33.43,22.62,78.64,0.81,131.33,592.99,1.28,338.45,370.06,378.27,420.43,386.37,429.03
2010-12,AP,111.0,12.0,9.25,41.27,3673.1,447.2,-,-,-,227.99,31.47,22.55,84.75,0.55,109.03,510.72,0.99,458.58,401.35,340.51,377.06,421.92,445.2
2011-01,AP,14.0,1.0,14.0,24.76,0.0,229.0,-,-,-,347.58,29.62,22.27,87.88,0.41,92.54,438.37,1.06,549.51,378.03,397.54,437.47,585.88,583.68
2011-02,AP,4.0,3.0,1.33,8.25,16.5,10.8,-,-,-,466.05,29.59,22.48,87.82,0.42,87.1,409.48,1.05,768.13,512.16,465.62,546.11,690.57,636.79
2011-03,AP,8.0,5.0,1.6,5.5,5.5,5.5,-,-,-,395.31,29.92,22.59,88.05,0.41,97.48,457.28,0.98,716.87,593.06,457.48,547.0,700.52,638.05
2011-04,AP,39.0,7.0,5.57,14.07,42.2,21.0,-,-,-,422.77,30.0,22.86,88.38,0.4,93.03,438.09,0.97,756.13,539.38,461.01,599.37,862.61,796.67
2011-05,AP,10.0,7.0,1.43,9.0,18.0,9.1,-,-,-,449.9,30.68,23.14,88.02,0.43,95.92,452.5,0.83,740.6,543.9,459.23,566.77,723.61,726.85
2011-06,AP,10.0,7.0,1.43,21.15,42.3,24.6,-,-,-,240.92,31.49,22.62,84.51,0.56,108.32,520.82,0.95,670.58,533.72,425.25,530.53,684.74,674.98
2011-07,AP,10.0,6.0,1.67,10.7,85.6,25.6,-,-,-,195.18,31.65,22.08,83.04,0.6,117.5,567.31,0.97,541.27,480.92,380.74,496.13,593.19,614.66
2011-08,AP,27.0,13.0,2.08,11.37,261.4,31.6,-,-,-,99.6,33.0,22.19,79.3,0.76,140.89,659.26,1.26,455.1,400.48,341.0,438.85,512.45,551.94
2011-09,AP,298.0,14.0,21.29,27.35,5771.5,148.0,-,-,-,57.6,33.82,22.58,76.46,0.9,146.7,655.68,1.49,397.51,371.31,313.15,395.19,447.22,513.71
2011-10,AP,730.0,16.0,45.62,36.01,18655.5,580.1,-,-,-,87.86,33.74,22.52,77.13,0.88,145.17,650.1,1.33,374.06,384.45,299.52,367.9,394.27,463.84
2011-11,AP,631.0,16.0,39.44,29.45,14870.6,258.0,-,-,-,50.54,33.38,22.39,77.92,0.83,134.62,611.27,1.33,358.06,384.1,301.33,341.55,358.84,426.42
2011-12,AP,813.0,16.0,50.81,27.57,18694.9,243.5,-,-,-,60.41,33.13,22.38,77.6,0.84,133.05,602.88,1.32,367.46,364.18,288.71,322.59,350.46,401.15
2012-01,AP,96.0,9.0,10.67,23.93,1316.0,140.9,-,-,-,347.5,30.28,22.4,86.67,0.46,95.0,439.82,1.05,474.46,425.21,400.0,405.59,486.31,526.78
2012-02,AP,37.0,14.0,2.64,8.15,65.2,11.6,-,-,-,423.1,29.64,22.04,87.23,0.43,90.2,425.07,0.99,501.22,474.53,442.72,485.15,590.97,613.94
2012-03,AP,22.0,11.0,2.0,6.33,19.0,7.5,-,-,-,373.26,30.0,22.41,87.83,0.42,99.9,471.83,0.99,629.22,477.53,446.52,518.11,606.47,631.41
2012-04,AP,14.0,7.0,2.0,30.35,60.7,37.1,-,-,-,347.03,30.72,22.73,87.59,0.44,99.5,470.08,0.91,766.54,474.14,439.92,524.59,689.44,660.17
2012-05,AP,32.0,9.0,3.56,15.53,46.6,31.2,-,-,-,267.81,31.43,22.42,84.27,0.56,114.25,546.13,1.0,709.41,499.88,430.15,515.23,675.54,632.9
2012-06,AP,46.0,8.0,5.75,10.77,107.7,23.2,-,-,-,137.9,31.64,22.1,83.12,0.6,113.02,548.33,0.96,553.58,448.15,383.17,458.22,564.02,558.33
2012-07,AP,48.0,12.0,4.0,9.08,90.8,13.5,-,-,-,181.02,31.68,22.44,83.35,0.6,116.11,558.73,0.89,473.66,419.95,338.95,437.31,549.58,529.65
2012-08,AP,159.0,14.0,11.36,16.46,526.8,57.6,-,-,-,100.54,32.29,22.5,80.44,0.72,129.36,605.61,1.14,420.62,394.56,312.38,407.99,470.55,494.38
2012-09,AP,1299.0,16.0,81.19,30.72,7894.7,326.7,-,-,-,26.24,33.48,22.21,76.16,0.89,142.52,641.01,1.4,352.28,367.35,275.13,360.23,392.92,451.68
2012-10,AP,5126.0,16.0,320.38,36.09,31935.3,511.1,-,-,-,32.32,33.86,22.48,74.5,0.98,147.07,636.89,1.56,321.49,350.21,254.13,338.74,361.9,417.4
2012-11,AP,12411.0,16.0,775.69,27.05,59219.6,313.1,-,-,-,28.38,34.17,22.31,73.31,1.02,139.51,601.27,1.49,295.22,341.47,238.33,315.21,320.55,369.13
2012-12,AP,8281.0,16.0,517.56,27.88,35719.7,285.1,-,-,-,141.96,32.82,22.67,78.99,0.79,121.22,535.83,1.31,298.94,363.48,242.37,317.15,325.19,385.45
2013-01,AP,43.0,11.0,3.91,11.25,22.5,12.3,-,-,-,353.57,30.49,22.91,85.68,0.5,104.62,488.33,1.25,382.94,401.81,262.95,416.82,401.4,473.19
2013-02,AP,12.0,7.0,1.71,5.75,11.5,7.0,-,-,-,370.93,30.03,22.66,88.02,0.42,86.21,401.21,1.05,529.21,435.71,367.43,482.55,530.46,570.58
2013-03,AP,18.0,7.0,2.57,3.1,3.1,3.1,-,-,-,327.5,30.17,22.99,86.48,0.48,103.62,481.27,1.13,539.9,421.35,376.37,526.36,616.98,594.31
2013-04,AP,21.0,9.0,2.33,13.05,26.1,18.1,-,-,-,305.08,30.8,23.06,86.88,0.47,102.18,480.75,0.93,512.77,434.03,380.43,510.14,638.58,594.72
2013-05,AP,10.0,4.0,2.5,7.4,7.4,7.4,-,-,-,335.92,30.52,22.92,87.1,0.46,100.02,477.32,0.82,587.15,444.68,393.45,511.56,646.45,638.73
2013-06,AP,33.0,9.0,3.67,16.89,152.0,67.6,-,-,-,167.42,31.56,22.62,82.3,0.64,113.17,539.26,1.07,525.9,436.5,383.87,482.98,573.5,567.17
2013-07,AP,36.0,11.0,3.27,7.8,15.6,9.3,-,-,-,182.55,31.45,22.03,83.04,0.6,114.28,552.64,0.9,488.89,438.11,352.58,475.52,522.42,546.04
2013-08,AP,120.0,13.0,9.23,24.53,466.1,82.1,-,-,-,97.82,32.73,22.58,81.32,0.69,131.52,615.98,1.12,428.65,415.0,329.11,425.13,542.11,508.51
2013-09,AP,965.0,16.0,60.31,25.69,4290.5,151.7,-,-,-,41.76,33.43,22.7,77.39,0.86,140.77,626.63,1.51,365.37,381.4,291.47,381.42,416.85,474.24
2013-10,AP,3436.0,16.0,214.75,37.9,26492.8,434.5,-,-,-,63.1,33.78,22.69,74.9,0.96,146.39,631.0,1.58,343.32,363.64,270.21,351.4,389.05,455.35
2013-11,AP,4030.0,16.0,251.88,31.54,25736.7,633.9,-,-,-,65.96,33.16,22.61,76.31,0.89,128.22,556.23,1.48,331.97,361.44,277.78,338.18,347.7,412.45
2013-12,AP,1673.0,16.0,104.56,34.1,10092.6,843.5,-,-,-,257.38,31.92,22.75,79.91,0.74,119.35,533.71,1.4,428.97,402.89,335.18,419.96,453.71,462.45
2014-01,AP,176.0,14.0,12.57,22.19,710.0,131.6,-16.75,-150.03,1.56,289.25,30.19,22.3,84.43,0.54,106.74,501.62,1.21,465.4,404.77,336.95,446.71,493.58,524.26
2014-02,AP,24.0,9.0,2.67,13.55,27.1,17.1,-41.61,-415.25,9.57,414.81,28.92,22.68,88.25,0.4,77.58,358.18,1.08,627.2,467.92,418.8,517.11,641.78,684.75
2014-03,AP,17.0,7.0,2.43,6.0,24.0,6.5,0.01,-116.59,4.39,387.96,29.52,22.91,87.18,0.44,92.8,428.33,1.05,578.87,449.47,397.68,546.78,690.4,703.77
2014-04,AP,6.0,4.0,1.5,8.1,8.1,8.1,0.0,-165.17,6.13,435.45,30.1,23.2,86.01,0.49,94.4,433.78,1.06,641.98,446.61,416.42,558.08,710.26,725.58
2014-05,AP,5.0,5.0,1.0,23.3,23.3,23.3,0.0,-398.8,4.56,513.42,29.89,23.16,86.77,0.46,90.05,420.23,0.86,765.94,481.11,473.4,595.33,845.85,799.1
2014-06,AP,10.0,8.0,1.25,28.3,28.3,28.3,-199.79,-99.5,1.06,357.61,30.88,23.53,83.49,0.6,101.93,476.21,1.07,715.19,499.24,440.42,524.52,713.92,708.09
2014-07,AP,46.0,9.0,5.11,24.02,144.1,40.2,-21.63,3.65,1.15,181.56,31.61,22.92,80.83,0.7,120.05,564.87,1.15,590.44,457.11,387.32,477.65,603.24,634.44
2014-08,AP,179.0,12.0,14.92,11.78,235.6,28.1,-66.61,-148.31,0.33,73.26,32.42,22.86,79.53,0.76,138.12,643.48,1.32,490.02,425.49,343.39,431.91,518.56,577.34
2014-09,AP,1574.0,16.0,98.38,26.34,6426.2,182.4,-15.06,-68.33,0.27,32.97,33.35,22.27,75.17,0.93,151.85,678.3,1.72,401.93,385.27,304.13,378.53,434.43,510.99
2014-10,AP,3954.0,16.0,247.12,32.05,24618.1,853.8,-6.81,-65.16,0.77,34.82,34.03,22.59,74.79,0.97,156.53,682.57,1.72,354.55,364.98,280.61,349.5,385.87,479.5
2014-11,AP,6600.0,16.0,412.5,28.06,31178.1,730.6,-12.29,-70.17,0.92,29.93,33.84,22.49,74.55,0.97,143.97,631.88,1.58,327.66,353.1,262.95,324.52,347.92,433.49
2014-12,AP,3849.0,16.0,240.56,23.02,15334.0,457.1,-10.67,-85.58,1.89,93.12,32.85,22.61,77.27,0.85,131.25,578.42,1.51,353.56,362.62,278.11,333.81,350.72,439.61
2015-01,AP,367.0,15.0,24.47,16.48,758.3,56.2,-13.12,-125.46,4.55,187.5,31.49,22.56,82.03,0.65,117.32,536.62,1.34,418.32,397.27,309.9,350.67,373.54,469.91
2015-02,AP,25.0,9.0,2.78,12.24,0.0,32.1,-119.53,-38.04,0.62,336.18,30.44,22.62,85.23,0.52,92.87,427.32,1.11,563.82,471.12,398.48,409.56,479.18,647.36
2015-03,AP,5.0,5.0,1.0,8.0,8.0,8.0,0.06,1.2,7.06,544.38,30.36,22.71,87.28,0.44,90.05,410.01,0.86,730.05,503.52,453.92,505.32,630.25,682.69
2015-04,AP,22.0,5.0,4.4,8.0,8.0,8.0,0.1,4.18,1.02,459.16,30.31,22.78,86.38,0.48,93.03,430.36,0.9,786.87,527.37,464.4,527.45,683.52,685.4
2015-05,AP,14.0,8.0,1.75,26.55,53.1,33.1,0.03,-70.07,2.04,391.12,30.96,23.08,83.84,0.58,104.49,483.15,1.03,868.97,559.48,458.77,510.01,790.86,756.33
2015-06,AP,36.0,5.0,7.2,12.07,48.3,14.0,-55.31,3.44,1.73,236.69,31.77,23.57,81.15,0.7,110.96,509.37,1.19,657.01,478.66,409.93,390.28,627.41,661.83
2015-07,AP,52.0,8.0,6.5,18.71,261.9,53.8,-38.3,1.19,3.63,155.88,32.1,23.52,78.93,0.79,126.33,573.3,1.4,521.94,435.6,356.85,365.32,554.06,595.73
2015-08,AP,204.0,15.0,13.6,15.54,637.3,71.1,-87.66,-90.88,1.41,47.28,32.88,23.08,78.05,0.83,143.51,659.24,1.39,440.35,395.08,318.16,392.15,476.89,524.04
2015-09,AP,1866.0,15.0,124.4,27.89,8646.1,178.2,-23.72,-37.64,0.32,7.09,33.87,22.72,73.52,1.02,153.01,673.95,1.59,370.88,376.13,286.77,359.93,402.4,470.52
2015-10,AP,6996.0,16.0,437.25,35.49,46778.8,652.4,-5.89,-67.72,0.4,15.35,34.21,22.8,72.12,1.09,161.37,696.81,1.7,328.16,349.85,260.08,323.49,348.06,425.13
2015-11,AP,13590.0,16.0,849.38,30.39,74817.1,520.1,-5.44,-79.31,0.33,16.72,34.15,23.03,72.31,1.08,148.09,629.46,1.71,303.85,343.82,240.7,301.59,312.23,409.1
2015-12,AP,3853.0,16.0,240.81,21.75,15857.4,183.9,-8.72,-112.56,0.93,120.91,32.81,23.34,77.32,0.87,130.21,559.27,1.65,329.98,358.11,243.5,297.15,312.22,409.13
2016-01,AP,143.0,13.0,11.0,18.19,491.0,51.6,0.71,-75.27,1.97,242.9,31.02,23.13,80.5,0.71,108.9,478.19,1.38,366.58,376.57,310.13,373.31,366.15,425.76
2016-02,AP,9.0,5.0,1.8,10.35,20.7,12.3,0.09,-110.78,2.97,360.38,30.51,23.26,86.07,0.5,95.1,436.48,1.11,511.09,411.56,378.16,468.37,491.06,484.52
2016-03,AP,4.0,2.0,2.0,10.24,0.0,12.73,0.1,0.0,4.45,516.84,30.39,23.61,86.47,0.49,97.86,445.4,1.0,605.65,435.02,415.74,531.87,608.97,629.2
2016-04,AP,3.0,3.0,1.0,10.12,0.0,13.17,0.0,0.67,1.33,385.13,30.56,23.54,87.06,0.47,96.05,443.4,0.96,746.52,497.77,443.63,566.78,782.5,698.73
2016-05,AP,26.0,9.0,2.89,10.01,70.1,13.6,-38.4,1.08,2.95,266.53,31.63,23.56,85.41,0.54,109.44,513.42,0.92,676.31,484.4,409.23,515.06,636.11,635.52
2016-06,AP,24.0,10.0,2.4,13.8,55.2,26.7,0.12,1.33,3.31,214.8,31.72,23.2,82.09,0.66,114.15,548.8,0.88,565.18,454.56,373.08,465.11,579.05,573.83
2016-07,AP,27.0,11.0,2.45,14.27,42.8,20.3,-36.74,-35.22,1.86,145.44,31.89,23.36,80.75,0.72,126.63,605.7,0.98,501.79,432.15,356.55,449.41,523.65,548.68
2016-08,AP,295.0,15.0,19.67,24.06,1636.1,170.0,-22.99,-72.2,0.65,53.08,32.84,23.53,75.74,0.93,150.28,691.4,1.38,414.48,394.4,311.71,397.74,455.98,500.87
2016-09,AP,1188.0,16.0,74.25,25.04,5282.5,291.9,-15.14,-123.45,0.37,45.75,33.06,23.44,74.65,0.97,149.38,674.06,1.45,378.0,370.54,284.8,369.31,412.43,467.92
2016-10,AP,5499.0,16.0,343.69,32.12,33437.8,503.3,-4.94,-129.19,0.33,22.35,33.69,23.38,73.21,1.05,149.79,653.27,1.45,327.27,349.5,257.71,327.79,463.07,456.24
2016-11,AP,8578.0,16.0,536.12,26.76,45030.5,618.6,-3.47,-109.12,0.26,15.22,33.48,23.23,74.46,0.99,136.67,585.32,1.6,296.25,332.38,224.23,301.68,430.78,384.77
2016-12,AP,5806.0,16.0,362.88,26.73,24079.7,377.0,-5.07,-125.82,0.79,272.22,31.55,23.41,80.65,0.72,110.93,490.22,1.23,337.81,360.89,265.26,329.77,404.35,384.63
2017-01,AP,25.0,8.0,3.12,9.2,18.4,9.2,0.17,0.0,6.8,371.38,29.81,22.87,86.25,0.48,92.54,430.22,0.93,470.41,418.52,331.42,408.15,426.61,507.72
2017-02,AP,15.0,5.0,3.0,10.97,0.0,16.6,0.06,0.0,6.27,386.52,29.53,22.89,87.16,0.44,80.62,372.47,0.87,668.65,476.76,434.46,471.97,616.41,572.79
2017-03,AP,5.0,2.0,2.5,12.75,0.0,24.0,0.0,0.0,4.98,575.05,29.54,22.94,87.42,0.43,89.96,415.49,0.81,912.56,568.19,489.19,575.42,748.59,685.98
2017-04,AP,7.0,7.0,1.0,14.52,58.1,31.4,-285.43,0.0,1.37,381.42,30.55,23.38,85.47,0.52,99.16,461.42,0.87,809.83,526.1,459.2,563.02,694.12,653.95
2017-05,AP,12.0,4.0,3.0,14.36,71.8,22.9,-249.72,0.0,1.58,258.69,31.37,23.69,81.94,0.67,117.81,552.42,1.04,771.34,504.71,451.63,518.92,663.13,640.98
2017-06,AP,18.0,9.0,2.0,5.7,11.4,9.1,0.14,0.0,4.4,263.98,31.53,23.69,80.76,0.71,106.91,494.8,0.97,644.87,465.97,400.87,482.08,615.85,612.08
2017-07,AP,30.0,11.0,2.73,20.48,81.9,26.7,-33.14,0.0,0.77,162.82,32.44,23.51,76.89,0.88,128.0,604.37,0.88,545.36,441.11,379.1,458.97,538.42,549.68
2017-08,AP,242.0,16.0,15.12,27.85,1197.5,243.4,-7.49,0.0,0.29,33.99,32.87,23.75,75.37,0.95,147.32,660.18,1.53,445.9,401.54,331.77,399.39,443.72,486.43
2017-09,AP,723.0,16.0,45.19,22.87,3270.9,139.1,-13.12,0.27,1.88,51.54,33.59,23.21,75.51,0.95,147.98,647.86,1.69,394.36,379.16,304.8,379.2,391.06,473.82
2017-10,AP,3364.0,16.0,210.25,32.39,18915.0,327.7,-3.94,0.0,0.89,31.62,33.86,22.99,73.95,1.01,155.73,672.1,1.75,344.87,356.5,273.84,350.0,366.77,433.87
2017-11,AP,6606.0,16.0,412.88,32.48,39684.5,665.1,-4.28,0.0,0.79,26.6,33.92,23.02,73.14,1.04,146.93,625.67,1.78,323.26,345.11,259.03,327.38,331.88,399.1
2017-12,AP,3734.0,17.0,219.65,30.14,21038.6,562.7,-0.99,-0.54,1.54,202.17,31.85,23.04,80.73,0.72,115.31,506.89,1.37,384.32,384.86,275.73,366.63,350.4,445.65
2018-01,AP,90.0,11.0,8.18,17.58,298.9,96.9,-11.0,0.0,1.24,371.55,30.11,22.57,83.94,0.56,105.5,494.76,1.15,493.82,425.27,287.37,450.87,457.11,503.55
2018-02,AP,6.0,3.0,2.0,7.5,7.5,7.5,0.05,0.0,0.52,393.67,29.09,22.63,86.73,0.45,82.93,386.28,1.0,618.39,459.48,407.23,536.9,607.74,564.85
2018-03,AP,5.0,4.0,1.25,6.08,0.0,15.2,0.0,0.0,3.42,400.25,30.12,23.04,85.61,0.5,103.61,476.94,1.19,585.11,443.4,394.42,519.6,567.15,581.52
2018-04,AP,21.0,3.0,7.0,4.66,97.9,22.9,-47.57,0.0,4.71,607.7,30.0,22.97,85.58,0.5,97.7,461.54,0.8,875.83,537.6,507.37,565.68,761.02,738.68
2018-05,AP,6.0,2.0,3.0,2.53,15.2,5.7,0.0,0.0,6.23,522.25,30.35,23.39,84.3,0.56,103.12,489.5,0.84,902.45,558.44,517.74,566.18,753.78,742.69
2018-06,AP,18.0,6.0,3.0,5.45,92.6,14.9,-55.5,-54.44,4.47,242.5,31.06,23.38,80.28,0.72,111.7,533.4,0.91,722.03,477.72,435.0,525.42,675.07,665.86
2018-07,AP,20.0,8.0,2.5,6.19,105.2,10.2,-49.87,-197.45,1.45,183.07,31.01,22.78,78.4,0.77,120.88,577.47,1.04,613.48,452.32,383.39,468.42,618.16,634.52
2018-08,AP,245.0,15.0,16.33,9.4,2029.7,68.9,-19.75,-53.13,0.41,44.78,32.33,22.8,74.35,0.95,141.97,658.84,1.21,485.82,412.15,332.74,410.48,510.52,550.18
2018-09,AP,1146.0,16.0,71.62,12.43,12643.6,281.9,-17.5,-68.7,0.46,47.5,33.13,23.25,72.86,1.04,147.28,655.44,1.43,407.51,388.48,301.68,391.63,440.73,498.68
2018-10,AP,5411.0,16.0,338.19,14.69,63338.0,461.8,-6.55,-35.5,0.35,29.96,33.76,23.23,70.54,1.15,154.91,678.33,1.4,353.19,360.4,276.92,350.69,446.9,441.56
2018-11,AP,4263.0,16.0,266.44,12.98,48213.9,307.9,-5.01,-130.43,0.64,139.7,33.37,23.62,71.94,1.1,132.46,565.37,1.33,354.37,352.73,265.37,329.75,362.78,428.12
2018-12,AP,8.0,5.0,1.6,6.15,49.2,15.7,0.04,1.75,6.66,500.78,29.51,22.75,83.13,0.57,91.2,423.49,0.81,525.9,429.1,381.98,470.89,559.22,577.04
2019-01,AP,31.0,11.0,2.82,7.89,173.5,28.6,0.08,-94.0,2.45,427.14,30.11,22.96,83.05,0.59,99.29,461.66,0.87,632.69,459.94,425.0,520.11,671.04,608.44
2019-02,AP,5.0,3.0,1.67,6.7,6.7,6.7,0.02,0.8,1.72,315.44,29.82,23.06,84.46,0.54,84.45,384.78,0.87,535.95,437.27,393.14,545.82,622.5,629.85
2019-03,AP,10.0,7.0,1.43,5.14,51.4,9.8,0.1,2.4,1.35,254.65,30.09,23.13,84.92,0.53,96.01,437.04,0.94,460.17,401.74,349.27,554.57,532.1,576.16
2019-04,AP,3.0,3.0,1.0,9.9,9.9,9.9,0.03,-332.33,2.43,453.55,29.83,23.3,87.05,0.45,88.44,407.94,0.91,573.15,447.88,386.18,683.48,650.05,623.05
2019-05,AP,5.0,3.0,1.67,2.8,11.2,5.7,0.0,0.4,6.6,489.2,30.38,23.52,85.36,0.52,99.73,467.46,0.93,789.35,479.84,465.84,733.16,844.98,743.37
2019-06,AP,8.0,6.0,1.33,1.71,13.7,5.5,0.0,1.5,4.86,245.63,31.05,23.23,82.66,0.62,106.08,505.9,0.9,641.01,474.16,410.73,630.17,690.27,666.87
2019-07,AP,18.0,6.0,3.0,4.56,77.5,11.7,0.05,-109.06,1.73,198.56,31.65,22.99,79.63,0.75,124.07,593.24,0.98,524.52,438.19,346.44,564.32,571.24,604.85
2019-08,AP,261.0,15.0,17.4,8.49,1197.7,43.6,-34.04,-85.98,0.89,76.78,32.77,23.47,76.64,0.89,143.49,666.95,1.17,464.06,410.42,324.63,539.31,510.23,560.87
2019-09,AP,2481.0,16.0,155.06,12.35,15833.8,282.5,-9.67,-50.1,0.54,28.55,33.83,23.61,72.81,1.07,154.3,685.03,1.44,382.13,377.23,276.07,476.8,426.07,491.22
2019-10,AP,7247.0,16.0,452.94,15.58,60561.6,423.1,-14.03,-78.5,0.76,35.25,33.98,23.75,71.95,1.11,158.26,687.25,1.52,339.91,357.53,268.9,372.61,377.18,459.82
2019-11,AP,6548.0,16.0,409.25,12.7,50452.2,642.8,-5.96,-142.97,0.92,97.0,33.71,23.72,73.47,1.05,138.65,607.43,1.31,320.8,345.85,236.75,332.17,372.78,453.64
2019-12,AP,1206.0,16.0,75.38,9.34,6581.5,102.4,-1.2,-125.07,1.7,224.67,32.13,23.71,80.04,0.76,123.18,554.19,1.34,464.35,398.63,287.61,385.4,404.52,504.61
2020-01,AP,20.0,10.0,2.0,4.78,76.4,13.7,0.18,-97.4,1.17,279.75,30.64,23.13,84.43,0.55,103.34,479.86,1.01,472.59,406.05,318.77,460.21,489.86,492.49
2020-02,AP,10.0,6.0,1.67,6.18,37.1,10.3,-99.89,2.2,1.84,275.5,30.61,23.25,84.38,0.56,95.14,433.55,1.03,477.76,416.97,373.83,518.25,441.4,497.85
2020-03,AP,24.0,8.0,3.0,3.98,19.9,7.4,0.02,-373.33,4.11,308.14,30.79,23.45,84.07,0.58,107.21,490.55,1.02,454.06,424.6,341.81,552.32,465.23,476.35
2020-04,AP,12.0,4.0,3.0,5.91,59.1,17.2,0.0,-499.5,7.49,414.94,30.87,23.43,85.69,0.52,97.51,449.95,0.86,559.59,477.02,379.47,565.75,641.4,656.7
2020-05,AP,4.0,3.0,1.33,6.17,18.5,8.9,0.01,0.0,0.43,382.56,31.34,23.87,84.28,0.58,106.32,494.97,0.91,691.51,521.13,410.45,578.16,711.97,716.1
2020-06,AP,8.0,4.0,2.0,7.63,45.8,12.9,0.0,-123.38,1.2,312.89,31.14,23.36,83.77,0.59,106.54,509.37,0.91,651.37,492.68,421.18,524.31,639.78,641.97
2020-07,AP,77.0,11.0,7.0,4.01,204.7,28.4,-12.86,-35.51,0.28,195.43,32.0,23.13,80.46,0.72,123.67,590.74,0.93,527.6,450.48,366.06,489.79,567.01,605.68
2020-08,AP,140.0,14.0,10.0,10.98,801.5,44.5,-21.07,-138.75,0.59,95.95,33.01,23.69,77.11,0.88,142.67,656.41,1.19,444.6,414.11,332.02,428.05,473.26,527.1
2020-09,AP,981.0,16.0,61.31,10.45,7338.7,115.5,-3.53,-114.89,0.6,53.37,33.62,23.71,74.19,1.01,152.89,687.83,1.37,392.32,383.44,296.1,388.97,425.28,486.71
2020-10,AP,6177.0,16.0,386.06,14.08,53708.4,480.1,-8.97,-60.05,0.44,30.01,34.37,23.82,71.9,1.13,164.09,716.99,1.52,341.53,360.55,267.81,348.17,358.52,436.68
2020-11,AP,1027.0,16.0,64.19,11.47,9868.5,384.2,-6.6,-91.67,4.09,219.56,32.22,23.62,81.41,0.71,116.98,533.8,1.1,372.84,354.36,278.98,404.93,392.07,473.28
2020-12,AP,457.0,16.0,28.56,8.37,3606.7,127.0,-6.4,-129.48,0.98,147.19,32.2,23.44,79.9,0.75,127.52,589.85,1.19,389.13,339.82,294.63,401.45,403.23,473.65
2021-01,AP,35.0,10.0,3.5,3.65,127.9,20.0,-28.51,-56.31,5.17,386.93,31.06,23.14,84.86,0.55,106.56,495.96,1.04,602.49,472.4,354.19,399.92,461.77,525.23
2021-02,AP,6.0,1.0,6.0,15.27,91.6,45.3,0.08,-832.17,0.83,450.9,29.76,22.93,86.52,0.47,90.82,425.91,1.09,698.89,496.97,424.79,499.91,573.29,619.84
2021-03,AP,18.0,8.0,2.25,5.74,86.1,19.7,-222.0,-387.89,5.57,435.39,30.13,22.6,86.89,0.45,99.32,464.12,0.97,706.96,490.61,448.11,549.17,738.05,714.24
2021-04,AP,13.0,4.0,3.25,6.87,68.7,28.3,-76.85,-614.62,4.02,415.25,30.44,23.28,86.53,0.48,101.64,478.97,0.95,856.88,538.33,485.38,598.47,801.72,769.02
2021-05,AP,1.0,1.0,1.0,3.9,3.9,3.9,0.0,1.0,0.0,383.9,30.84,23.56,85.99,0.51,102.01,479.84,0.84,804.77,519.02,498.29,571.4,760.82,816.56
2021-06,AP,43.0,10.0,4.3,5.81,249.8,43.6,-46.45,-115.35,1.49,269.15,31.58,23.6,82.19,0.66,100.35,464.88,0.82,712.63,501.99,461.4,530.94,688.83,804.07
2021-07,AP,55.0,10.0,5.5,6.11,323.8,18.8,0.07,-271.56,2.39,232.03,32.18,23.63,82.69,0.66,109.04,507.16,0.8,565.7,448.28,421.56,482.01,614.29,691.23
2021-08,AP,223.0,14.0,15.93,7.25,1566.8,31.8,-4.31,-36.22,0.43,135.12,33.09,24.09,78.99,0.83,131.36,601.87,0.96,506.59,427.34,362.32,420.46,531.94,600.85
2021-09,AP,2124.0,16.0,132.75,9.2,18029.0,169.8,-12.46,-111.42,0.27,61.35,33.29,23.89,77.74,0.87,138.26,616.55,1.34,409.73,394.15,304.69,381.0,442.8,528.38
2021-10,AP,6585.0,16.0,411.56,12.82,73640.8,414.5,-5.77,-61.03,1.18,78.61,33.72,24.22,76.82,0.93,148.71,655.63,1.44,384.84,378.83,273.65,339.05,388.95,574.02
2021-11,AP,1410.0,16.0,88.12,10.47,13982.2,133.6,-0.52,-61.8,1.4,179.3,32.73,23.82,79.5,0.79,128.02,579.69,1.27,404.68,384.92,237.99,277.01,396.62,603.85
2021-12,AP,67.0,12.0,5.58,4.94,296.7,34.3,0.15,-341.7,1.38,312.12,31.85,23.89,83.07,0.64,111.88,506.27,1.17,598.14,465.39,287.76,422.91,524.65,520.66
2022-01,AP,52.0,7.0,7.43,10.1,525.0,36.0,0.28,-17.81,0.69,441.99,30.42,22.82,88.13,0.42,97.93,462.96,0.93,579.65,457.98,398.27,547.58,617.74,591.37
2022-02,AP,17.0,6.0,2.83,6.11,103.8,13.7,0.0,-58.41,2.26,322.36,31.23,23.53,85.68,0.52,94.79,432.82,1.05,694.44,494.12,446.09,548.67,635.23,633.89
2022-03,AP,3.0,2.0,1.5,15.6,31.2,24.8,-333.0,-333.0,5.1,557.26,30.33,23.26,87.61,0.44,97.01,447.51,0.98,843.03,539.52,468.85,581.11,778.55,745.4
2022-04,AP,9.0,5.0,1.8,6.97,55.8,15.1,0.0,-333.0,4.23,431.82,30.23,23.25,87.22,0.45,95.72,447.39,0.97,803.9,515.43,446.99,617.55,838.23,799.5
2022-05,AP,11.0,6.0,1.83,7.5,82.5,20.8,0.0,-90.82,2.97,386.44,30.09,23.13,87.1,0.45,95.17,449.43,0.9,781.65,503.24,454.14,547.93,771.45,748.87
2022-06,AP,16.0,6.0,2.67,5.07,81.1,19.7,0.0,-61.38,1.43,271.06,31.3,22.65,83.98,0.57,105.16,504.33,0.9,647.28,477.85,512.0,500.05,647.35,701.68
2022-07,AP,47.0,10.0,4.7,6.88,281.9,25.2,-21.2,-252.21,2.39,259.46,31.47,22.76,84.63,0.55,113.46,547.63,0.9,553.48,438.31,405.68,467.13,583.68,620.88
2022-08,AP,248.0,13.0,19.08,10.35,2389.7,133.7,-7.65,-168.74,0.7,136.69,32.76,23.27,79.39,0.78,138.23,643.76,1.17,457.23,408.68,422.1,451.19,503.94,546.44
2022-09,AP,2833.0,16.0,177.06,22.02,62304.1,559.5,-5.21,-89.81,0.17,43.64,33.8,23.55,74.48,1.0,154.68,692.16,1.49,392.16,382.29,399.93,380.47,437.27,495.1
2022-10,AP,7813.0,16.0,488.31,21.96,171019.8,630.8,-4.52,-130.45,1.06,66.99,34.14,23.94,73.61,1.06,156.36,682.33,1.49,357.22,365.39,329.53,365.58,390.15,463.76
2022-11,AP,1529.0,16.0,95.56,11.08,16842.1,164.6,-10.24,-243.11,1.63,159.54,32.84,23.41,77.91,0.84,131.31,597.05,1.25,376.92,383.94,337.31,377.77,416.37,500.72
2022-12,AP,136.0,13.0,10.46,8.89,1209.4,71.9,-7.22,-274.01,0.76,299.12,31.3,22.81,82.86,0.62,115.9,542.34,1.2,422.93,407.11,308.74,401.35,436.93,489.77
2023-01,AP,34.0,10.0,3.4,9.42,320.3,63.7,-58.73,-146.18,3.96,337.92,30.16,22.64,86.6,0.47,103.85,494.6,1.07,540.06,461.47,321.31,454.55,546.63,537.53
2023-02,AP,1.0,1.0,1.0,0.6,0.6,0.6,0.0,1.0,28.13,480.98,29.84,22.81,87.83,0.42,88.16,413.82,1.06,686.54,495.54,416.56,528.29,727.57,678.04
2023-03,AP,16.0,8.0,2.0,3.69,59.1,7.5,0.0,-123.56,1.69,347.79,30.24,22.97,87.24,0.45,101.64,473.26,1.13,552.65,450.05,465.68,645.39,662.16,647.03
2023-04,AP,11.0,5.0,2.2,5.34,58.7,12.5,0.01,-453.45,1.04,384.82,31.12,23.21,85.1,0.54,108.4,505.8,1.07,566.05,450.07,513.57,620.02,630.98,602.88
2023-05,AP,35.0,6.0,5.83,8.19,286.5,44.0,0.0,-28.0,0.55,346.33,31.48,23.68,86.96,0.48,104.34,487.81,0.94,749.73,495.77,522.63,623.06,671.71,625.66
2023-06,AP,21.0,12.0,1.75,4.54,86.3,8.6,0.05,1.71,1.54,232.44,31.88,23.47,83.05,0.63,112.0,530.21,0.95,547.57,442.07,377.6,469.08,555.85,564.7
2023-07,AP,78.0,12.0,6.5,9.24,720.8,79.6,-12.57,-253.6,1.21,143.79,32.28,23.48,81.03,0.71,126.69,597.09,1.09,489.27,424.15,343.97,433.72,520.73,538.36
2023-08,AP,999.0,16.0,62.44,20.51,20185.9,331.8,-10.21,-92.96,0.1,45.9,33.54,23.99,76.4,0.93,147.9,670.59,1.28,423.4,394.28,309.97,381.53,433.76,480.37
2023-09,AP,7626.0,16.0,476.62,25.44,192070.7,590.5,-5.64,-125.71,0.29,21.48,34.6,24.12,73.52,1.08,156.39,676.78,1.55,361.47,366.83,281.88,341.86,371.87,438.83
2023-10,AP,18054.0,16.0,1128.38,24.76,445413.6,1993.3,-4.37,-176.85,0.41,20.82,35.05,24.27,72.18,1.16,164.33,696.14,1.62,326.35,348.48,256.19,324.91,337.82,401.61
2023-11,AP,24636.0,16.0,1539.75,27.76,662674.2,509.8,-24.34,-229.5,0.32,43.84,34.71,24.49,74.82,1.05,141.35,590.02,1.57,303.15,334.7,237.6,307.26,323.13,392.18
2023-12,AP,1005.0,16.0,62.81,12.1,11890.1,140.7,-2.51,-233.23,1.62,192.25,32.93,23.92,79.81,0.79,124.29,552.57,1.27,348.83,353.76,266.9,368.34,351.93,434.77
2024-01,AP,33.0,10.0,3.3,3.92,129.3,10.6,0.1,-59.0,2.2,328.89,31.26,23.58,86.81,0.48,107.06,499.16,1.1,453.41,397.08,322.16,453.48,469.89,524.92
2024-02,AP,61.0,11.0,5.55,3.77,230.2,19.9,-16.27,-30.54,4.66,283.07,31.63,23.56,85.49,0.54,105.99,487.61,1.11,432.46,404.26,329.86,476.86,461.1,497.21
2024-03,AP,7.0,5.0,1.4,5.77,40.4,15.1,0.02,-142.0,11.42,232.52,31.19,24.01,88.49,0.43,62.67,283.8,0.96,453.21,406.16,346.53,529.47,524.89,525.56
2024-04,AP,4.0,2.0,2.0,10.8,43.2,22.7,-249.75,-249.75,0.72,232.52,31.19,24.01,88.49,0.43,62.67,283.8,0.96,589.1,472.6,388.27,556.05,702.3,625.02
2024-05,AP,2.0,2.0,1.0,13.75,27.5,14.9,0.0,1.0,11.1,232.52,31.19,24.01,88.49,0.43,62.67,283.8,0.96,672.62,487.42,422.68,560.58,710.43,665.6
2024-06,AP,13.0,4.0,3.25,4.78,62.1,8.8,0.01,-383.08,0.72,232.52,31.19,24.01,88.49,0.43,62.67,283.8,0.96,586.25,473.5,392.88,514.0,616.07,608.97
2024-07,AP,31.0,7.0,4.43,5.25,162.6,13.3,0.04,-287.61,0.6,232.52,31.19,24.01,88.49,0.43,62.67,283.8,0.96,486.5,432.33,344.63,467.74,524.31,528.49
2024-08,AP,389.0,15.0,25.93,8.09,3139.3,73.8,-35.54,-184.2,0.49,-,-,-,-,-,-,-,-,418.77,403.95,313.66,413.53,444.52,471.35
2024-09,AP,2245.0,16.0,140.31,10.74,23906.2,166.9,-24.56,-184.82,0.2,-,-,-,-,-,-,-,-,366.61,376.91,283.4,375.03,384.57,433.2
2024-10,AP,10763.0,16.0,672.69,14.87,158229.1,418.7,-5.83,-184.4,0.22,-,-,-,-,-,-,-,-,330.05,361.89,266.85,352.08,338.72,394.98
2024-11,AP,26493.0,16.0,1655.81,18.83,485978.9,353.8,-4.01,-325.23,0.39,-,-,-,-,-,-,-,-,313.23,346.38,271.97,318.56,308.13,363.98
2024-12,AP,1737.0,16.0,108.56,10.75,18361.1,149.9,-2.33,-317.56,1.83,-,-,-,-,-,-,-,-,374.81,371.77,314.69,364.24,336.05,417.02
