Data,UF,Total_Focos,Qtd_Municipios_Com_Fogo,Media_Focos_Mun_Com_Fogo,FRP_Medio,FRP_Soma,FRP_Maximo,Risco_Fogo_Medio,Dias_Secos_Medio,Precipitacao_Media_Local_Fogo,Precipitacao_Media,Temp_Max_Media,Temp_Min_Media,Umidade_Relativa_Media,VPD_Medio,Evapotranspiracao_Media,Radiacao_Solar_Media,Velocidade_Vento_Media,MISSÃO_AUARIS_-_JUSANTE_14485010,FAZENDA_CAJUPIRANGA_14495000,FAZENDA_PASSARÃO_14515000,BOM_FIM_14526000,MALOCA_DO_CONTÃO_14550000,BOA_VISTA_14620000,POSTO_FUNAÍ_14650000,FÉ_E_ESPERANÇA_14680001,CARACARAI_14710000,MISSÃO_CATRIMANI_14750000,SANTA_MARIA_DO_BOIAÇU_14790000
2000-01,RR,20.0,6.0,3.33,-,0.0,-,-,-,-,-,-,-,-,-,-,-,-,335.84,545.9,669.55,411.05,205.76,209.06,508.92,298.9,223.61,553.26,491.69
2000-02,RR,59.0,13.0,4.54,-,0.0,-,-,-,-,-,-,-,-,-,-,-,-,319.84,594.91,679.91,326.09,198.16,202.78,498.17,288.66,210.24,526.59,483.0
2000-03,RR,147.0,14.0,10.5,-,0.0,-,-,-,-,-,-,-,-,-,-,-,-,308.73,572.55,680.15,279.34,167.24,184.9,498.26,293.03,188.66,569.24,507.29
2000-04,RR,0.0,0.0,6.12,-,0.0,-,-,-,-,-,-,-,-,-,-,-,-,355.83,689.27,824.95,458.02,253.6,337.25,571.72,383.52,391.38,705.55,737.32
2000-05,RR,7.0,4.0,1.75,-,0.0,-,-,-,-,-,-,-,-,-,-,-,-,423.94,771.84,939.76,940.18,257.58,497.77,609.65,471.71,601.82,815.82,987.55
2000-06,RR,0.0,0.0,1.77,-,0.0,-,-,-,-,-,-,-,-,-,-,-,-,508.9,902.6,1098.07,907.9,357.23,680.27,673.08,577.95,819.68,874.35,1228.87
2000-07,RR,0.0,0.0,1.78,-,0.0,-,-,-,-,-,-,-,-,-,-,-,-,497.6,876.52,1053.85,733.6,323.15,601.77,633.61,489.23,721.5,825.32,1205.74
2000-08,RR,9.0,5.0,1.8,-,0.0,-,-,-,-,-,-,-,-,-,-,-,-,468.03,782.66,927.76,668.23,262.79,477.55,580.87,400.61,591.77,751.37,1071.4
2000-09,RR,12.0,2.0,6.0,-,0.0,-,-,-,-,-,-,-,-,-,-,-,-,419.23,664.82,832.9,469.22,209.52,291.22,561.22,356.57,342.62,657.2,779.22
2000-10,RR,25.0,7.0,3.57,-,0.0,-,-,-,-,-,-,-,-,-,-,-,-,374.85,618.63,722.16,391.34,222.73,245.48,532.03,326.77,285.24,590.27,684.63
2000-11,RR,117.0,14.0,8.36,19.92,1693.5,99.6,-,-,-,-,-,-,-,-,-,-,-,381.55,595.62,717.5,375.02,250.99,250.38,517.3,314.54,282.61,556.53,569.58
2000-12,RR,221.0,14.0,15.79,18.96,2655.0,117.9,-,-,-,-,-,-,-,-,-,-,-,366.81,559.19,694.21,311.11,171.2,182.31,482.45,264.83,195.98,506.64,537.55
2001-01,RR,483.0,14.0,34.5,19.13,7114.8,163.7,-,-,-,43.21,31.25,21.55,80.45,0.67,111.95,510.47,1.26,316.04,527.73,610.19,284.81,138.84,133.13,461.85,238.97,142.11,487.52,387.52
2001-02,RR,1415.0,15.0,94.33,21.43,15836.9,200.4,-,-,-,20.81,32.34,21.99,77.58,0.81,108.88,471.21,1.35,287.86,492.61,566.79,264.0,115.2,83.68,433.61,208.7,85.2,466.39,316.38
2001-03,RR,2257.0,15.0,150.47,32.73,35612.9,2729.2,-,-,-,58.28,32.93,22.27,77.49,0.84,130.21,571.09,1.26,273.54,553.52,551.53,252.76,106.82,60.1,416.5,190.4,55.97,455.93,291.5
2001-04,RR,934.0,13.0,71.85,21.78,11502.0,259.5,-,-,-,138.37,32.73,22.59,80.68,0.73,113.53,495.29,1.2,278.62,479.67,560.43,246.42,100.3,68.72,415.12,186.27,63.92,454.3,411.02
2001-05,RR,30.0,6.0,5.0,14.25,299.2,28.8,-,-,-,319.6,31.06,21.99,87.71,0.43,102.11,483.54,0.97,349.11,566.84,661.9,597.83,158.74,216.98,506.56,292.05,228.0,521.15,625.97
2001-06,RR,2.0,1.0,2.0,13.4,13.4,13.4,-,-,-,286.99,29.72,21.06,89.13,0.36,86.17,419.82,0.71,421.35,721.17,823.07,758.71,281.23,392.51,545.98,361.17,452.38,623.92,886.92
2001-07,RR,5.0,4.0,1.25,24.7,98.8,41.2,-,-,-,222.88,31.26,21.42,87.21,0.44,108.78,530.04,0.86,431.48,680.65,817.82,782.43,239.94,395.32,526.29,329.65,461.42,593.48,941.98
2001-08,RR,16.0,5.0,3.2,20.0,240.0,46.8,-,-,-,191.43,32.07,21.79,82.77,0.62,123.29,590.89,0.72,399.98,672.69,828.45,784.05,274.09,444.45,533.06,350.46,531.01,646.4,965.1
2001-09,RR,18.0,6.0,3.0,19.26,327.5,60.6,-,-,-,154.93,33.09,22.51,79.52,0.78,132.47,615.61,0.93,383.35,623.5,707.82,540.08,218.39,276.32,530.37,323.24,331.24,610.3,797.73
2001-10,RR,80.0,11.0,7.27,20.69,1386.2,166.5,-,-,-,61.17,34.7,23.37,75.07,1.01,143.56,636.31,1.01,328.45,554.1,608.85,348.77,145.31,138.48,470.15,241.8,159.45,512.56,541.63
2001-11,RR,210.0,13.0,16.15,21.05,2757.5,120.6,-,-,-,51.62,34.3,23.32,74.43,1.02,139.5,622.65,1.16,318.12,523.15,605.62,321.08,135.64,134.87,470.6,257.27,150.72,554.78,478.42
2001-12,RR,222.0,15.0,14.8,16.47,2355.8,98.6,-,-,-,76.81,33.35,23.33,79.81,0.79,118.01,517.7,1.19,317.61,516.92,593.94,274.48,136.01,113.4,444.18,220.49,113.71,486.4,371.8
2002-01,RR,653.0,15.0,43.53,20.6,7127.9,133.5,-,-,-,34.96,33.58,22.67,74.61,0.97,132.23,574.38,1.33,283.11,480.45,551.84,257.12,118.9,79.68,417.23,189.7,75.68,460.89,314.39
2002-02,RR,915.0,15.0,61.0,20.19,8420.2,202.6,-,-,-,20.12,33.08,23.11,74.3,0.98,111.09,452.82,1.44,275.59,482.31,545.4,248.39,112.38,69.24,402.54,171.83,71.69,440.13,292.3
2002-03,RR,1097.0,15.0,73.13,26.53,7002.7,402.7,-,-,-,135.93,33.39,23.19,78.48,0.84,126.23,545.43,1.2,297.4,529.23,572.52,239.85,111.48,84.74,427.39,196.77,79.06,454.55,291.05
2002-04,RR,85.0,13.0,6.54,15.72,691.5,60.6,-,-,-,259.66,31.89,22.49,83.74,0.6,104.0,472.04,0.9,324.47,619.2,686.99,335.46,172.92,196.88,540.43,311.41,216.74,508.92,502.72
2002-05,RR,7.0,4.0,1.75,17.41,121.9,29.9,-,-,-,330.12,30.71,22.52,87.23,0.45,94.22,435.47,0.94,413.02,692.04,764.89,583.84,212.99,287.69,567.81,376.96,333.14,625.99,761.42
2002-06,RR,2.0,2.0,1.0,7.85,15.7,8.6,-,-,-,436.51,30.23,21.64,88.31,0.39,92.43,451.65,0.65,443.82,837.38,1034.49,885.67,384.97,607.15,646.82,481.22,696.75,969.36,1074.46
2002-07,RR,13.0,6.0,2.17,12.59,163.7,28.6,-,-,-,220.82,31.77,22.27,83.89,0.58,117.77,566.98,0.87,448.13,799.19,937.71,696.6,257.15,513.22,600.58,412.5,643.08,834.53,1207.23
2002-08,RR,38.0,12.0,3.17,13.32,452.8,44.1,-,-,-,158.48,32.31,22.4,81.13,0.7,127.56,599.02,0.93,412.43,680.08,790.42,539.28,224.64,337.03,583.58,379.02,420.61,699.71,943.4
2002-09,RR,189.0,13.0,14.54,19.59,2800.9,88.8,-,-,-,85.36,34.63,22.99,74.58,1.01,139.7,621.28,1.01,350.78,587.27,673.49,387.95,159.43,208.76,532.52,313.78,257.99,602.63,662.32
2002-10,RR,574.0,15.0,38.27,25.44,11903.7,187.0,-,-,-,49.66,34.82,23.29,72.88,1.1,140.56,594.31,1.23,321.77,538.13,624.27,298.77,121.95,131.97,482.32,263.48,151.01,513.19,430.52
2002-11,RR,500.0,15.0,33.33,27.59,9711.3,475.7,-,-,-,78.04,34.4,23.11,75.91,0.96,129.35,560.92,1.22,333.7,562.45,658.46,273.73,128.08,161.5,483.4,269.46,168.34,506.35,434.87
2002-12,RR,736.0,15.0,49.07,54.82,27355.9,1709.2,-,-,-,35.9,32.97,22.98,75.66,0.92,125.69,535.72,1.49,332.29,544.85,618.84,263.39,118.76,129.08,480.84,243.85,132.09,483.94,371.87
2003-01,RR,2078.0,15.0,138.53,46.08,65383.1,801.1,-,-,-,19.94,33.59,22.59,72.37,1.05,140.49,612.66,1.4,278.27,494.32,557.94,254.93,98.42,67.9,451.29,202.22,82.34,464.06,310.73
2003-02,RR,4521.0,15.0,301.4,50.11,143173.6,1810.2,-,-,-,24.35,33.94,22.88,71.0,1.13,122.51,502.18,1.41,263.67,462.63,528.04,245.09,87.04,26.88,421.36,175.15,43.29,443.59,244.12
2003-03,RR,9980.0,15.0,665.33,32.5,212541.8,2411.2,-,-,-,72.64,34.04,23.09,72.58,1.08,129.11,522.24,1.31,268.46,434.6,508.92,237.61,94.77,14.94,403.17,165.69,26.52,434.73,217.81
2003-04,RR,1511.0,15.0,100.73,26.58,25914.9,761.6,-,-,-,168.42,32.92,22.88,79.95,0.77,110.81,484.88,0.99,351.6,481.15,548.12,238.44,98.76,52.52,464.82,219.87,66.27,475.15,293.27
2003-05,RR,18.0,7.0,2.57,16.92,219.9,50.0,-,-,-,315.39,30.65,22.19,86.18,0.48,94.6,440.9,0.77,275.75,683.1,748.53,578.07,210.16,289.63,577.5,391.44,359.27,656.11,676.29
2003-06,RR,10.0,3.0,3.33,17.34,121.4,37.9,-,-,-,244.05,31.79,22.02,84.82,0.54,97.8,461.23,0.69,389.18,723.69,809.52,624.82,265.55,359.67,563.88,371.79,436.6,663.88,946.07
2003-07,RR,1.0,1.0,1.0,14.6,0.0,28.25,-,-,-,281.07,31.46,21.38,83.8,0.56,104.9,505.36,0.66,390.21,822.6,916.81,828.29,348.48,405.27,566.02,382.09,570.59,695.24,990.66
2003-08,RR,8.0,5.0,1.6,11.86,83.0,18.6,-,-,-,178.96,32.61,21.85,81.32,0.68,123.82,579.68,0.95,344.71,717.13,853.99,615.44,303.25,450.88,573.05,428.29,570.4,697.5,1001.23
2003-09,RR,12.0,7.0,1.71,11.24,123.6,20.8,-,-,-,168.56,33.09,22.02,81.39,0.69,127.43,588.01,1.07,328.88,623.35,776.78,559.02,294.58,357.27,531.97,339.93,409.18,646.75,825.64
2003-10,RR,51.0,14.0,3.64,24.23,945.0,99.4,-,-,-,87.1,33.53,22.55,79.87,0.77,128.51,578.66,1.05,310.98,549.77,647.96,423.42,198.72,190.76,501.16,289.96,255.37,571.02,654.08
2003-11,RR,98.0,15.0,6.53,19.29,1388.6,139.4,-,-,-,113.29,33.86,22.39,79.1,0.8,123.86,553.9,1.16,365.72,557.14,647.53,378.35,246.8,206.22,471.93,254.61,228.18,518.33,544.47
2003-12,RR,436.0,15.0,29.07,30.11,8883.1,416.5,-,-,-,33.67,33.61,22.95,75.86,0.93,135.91,574.96,1.74,330.68,505.6,574.48,295.94,161.82,108.44,441.0,219.98,124.91,485.48,398.62
2004-01,RR,1505.0,15.0,100.33,39.55,36386.3,1036.8,-,-,-,35.37,33.38,22.15,76.54,0.88,126.81,555.0,1.29,330.07,534.16,592.13,272.82,171.39,121.35,440.66,221.44,127.03,474.51,364.57
2004-02,RR,1200.0,15.0,80.0,36.5,26204.3,895.2,-,-,-,66.2,33.44,22.16,75.89,0.91,115.39,473.82,1.47,293.97,456.89,527.91,257.31,120.08,45.52,386.47,183.52,49.52,445.68,269.12
2004-03,RR,2257.0,15.0,150.47,33.45,35393.6,614.0,-,-,-,65.59,33.22,22.47,76.87,0.87,125.23,519.43,1.49,290.56,476.1,544.47,252.72,133.38,55.87,410.04,199.17,64.26,439.64,278.08
2004-04,RR,597.0,15.0,39.8,30.47,11670.2,291.2,-,-,-,201.9,32.69,22.15,81.24,0.7,109.61,480.29,1.13,341.98,495.7,600.25,253.68,165.67,117.29,559.0,269.94,133.53,512.87,359.67
2004-05,RR,11.0,6.0,1.83,13.35,146.9,29.1,-,-,-,448.04,30.92,21.6,86.91,0.45,94.15,437.62,0.92,408.96,770.81,949.47,683.52,388.81,496.51,543.56,391.23,551.81,759.77,846.23
2004-06,RR,10.0,4.0,2.5,10.58,95.2,21.6,-,-,-,291.31,31.03,20.99,85.52,0.49,97.92,468.88,0.93,462.57,786.67,939.74,770.94,277.87,508.51,584.77,420.33,636.02,814.81,1085.43
2004-07,RR,4.0,3.0,1.33,13.47,40.4,19.0,-,-,-,248.95,31.02,20.84,84.94,0.51,108.29,527.61,0.89,465.84,671.05,826.18,714.55,265.06,398.61,532.08,338.65,490.65,733.71,994.82
2004-08,RR,38.0,9.0,4.22,18.06,541.8,89.2,-,-,-,211.75,32.02,22.44,81.7,0.67,122.36,579.63,0.83,408.66,649.94,822.31,763.98,256.27,440.62,552.3,351.15,564.88,661.86,986.7
2004-09,RR,59.0,12.0,4.92,11.55,311.8,34.6,-,-,-,153.24,32.86,22.83,81.12,0.71,120.64,557.0,0.83,408.32,617.88,761.93,537.6,241.26,319.92,538.65,340.38,394.55,658.74,849.73
2004-10,RR,158.0,12.0,13.17,16.79,1964.2,81.7,-,-,-,168.85,33.2,22.86,79.07,0.81,128.19,581.34,0.95,371.05,585.18,682.2,457.73,216.55,236.82,507.8,303.25,288.27,602.77,689.08
2004-11,RR,480.0,15.0,32.0,22.97,8336.6,554.9,-,-,-,21.8,34.85,23.85,73.67,1.08,134.63,589.33,1.06,326.07,529.81,618.1,337.93,150.7,152.43,460.47,251.17,193.51,530.08,545.88
2004-12,RR,765.0,15.0,51.0,23.62,13156.6,209.7,-,-,-,53.46,33.71,23.8,76.52,0.93,123.75,519.85,1.41,305.15,497.47,566.71,284.15,146.64,90.11,441.94,226.24,107.74,503.4,372.56
2005-01,RR,525.0,15.0,35.0,40.38,11951.1,898.9,-,-,-,123.88,33.54,23.48,77.18,0.9,127.79,570.77,1.06,293.77,513.32,596.14,283.47,204.02,127.68,440.87,228.9,132.48,478.21,370.39
2005-02,RR,762.0,15.0,50.8,53.2,16173.3,1961.0,-,-,-,105.54,32.44,23.07,79.08,0.79,102.81,449.2,1.06,291.03,570.05,676.26,282.65,165.84,171.8,469.59,269.78,196.07,495.52,484.88
2005-03,RR,1662.0,15.0,110.8,33.31,26449.4,739.1,-,-,-,80.71,33.17,23.59,77.58,0.87,116.97,490.39,1.16,273.97,518.53,593.06,256.44,114.6,92.39,451.47,233.91,112.69,490.23,421.23
2005-04,RR,279.0,14.0,19.93,37.74,3547.1,192.2,-,-,-,311.09,31.41,22.72,82.8,0.63,96.38,426.57,0.92,342.4,662.52,746.55,387.87,191.78,237.5,587.12,368.4,264.54,639.2,599.97
2005-05,RR,21.0,9.0,2.33,24.08,313.1,45.7,-,-,-,319.65,30.83,22.04,83.53,0.57,97.99,457.53,0.75,350.48,769.87,926.35,803.77,304.85,469.93,627.21,445.65,550.64,720.26,1004.03
2005-06,RR,19.0,8.0,2.38,19.47,292.0,63.3,-,-,-,235.08,31.81,22.37,82.06,0.65,103.49,489.27,0.7,344.62,719.88,896.41,723.82,261.94,458.72,593.3,411.68,571.8,729.3,1092.12
2005-07,RR,14.0,7.0,2.0,9.58,115.0,19.9,-,-,-,338.09,31.11,22.12,83.68,0.57,105.46,509.06,0.6,436.6,818.6,1036.37,841.08,373.59,601.99,597.34,442.86,689.68,827.64,1029.18
2005-08,RR,35.0,11.0,3.18,12.34,333.1,42.6,-,-,-,230.5,32.28,22.66,81.58,0.68,122.52,576.35,0.79,412.63,739.76,942.91,747.98,377.85,538.24,593.67,423.02,670.02,812.94,1097.19
2005-09,RR,286.0,15.0,19.07,17.03,2930.0,65.4,-,-,-,96.06,33.64,23.09,78.55,0.84,134.34,617.08,0.91,354.75,596.47,714.69,486.7,187.14,265.63,529.47,327.13,345.23,672.08,844.52
2005-10,RR,285.0,14.0,20.36,50.55,10616.2,1663.0,-,-,-,102.76,34.34,23.45,77.48,0.91,139.16,624.28,0.96,328.46,540.44,625.17,396.82,167.27,166.6,493.16,281.82,210.21,572.01,580.31
2005-11,RR,361.0,13.0,27.77,41.99,12259.7,1772.6,-,-,-,105.19,33.51,23.67,80.39,0.78,117.06,526.48,0.88,344.22,540.68,599.42,322.62,173.71,137.14,476.13,260.55,165.58,521.77,468.26
2005-12,RR,288.0,13.0,22.15,21.07,4488.1,139.4,-,-,-,177.37,33.08,23.27,82.05,0.69,114.8,521.03,0.95,352.32,641.64,631.67,284.2,194.56,231.19,509.42,312.47,257.97,598.68,570.3
2006-01,RR,167.0,12.0,13.92,19.24,2463.1,88.4,-,-,-,210.06,31.7,22.81,83.55,0.6,112.27,527.86,0.83,374.64,704.86,790.76,315.61,232.94,300.55,547.52,354.1,341.19,686.88,761.38
2006-02,RR,988.0,15.0,65.87,36.82,22498.9,1384.1,-,-,-,55.08,32.14,23.04,79.83,0.75,107.84,496.66,0.84,362.16,704.21,781.88,300.59,167.91,292.48,561.05,359.79,340.88,633.86,743.34
2006-03,RR,1513.0,15.0,100.87,33.5,28572.6,470.7,-,-,-,69.26,33.05,23.32,76.56,0.9,132.05,579.2,1.17,327.21,584.71,662.77,257.06,134.71,167.47,493.48,280.5,193.36,539.26,529.31
2006-04,RR,1021.0,15.0,68.07,26.82,18640.1,414.7,-,-,-,146.61,32.74,23.15,79.32,0.79,115.32,513.21,0.91,319.58,552.63,661.4,254.19,127.28,139.0,495.4,280.22,165.88,534.87,506.82
2006-05,RR,25.0,9.0,2.78,13.55,162.6,33.8,-,-,-,445.11,30.02,22.48,88.8,0.38,87.32,413.88,0.53,406.18,775.77,975.1,771.65,320.49,522.42,575.76,394.98,581.16,764.68,889.85
2006-06,RR,7.0,5.0,1.4,8.1,8.1,8.1,-,-,-,400.58,30.79,22.34,85.41,0.51,96.55,463.51,0.65,446.12,836.54,1116.22,1095.26,464.68,758.39,613.05,457.14,838.67,760.51,1170.2
2006-07,RR,10.0,5.0,2.0,15.1,45.3,18.0,-,-,-,415.08,30.77,22.16,85.39,0.51,100.07,483.29,0.57,456.93,821.02,1094.96,975.51,419.93,733.96,615.33,464.73,856.24,770.0,1258.35
2006-08,RR,32.0,9.0,3.56,20.37,590.7,40.3,-,-,-,180.19,32.61,22.83,80.61,0.73,128.36,608.67,0.73,458.02,761.55,958.27,714.31,345.65,568.56,582.52,403.27,702.0,658.81,1199.87
2006-09,RR,137.0,14.0,9.79,19.27,1792.4,158.5,-,-,-,118.17,33.65,23.01,77.23,0.89,135.73,630.14,0.8,404.52,643.72,781.72,507.28,231.4,328.3,542.83,343.49,403.85,546.0,906.44
2006-10,RR,364.0,15.0,24.27,34.13,9419.6,555.5,-,-,-,57.27,34.49,23.61,74.77,1.02,145.55,651.41,0.99,398.32,563.84,678.4,383.61,166.97,193.66,492.97,287.84,233.39,484.87,594.47
2006-11,RR,214.0,15.0,14.27,18.16,3340.6,241.2,-,-,-,142.05,32.55,22.87,79.35,0.78,115.03,533.03,0.78,377.5,585.62,702.85,358.8,171.7,203.02,504.88,300.63,245.45,491.87,565.4
2006-12,RR,796.0,15.0,53.07,41.79,26539.1,1366.5,-,-,-,41.02,33.01,22.94,76.82,0.88,126.14,570.78,1.11,363.18,576.88,686.62,301.61,156.23,184.94,490.29,271.08,202.97,465.26,497.1
2007-01,RR,1003.0,15.0,66.87,32.97,20275.9,937.0,-,-,-,42.35,32.68,23.19,77.19,0.86,119.16,507.32,1.4,326.34,535.55,619.98,279.87,136.84,133.31,469.5,235.83,148.06,436.13,404.27
2007-02,RR,4544.0,15.0,302.93,40.26,100818.1,547.3,-,-,-,27.25,34.32,22.87,68.36,1.24,138.47,591.01,1.37,287.57,484.5,573.16,257.5,109.05,78.93,437.04,202.42,95.5,420.75,330.31
2007-03,RR,5651.0,15.0,376.73,30.3,80090.0,1328.1,-,-,-,145.73,33.25,22.87,77.94,0.85,124.02,545.55,0.98,300.9,464.4,553.47,249.1,129.53,57.89,415.0,190.74,70.35,428.84,384.21
2007-04,RR,349.0,14.0,24.93,32.26,7548.9,356.3,-,-,-,215.73,31.93,23.0,83.05,0.63,108.42,498.45,0.83,326.56,569.32,695.67,391.88,177.27,191.22,448.87,246.41,203.95,491.07,513.22
2007-05,RR,6.0,4.0,1.5,13.14,65.7,20.0,-,-,-,441.63,30.82,22.67,86.33,0.48,97.17,460.53,0.55,404.17,759.23,843.29,861.34,250.61,437.23,567.94,399.54,490.34,649.5,844.84
2007-06,RR,10.0,5.0,2.0,20.72,124.3,68.4,-,-,-,436.28,30.74,22.17,84.93,0.52,94.2,452.14,0.59,470.09,807.09,1051.4,1042.03,374.68,653.75,676.15,447.37,784.53,805.07,1158.46
2007-07,RR,17.0,7.0,2.43,13.34,213.5,23.2,-,-,-,291.9,31.84,22.67,82.23,0.65,108.88,515.56,0.62,440.42,739.07,977.02,852.02,345.02,590.63,669.08,396.68,719.37,769.68,1198.06
2007-08,RR,21.0,8.0,2.62,20.46,245.5,48.2,-,-,-,285.09,31.49,22.54,83.82,0.58,108.56,512.55,0.63,433.5,756.65,997.29,832.66,412.66,615.55,558.94,378.84,715.45,645.35,1087.81
2007-09,RR,57.0,12.0,4.75,19.6,666.3,169.9,-,-,-,173.46,33.0,22.82,80.55,0.74,122.87,571.5,0.69,442.72,695.26,838.53,597.15,283.95,404.13,532.55,342.59,501.45,640.39,1011.29
2007-10,RR,176.0,14.0,12.57,24.63,2733.7,205.9,-,-,-,115.45,33.38,22.57,77.64,0.85,129.95,594.11,0.86,406.03,609.16,720.19,467.93,205.92,261.66,506.98,301.76,327.31,568.92,758.45
2007-11,RR,837.0,15.0,55.8,32.61,18555.3,503.2,-,-,-,46.91,34.1,23.06,74.33,1.01,136.49,617.23,1.06,359.55,557.88,650.67,358.4,164.91,179.12,484.54,263.82,214.82,435.77,585.2
2007-12,RR,86.0,13.0,6.62,21.84,1376.2,144.4,-,-,-,167.06,32.22,22.39,81.99,0.66,110.63,510.79,0.93,374.42,628.03,657.31,351.08,209.1,252.19,495.73,292.05,264.06,454.98,539.98
2008-01,RR,966.0,15.0,64.4,39.24,23662.8,1147.2,-,-,-,39.29,32.08,22.32,78.08,0.8,122.58,557.29,1.2,334.58,570.48,642.89,318.83,147.0,179.71,479.92,259.65,212.39,402.26,520.98
2008-02,RR,640.0,15.0,42.67,40.86,15810.9,557.8,-,-,-,98.27,31.89,22.65,79.42,0.75,112.34,506.9,1.09,346.88,630.64,732.02,291.67,154.63,193.83,470.95,282.97,210.22,401.19,449.34
2008-03,RR,2282.0,15.0,152.13,53.44,66052.4,2618.8,-,-,-,91.85,32.23,22.23,77.5,0.83,123.67,550.6,1.1,344.45,655.19,742.47,286.1,135.56,234.73,460.99,288.35,264.87,441.27,561.89
2008-04,RR,736.0,15.0,49.07,28.92,13882.8,274.5,-,-,-,152.17,32.71,22.87,78.7,0.81,119.48,530.2,1.08,336.98,580.51,699.2,267.73,142.72,179.83,489.45,287.44,217.4,421.83,503.77
2008-05,RR,46.0,8.0,5.75,18.48,702.1,97.0,-,-,-,416.98,30.86,22.34,85.64,0.51,96.75,453.19,0.75,391.75,794.0,913.44,573.1,278.99,404.69,642.73,418.24,453.26,692.59,816.89
2008-06,RR,9.0,5.0,1.8,24.88,149.3,44.9,-,-,-,347.19,30.44,22.1,86.15,0.48,90.55,433.42,0.62,492.74,887.83,1095.32,917.42,357.8,623.95,618.78,447.16,728.47,813.54,1161.18
2008-07,RR,6.0,3.0,2.0,7.4,7.4,7.4,-,-,-,347.81,30.93,21.55,85.6,0.5,101.41,491.52,0.64,523.97,833.03,1043.94,1000.32,400.91,696.23,602.94,436.92,805.52,828.81,1182.42
2008-08,RR,28.0,11.0,2.55,27.34,382.7,99.5,-,-,-,218.18,32.6,22.36,81.32,0.69,121.32,574.24,0.67,498.0,772.56,960.85,738.91,372.95,561.48,564.79,370.51,661.74,729.01,1124.65
2008-09,RR,70.0,11.0,6.36,15.54,621.6,42.5,-,-,-,139.13,33.15,22.72,81.25,0.71,126.11,585.13,0.8,450.42,668.41,801.42,572.15,223.21,367.82,527.41,321.73,445.38,631.43,893.32
2008-10,RR,238.0,15.0,15.87,32.96,5866.1,396.0,-,-,-,126.4,33.36,22.9,80.32,0.76,128.62,595.21,0.78,420.06,616.59,727.74,475.18,211.85,261.58,436.81,305.65,318.27,631.02,752.44
2008-11,RR,304.0,13.0,23.38,34.65,8766.6,504.1,-,-,-,119.7,33.03,23.26,81.23,0.72,114.32,524.8,0.82,392.03,627.72,738.59,375.29,231.6,248.57,408.8,301.18,284.55,575.92,641.98
2008-12,RR,55.0,12.0,4.58,17.06,665.4,51.5,-,-,-,247.41,31.62,22.92,85.07,0.55,100.8,470.14,0.73,402.18,718.74,827.54,442.31,297.92,351.97,473.01,387.37,409.31,630.83,770.77
2009-01,RR,101.0,11.0,9.18,20.3,1786.5,91.1,-,-,-,134.89,31.0,22.75,84.15,0.56,105.33,492.34,0.95,433.48,762.42,886.72,486.98,221.65,397.82,491.74,386.38,483.42,629.91,874.34
2009-02,RR,446.0,15.0,29.73,24.36,9474.1,247.4,-,-,-,73.76,31.6,22.73,80.19,0.72,106.71,488.08,1.06,360.02,678.62,797.75,413.79,166.62,277.68,459.3,341.87,327.71,540.12,694.35
2009-03,RR,774.0,15.0,51.6,26.8,12165.2,242.3,-,-,-,126.05,32.53,23.1,81.25,0.71,118.8,537.25,0.91,343.32,656.98,758.55,340.14,153.21,243.53,439.06,324.7,274.03,577.94,598.14
2009-04,RR,586.0,15.0,39.07,23.76,10740.3,197.7,-,-,-,126.52,32.55,23.14,81.23,0.71,116.56,532.24,0.87,338.23,681.03,817.73,316.27,172.13,303.07,531.28,336.74,322.68,607.86,730.77
2009-05,RR,592.0,15.0,39.47,27.53,14451.3,330.4,-,-,-,68.17,32.76,23.21,80.68,0.74,118.64,542.39,0.9,332.38,582.39,675.46,283.09,124.02,175.1,502.76,280.19,205.69,535.18,697.74
2009-06,RR,41.0,11.0,3.73,13.28,451.6,27.1,-,-,-,345.5,30.77,22.34,86.57,0.47,88.71,420.04,0.55,336.32,668.42,765.93,488.9,203.41,280.9,552.72,357.24,321.75,639.47,840.99
2009-07,RR,24.0,10.0,2.4,14.04,337.0,44.6,-,-,-,254.79,31.88,22.2,84.71,0.55,111.98,548.04,0.41,370.15,710.66,831.27,696.06,243.53,403.51,597.15,421.31,510.71,769.79,1040.51
2009-08,RR,58.0,11.0,5.27,16.9,895.6,69.2,-,-,-,113.45,33.21,22.9,81.64,0.7,128.19,610.93,0.5,347.61,633.18,755.65,485.85,211.44,287.01,559.82,359.73,365.4,687.78,859.52
2009-09,RR,314.0,15.0,20.93,28.91,7892.3,721.7,-,-,-,66.96,34.72,23.32,76.33,0.96,139.82,647.22,0.64,336.07,552.62,639.04,347.4,155.12,158.91,496.83,285.08,209.0,575.4,570.72
2009-10,RR,594.0,15.0,39.6,38.22,18690.2,834.6,-,-,-,71.57,34.85,23.58,77.46,0.93,137.39,623.9,0.7,321.71,528.03,610.56,289.53,151.13,123.08,469.85,247.44,147.52,530.35,429.57
2009-11,RR,727.0,15.0,48.47,41.49,24191.4,1001.0,-,-,-,41.67,34.32,23.62,77.46,0.91,133.06,613.96,0.75,298.82,526.79,606.75,278.84,148.22,129.25,466.02,246.78,158.4,497.88,417.4
2009-12,RR,941.0,15.0,62.73,38.0,26373.0,1079.3,-,-,-,33.48,32.95,23.23,77.03,0.88,117.75,531.23,0.86,293.52,490.91,568.51,257.65,129.9,82.52,433.61,205.99,102.44,468.79,333.58
2010-01,RR,1112.0,15.0,74.13,40.58,33113.0,667.0,-,-,-,38.78,32.79,22.83,76.0,0.9,119.39,544.6,0.82,271.5,466.81,544.36,248.14,110.92,52.25,419.58,193.33,78.02,455.36,291.15
2010-02,RR,1993.0,15.0,132.87,34.64,49057.3,890.2,-,-,-,62.26,33.32,23.45,77.89,0.86,102.53,451.07,0.79,261.71,447.29,522.93,245.83,99.19,29.4,405.36,174.06,48.84,441.23,247.65
2010-03,RR,1391.0,15.0,92.73,36.35,28679.8,867.2,-,-,-,78.17,33.88,23.89,78.12,0.88,130.76,588.35,0.74,260.37,472.38,538.84,251.12,109.58,44.07,434.52,188.06,71.73,447.76,258.27
2010-04,RR,115.0,12.0,9.58,20.48,757.6,84.5,-,-,-,333.49,31.61,23.37,86.11,0.52,92.53,428.46,0.34,394.6,585.66,676.22,360.22,202.42,180.8,527.12,279.92,202.15,527.38,449.62
2010-05,RR,11.0,5.0,2.2,51.93,363.5,154.1,-,-,-,387.12,30.98,23.28,87.28,0.46,92.63,435.53,0.35,462.1,807.35,984.36,913.48,344.73,547.67,550.22,393.27,600.2,735.4,949.38
2010-06,RR,13.0,8.0,1.62,6.5,6.5,6.5,-,-,-,337.49,31.68,22.69,85.57,0.52,100.11,484.2,0.38,482.72,765.66,1013.93,943.07,425.37,658.2,539.14,386.32,744.7,656.53,1132.43
2010-07,RR,9.0,3.0,3.0,9.8,19.6,15.0,-,-,-,311.48,30.96,22.24,85.81,0.5,99.41,481.2,0.42,494.71,807.21,1059.15,916.19,462.35,688.58,565.59,392.4,773.5,731.36,1158.13
2010-08,RR,34.0,10.0,3.4,13.0,104.0,28.9,-,-,-,233.08,31.87,22.15,82.41,0.64,110.0,525.95,0.44,511.37,764.06,1004.22,889.0,406.07,637.05,542.51,361.01,753.42,644.05,1097.89
2010-09,RR,77.0,13.0,5.92,13.62,408.5,39.2,-,-,-,129.14,33.2,23.16,77.83,0.85,131.55,618.52,0.67,465.49,669.63,845.84,530.02,307.88,391.77,510.87,310.85,472.68,554.93,914.97
2010-10,RR,187.0,14.0,13.36,29.28,4304.2,768.1,-,-,-,96.31,33.55,23.55,75.24,0.98,135.99,623.03,0.78,399.21,584.94,728.66,444.05,256.14,250.72,487.45,278.31,294.0,511.18,625.96
2010-11,RR,71.0,12.0,5.92,19.89,1173.5,98.0,-,-,-,184.46,32.59,23.05,81.09,0.72,115.85,542.95,0.72,407.36,660.1,776.65,542.17,334.11,339.08,524.42,305.42,380.45,526.01,666.54
2010-12,RR,161.0,13.0,12.38,23.83,3407.0,353.3,-,-,-,160.25,31.99,22.88,80.54,0.72,111.69,521.79,0.76,395.28,668.04,858.81,444.48,248.77,306.9,503.47,285.41,358.15,523.37,686.22
2011-01,RR,637.0,15.0,42.47,27.23,15600.5,564.8,-,-,-,84.47,31.71,22.65,77.36,0.82,119.88,548.99,1.07,357.2,660.61,739.75,389.93,177.05,256.45,503.55,279.9,309.34,537.01,691.4
2011-02,RR,434.0,15.0,28.93,28.13,8439.8,684.3,-,-,-,118.38,32.47,23.27,78.9,0.8,109.69,492.87,0.99,318.2,633.6,725.57,319.34,202.54,223.76,502.41,282.75,250.19,487.3,515.71
2011-03,RR,374.0,15.0,24.93,25.58,5525.9,182.6,-,-,-,185.46,31.27,22.76,82.33,0.64,112.12,511.72,0.94,325.48,696.48,834.26,451.85,213.19,340.36,549.48,335.78,386.27,537.11,702.31
2011-04,RR,338.0,13.0,26.0,20.81,4411.1,128.7,-,-,-,190.73,32.17,23.11,81.18,0.7,113.05,517.69,0.84,375.87,643.4,742.94,452.63,160.62,245.98,506.33,291.88,287.02,516.58,709.72
2011-05,RR,60.0,12.0,5.0,11.96,155.5,27.0,-,-,-,499.93,30.18,22.7,88.49,0.4,88.81,420.05,0.48,422.69,826.15,996.44,894.09,437.9,559.77,670.39,496.86,637.45,715.11,1008.37
2011-06,RR,26.0,10.0,2.6,13.95,153.5,44.1,-,-,-,325.76,30.93,22.67,87.03,0.46,97.03,469.78,0.48,405.47,824.8,1120.76,998.19,424.27,792.63,605.93,446.3,932.12,828.96,1287.16
2011-07,RR,19.0,7.0,2.71,14.44,231.1,31.4,-,-,-,235.61,31.55,22.55,85.29,0.53,112.28,547.44,0.53,365.06,701.99,862.62,756.34,304.58,436.39,567.46,393.5,553.77,732.03,1174.72
2011-08,RR,85.0,12.0,7.08,22.83,1666.8,207.8,-,-,-,167.12,32.75,22.52,82.09,0.67,131.23,629.04,0.68,358.01,676.9,844.65,682.03,291.54,443.5,561.24,379.27,577.21,721.75,1006.26
2011-09,RR,112.0,15.0,7.47,23.06,2052.4,218.0,-,-,-,118.13,33.44,22.95,80.87,0.74,129.14,606.41,0.65,370.26,629.42,747.67,478.73,247.32,273.86,502.13,326.02,355.25,620.15,788.88
2011-10,RR,199.0,12.0,16.58,23.92,3180.8,250.0,-,-,-,144.97,33.22,22.99,80.55,0.75,128.89,594.11,0.83,397.34,679.47,820.27,448.1,289.16,342.26,448.77,358.29,404.94,716.2,741.59
2011-11,RR,289.0,15.0,19.27,32.86,7229.5,387.4,-,-,-,147.37,32.88,23.25,80.92,0.73,119.05,556.23,0.73,418.85,683.32,806.79,505.02,286.05,332.67,435.53,337.45,406.7,679.9,799.08
2011-12,RR,754.0,15.0,50.27,23.67,12854.5,210.6,-,-,-,48.99,33.12,23.26,77.93,0.85,125.8,579.53,0.91,383.23,600.15,702.54,434.24,193.1,216.68,390.94,285.99,268.06,564.49,615.02
2012-01,RR,1290.0,15.0,86.0,22.51,10962.7,211.4,-,-,-,91.83,32.49,23.08,77.71,0.83,122.47,550.44,1.11,358.64,591.37,679.6,399.12,170.06,175.29,388.81,266.87,212.4,525.22,491.38
2012-02,RR,1701.0,15.0,113.4,30.23,8736.5,333.4,-,-,-,108.24,31.89,22.8,78.42,0.79,111.12,498.1,1.08,373.15,640.66,730.58,397.55,213.06,227.1,427.74,309.36,266.62,518.31,553.14
2012-03,RR,2266.0,15.0,151.07,29.84,9637.5,986.6,-,-,-,138.35,32.24,22.96,78.45,0.81,119.35,530.54,0.97,346.36,652.52,719.61,378.18,162.32,216.38,447.1,305.53,268.06,565.02,635.77
2012-04,RR,464.0,14.0,33.14,20.12,1408.4,78.6,-,-,-,301.76,31.25,22.82,84.85,0.55,101.54,472.85,0.64,406.86,720.28,834.47,388.08,215.08,317.49,485.2,394.39,391.38,701.75,835.02
2012-05,RR,242.0,15.0,16.13,14.18,524.7,33.9,-,-,-,265.61,31.2,22.6,84.7,0.55,106.32,507.6,0.6,427.03,748.98,980.16,741.68,251.48,474.98,472.78,387.18,554.74,691.69,1064.29
2012-06,RR,219.0,15.0,14.6,15.89,699.3,63.7,-,-,-,182.64,31.54,22.7,83.42,0.6,107.95,521.9,0.64,457.42,685.53,804.87,513.4,227.61,349.82,528.83,365.02,409.28,668.81,948.12
2012-07,RR,65.0,13.0,5.0,9.41,75.3,20.2,-,-,-,293.72,30.76,22.22,86.35,0.48,99.53,482.13,0.48,392.32,744.32,773.65,852.08,335.12,518.04,580.23,401.48,609.67,702.28,994.0
2012-08,RR,295.0,12.0,24.58,11.07,155.0,16.0,-,-,-,190.48,31.73,22.26,83.98,0.58,113.52,543.18,0.59,476.19,728.69,733.8,798.26,356.66,514.4,566.1,375.73,630.39,738.06,1060.44
2012-09,RR,1003.0,15.0,66.87,22.85,3381.8,131.2,-,-,-,98.42,33.72,22.72,79.01,0.81,130.42,606.61,0.71,379.05,592.22,589.27,444.6,188.84,237.35,506.12,301.07,317.14,610.98,815.82
2012-10,RR,1801.0,15.0,120.07,29.78,9528.1,712.2,-,-,-,78.19,34.67,23.55,76.74,0.94,140.55,637.9,0.8,364.13,564.18,658.15,351.45,185.44,169.02,460.81,288.03,223.77,559.65,590.87
2012-11,RR,2624.0,15.0,174.93,31.96,12177.3,477.9,-,-,-,73.41,34.99,23.42,75.74,0.99,132.29,600.19,0.78,345.72,527.36,613.38,304.95,158.4,112.67,445.1,256.53,162.49,513.13,492.9
2012-12,RR,1103.0,15.0,73.53,22.43,4036.8,172.6,-,-,-,114.96,32.83,23.18,79.52,0.78,117.88,542.54,0.84,353.41,572.9,631.9,305.41,178.55,144.21,464.52,250.4,180.54,512.89,458.09
2013-01,RR,6439.0,15.0,429.27,31.01,29989.1,1045.9,-,-,-,12.38,33.64,23.47,73.01,1.06,134.39,583.02,1.23,300.78,500.98,571.98,271.48,123.97,61.85,344.65,212.81,103.47,474.45,378.49
2013-02,RR,1359.0,15.0,90.6,31.71,3709.7,212.1,-,-,-,164.8,32.09,23.15,81.1,0.71,97.54,428.53,0.99,332.61,608.79,675.84,254.01,170.39,145.64,387.96,286.62,172.95,515.53,399.39
2013-03,RR,5034.0,15.0,335.6,32.62,18102.8,439.8,-,-,-,90.53,33.23,23.66,75.95,0.94,128.22,559.18,1.03,313.6,558.34,650.6,275.74,122.92,126.02,380.19,243.35,178.26,512.23,523.98
2013-04,RR,2391.0,15.0,159.4,28.6,8123.2,541.7,-,-,-,213.46,32.62,23.6,78.49,0.84,113.17,491.72,0.91,351.73,557.25,745.57,287.18,207.35,124.62,410.83,235.9,158.02,551.34,534.71
2013-05,RR,65.0,11.0,5.91,15.45,123.6,45.0,-,-,-,338.23,30.89,22.92,85.07,0.53,100.75,478.39,0.52,452.94,794.71,958.15,675.93,309.94,486.81,582.95,430.02,570.5,653.92,949.59
2013-06,RR,67.0,13.0,5.15,16.27,130.2,50.0,-,-,-,225.07,31.87,22.95,82.3,0.65,108.12,519.1,0.56,467.15,782.0,945.8,673.52,324.84,475.79,560.54,412.62,614.74,728.8,1093.66
2013-07,RR,79.0,11.0,7.18,8.57,51.4,11.4,-,-,-,271.97,31.1,22.24,83.84,0.57,107.75,524.15,0.55,457.79,748.01,937.08,686.16,283.76,423.92,549.06,362.29,511.98,674.45,1018.08
2013-08,RR,64.0,13.0,4.92,12.8,166.4,23.8,-,-,-,296.25,31.2,22.28,86.66,0.47,108.72,523.98,0.51,492.27,744.41,1072.05,757.13,378.06,508.56,545.4,354.1,618.86,687.06,1055.31
2013-09,RR,327.0,15.0,21.8,16.45,937.4,53.6,-,-,-,139.32,33.24,22.82,82.79,0.66,122.1,573.31,0.57,423.18,644.03,834.58,603.43,267.14,342.75,537.13,351.68,469.66,649.57,978.01
2013-10,RR,1196.0,15.0,79.73,29.27,4975.7,272.4,-,-,-,97.95,34.04,22.98,78.08,0.86,133.17,613.91,0.7,392.66,577.95,824.61,407.97,207.15,183.62,503.87,307.42,263.82,595.43,670.68
2013-11,RR,1216.0,15.0,81.07,27.91,5581.2,289.0,-,-,-,102.56,33.31,23.11,79.8,0.78,113.65,516.79,0.78,382.15,579.1,696.98,343.96,197.37,190.93,503.37,307.13,248.14,571.18,570.92
2013-12,RR,1867.0,15.0,124.47,45.66,11141.5,1486.6,-,-,-,61.1,32.71,23.29,77.92,0.84,120.19,547.28,0.95,442.31,553.77,843.38,286.6,200.9,157.66,474.87,267.32,212.34,526.74,515.94
2014-01,RR,5310.0,15.0,354.0,31.53,29705.5,860.5,-2.16,7.02,0.18,26.85,33.2,22.9,74.87,0.96,128.36,561.63,1.22,439.97,526.36,638.85,265.12,150.07,107.35,448.9,235.27,148.44,488.4,406.49
2014-02,RR,3445.0,15.0,229.67,28.43,17938.4,353.5,-6.88,5.77,0.33,75.07,33.04,23.16,75.21,0.95,107.41,454.76,1.14,416.21,504.1,581.98,247.07,140.94,69.6,433.82,219.5,108.64,463.62,355.05
2014-03,RR,7316.0,15.0,487.73,37.61,47055.1,2346.3,-2.05,7.01,0.28,54.35,33.67,23.62,76.04,0.95,126.08,535.79,1.09,406.4,533.35,609.27,238.81,130.41,88.61,466.85,218.95,122.69,478.64,384.6
2014-04,RR,3446.0,15.0,229.73,31.68,13211.0,863.6,-1.36,4.96,0.29,166.63,32.23,23.3,85.0,0.57,97.1,439.16,0.55,422.12,550.46,590.02,250.58,147.66,101.05,476.14,240.37,133.9,484.18,520.34
2014-05,RR,735.0,14.0,52.5,22.33,2456.3,112.6,-3.44,3.37,1.49,186.52,32.85,23.72,77.77,0.86,114.34,514.52,0.77,421.84,628.08,667.15,297.77,163.88,185.53,492.95,276.43,217.68,508.41,714.81
2014-06,RR,52.0,8.0,6.5,10.07,120.8,16.3,0.17,0.52,5.12,328.49,30.74,22.93,84.61,0.55,94.09,446.09,0.59,484.94,715.77,830.72,633.03,267.02,330.78,440.38,369.2,386.56,578.07,884.24
2014-07,RR,107.0,13.0,8.23,31.31,532.3,107.7,0.09,2.69,1.15,204.5,31.51,22.38,84.29,0.56,112.28,546.67,0.55,405.6,689.43,854.55,605.24,224.41,337.73,558.0,379.15,442.77,681.13,1055.79
2014-08,RR,119.0,13.0,9.15,21.3,468.7,74.5,0.33,1.87,2.78,174.96,31.79,22.65,82.44,0.64,113.37,539.17,0.55,372.48,650.44,830.15,536.0,243.48,292.52,541.81,325.4,361.58,610.21,872.29
2014-09,RR,764.0,15.0,50.93,30.31,3789.0,435.7,-24.37,5.85,0.27,62.12,34.65,23.17,72.46,1.1,138.99,630.25,0.8,392.46,555.03,687.05,389.09,199.63,153.75,471.1,266.97,207.02,525.17,637.13
2014-10,RR,834.0,15.0,55.6,31.41,3675.0,223.3,-4.12,4.33,1.16,107.08,33.71,23.15,77.73,0.88,123.62,563.39,0.64,432.85,541.61,582.77,299.95,165.34,102.94,447.58,250.37,142.96,505.73,442.46
2014-11,RR,1396.0,15.0,93.07,40.44,10351.4,370.6,-3.0,3.3,0.74,87.74,33.59,23.46,77.42,0.89,117.71,534.91,0.73,435.65,605.44,700.14,296.35,182.12,176.01,476.1,269.58,213.22,534.78,489.68
2014-12,RR,3114.0,15.0,207.6,45.05,26131.2,1556.9,-1.53,7.63,0.17,37.97,33.88,23.42,74.33,1.01,128.4,577.65,0.91,431.81,551.98,786.77,262.59,150.6,114.83,449.13,234.85,148.22,488.61,425.91
2015-01,RR,3983.0,15.0,265.53,33.48,25682.4,764.4,-1.12,12.02,0.34,40.02,33.02,23.15,72.92,1.03,123.13,527.81,1.15,411.51,513.17,683.32,244.86,128.27,71.41,417.32,200.61,104.48,464.69,344.3
2015-02,RR,7489.0,15.0,499.27,37.59,42852.7,1571.9,-2.95,7.57,0.23,23.08,34.21,23.46,68.52,1.26,125.36,523.66,1.21,390.96,467.21,546.03,237.0,123.12,26.23,396.89,178.04,67.76,449.62,300.88
2015-03,RR,3997.0,15.0,266.47,27.38,15934.3,412.4,-1.09,3.7,0.74,71.32,33.44,24.06,71.25,1.14,119.72,482.38,1.12,381.73,512.6,565.85,228.56,106.45,49.32,406.13,188.21,82.06,442.35,348.44
2015-04,RR,5230.0,15.0,348.67,26.52,21881.2,625.2,-6.02,6.58,0.22,152.9,33.43,23.75,73.77,1.04,119.02,500.19,1.05,394.68,536.32,662.68,225.4,158.67,69.57,425.47,209.5,95.62,459.18,513.9
2015-05,RR,425.0,15.0,28.33,18.99,1291.3,79.5,-1.66,3.92,1.22,263.64,30.76,22.97,83.69,0.59,99.74,459.92,0.72,375.25,604.81,800.26,349.84,190.45,172.97,477.48,268.56,215.1,478.4,690.04
2015-06,RR,92.0,14.0,6.57,12.73,89.1,19.5,-21.37,1.2,3.04,214.68,31.41,22.68,84.59,0.55,104.49,507.27,0.53,488.03,694.08,800.04,454.87,261.8,332.07,511.28,313.19,389.63,575.56,835.14
2015-07,RR,114.0,13.0,8.77,9.39,93.9,16.5,-17.13,2.04,2.11,238.71,31.58,22.55,83.34,0.6,113.35,551.83,0.52,490.44,668.38,780.14,519.79,226.23,304.06,465.55,331.56,381.61,667.59,842.4
2015-08,RR,163.0,15.0,10.87,20.77,373.8,94.8,-5.86,1.98,2.06,149.88,33.11,23.07,80.0,0.77,129.35,612.85,0.62,477.86,662.84,803.49,513.3,235.6,320.88,508.29,304.58,385.43,663.68,827.48
2015-09,RR,971.0,15.0,64.73,38.53,5086.6,467.9,-14.82,6.53,0.35,42.56,35.38,23.77,71.4,1.19,143.48,651.58,0.69,440.45,565.31,663.49,327.84,179.18,161.73,473.4,252.71,221.05,618.26,669.45
2015-10,RR,2518.0,15.0,167.87,39.23,14241.5,940.3,-1.56,6.84,0.45,25.29,36.02,24.32,71.04,1.25,142.37,624.33,0.76,317.58,486.58,561.13,272.09,125.22,42.57,155.27,198.27,90.94,551.49,352.56
2015-11,RR,2726.0,15.0,181.73,43.76,21353.4,921.2,-3.28,5.24,0.56,39.3,35.06,24.34,73.44,1.11,132.94,574.1,1.02,306.33,482.12,547.54,248.68,136.53,29.96,268.12,186.43,73.11,540.43,296.07
2015-12,RR,4816.0,15.0,321.07,34.81,32717.3,1059.5,-7.82,13.17,0.12,20.37,33.23,23.68,71.69,1.11,135.25,563.93,1.56,278.24,448.55,516.43,237.19,114.25,4.08,385.65,165.55,50.26,525.29,249.93
2016-01,RR,29448.0,15.0,1963.2,34.7,173688.6,1536.7,-1.74,11.1,0.19,4.77,34.44,23.88,64.49,1.45,154.9,601.83,1.78,261.62,427.85,497.51,233.45,89.98,-20.38,467.46,143.87,30.11,512.92,207.79
2016-02,RR,4729.0,15.0,315.27,26.14,17590.1,386.1,-1.57,5.69,0.81,44.46,33.56,24.26,71.89,1.12,123.43,508.05,1.33,256.91,407.22,472.8,231.53,105.32,-41.21,357.88,138.06,8.6,511.77,168.57
2016-03,RR,26254.0,15.0,1750.27,31.78,136962.1,1123.2,-0.79,5.42,0.59,50.51,34.45,25.06,69.02,1.31,140.4,545.08,1.48,250.68,425.98,482.44,226.29,77.01,30.96,352.81,129.95,14.24,403.17,181.34
2016-04,RR,1784.0,15.0,118.93,26.02,9601.7,343.8,-1.04,3.29,0.86,262.05,32.62,23.72,79.81,0.79,108.29,477.87,0.8,282.05,467.75,513.34,246.4,192.38,41.44,392.93,173.65,52.7,433.81,263.9
2016-05,RR,148.0,15.0,9.87,13.98,503.1,69.2,-26.87,1.32,3.55,306.22,31.88,23.45,83.9,0.61,102.82,475.68,0.58,433.35,602.79,713.68,506.0,252.73,251.73,506.61,302.58,302.58,493.07,637.74
2016-06,RR,92.0,14.0,6.57,16.38,294.8,32.8,-32.43,1.95,2.48,322.95,31.33,22.66,84.88,0.54,99.39,476.88,0.51,501.88,721.2,877.12,807.3,345.34,424.92,526.88,332.17,490.53,550.7,796.08
2016-07,RR,37.0,11.0,3.36,16.2,16.2,16.2,-80.95,0.41,9.27,303.53,31.8,22.94,84.1,0.58,106.08,506.68,0.48,521.29,800.69,1008.98,801.53,379.81,562.48,560.37,378.27,652.66,595.85,1040.26
2016-08,RR,169.0,13.0,13.0,16.29,472.5,116.3,-47.13,3.0,0.89,182.26,33.09,23.01,80.57,0.75,126.17,596.01,0.56,406.69,673.05,851.94,605.18,343.93,416.08,531.41,338.13,520.79,557.38,979.56
2016-09,RR,258.0,14.0,18.43,13.11,432.6,41.9,-7.48,2.5,2.55,191.7,33.9,23.18,78.8,0.83,129.7,604.4,0.59,398.32,597.78,711.18,459.1,313.02,272.39,486.33,279.75,339.72,567.58,748.17
2016-10,RR,952.0,15.0,63.47,21.94,3553.8,127.1,-10.87,5.18,0.58,95.03,34.86,23.9,74.67,1.05,136.38,608.35,0.75,340.31,518.18,605.92,369.0,236.56,119.44,444.68,233.39,166.44,495.58,509.5
2016-11,RR,786.0,15.0,52.4,36.31,4320.6,1601.3,-9.55,3.12,0.81,85.0,33.98,23.79,78.25,0.87,112.67,507.81,0.64,330.45,509.37,589.65,318.12,207.25,105.23,440.15,216.85,146.18,482.9,429.48
2016-12,RR,950.0,15.0,63.33,25.32,5747.4,786.7,-3.42,9.24,0.48,138.49,33.03,23.75,79.82,0.79,110.08,484.01,0.93,335.44,535.32,604.34,283.1,178.16,99.26,456.1,238.15,136.84,476.89,387.65
2017-01,RR,1043.0,15.0,69.53,18.84,3636.8,200.6,-2.06,0.0,0.86,122.97,32.13,23.06,78.09,0.81,112.75,504.69,0.98,335.13,560.84,645.23,277.9,162.53,132.69,481.48,260.82,184.74,489.97,498.06
2017-02,RR,1798.0,15.0,119.87,23.28,6099.0,194.8,-2.61,0.0,0.81,120.84,31.8,22.83,78.56,0.78,101.01,448.17,0.99,311.54,555.77,636.23,258.5,177.59,114.85,455.96,244.98,146.39,478.62,472.02
2017-03,RR,2149.0,15.0,143.27,57.69,19152.5,1613.4,-4.14,0.0,0.57,168.03,31.9,23.17,78.82,0.79,117.92,526.05,0.98,333.45,642.0,727.61,295.28,203.19,201.4,506.97,297.08,240.15,515.61,571.85
2017-04,RR,997.0,15.0,66.47,20.49,2540.6,62.4,-1.5,0.0,0.7,158.08,32.34,23.41,79.1,0.79,113.79,507.3,0.91,353.29,595.15,689.44,322.35,135.62,158.11,495.92,266.19,208.74,514.22,654.22
2017-05,RR,166.0,14.0,11.86,24.61,1033.8,133.9,0.2,0.0,1.41,330.04,31.8,23.21,83.57,0.61,108.61,510.5,0.6,404.92,772.68,899.3,576.77,313.46,421.92,573.74,411.71,508.31,629.84,890.37
2017-06,RR,82.0,14.0,5.86,10.24,51.2,16.2,-36.25,0.0,2.87,355.14,31.58,23.16,84.42,0.57,99.06,473.33,0.42,414.52,779.98,947.32,676.93,380.22,468.03,584.53,422.12,538.79,746.76,958.72
2017-07,RR,47.0,12.0,3.92,13.93,55.7,18.7,0.07,0.0,4.74,360.99,30.98,22.39,84.57,0.55,103.76,503.47,0.46,476.4,817.73,1137.83,959.84,527.8,760.5,631.36,467.36,878.05,831.31,1175.73
2017-08,RR,461.0,15.0,30.73,15.02,961.4,85.6,-12.69,0.0,0.74,152.26,33.81,23.24,77.0,0.91,138.47,647.57,0.7,436.85,703.45,870.79,563.19,339.08,436.98,573.16,393.31,569.87,686.86,1081.18
2017-09,RR,532.0,15.0,35.47,26.79,1768.2,166.3,-42.94,0.04,2.53,165.83,33.81,23.24,77.88,0.87,128.56,589.22,0.73,389.42,647.94,770.52,449.15,271.27,284.45,539.73,340.88,374.48,601.56,745.59
2017-10,RR,1692.0,15.0,112.8,23.88,6353.1,136.9,-1.66,0.0,0.87,79.19,34.52,23.91,75.01,1.02,140.59,622.17,0.95,360.52,578.11,680.75,331.05,182.39,184.06,532.06,292.37,242.47,546.67,603.74
2017-11,RR,4577.0,15.0,305.13,26.85,19302.6,443.6,-2.21,0.0,0.47,33.64,35.27,24.04,71.86,1.17,135.2,571.92,1.15,326.45,527.1,624.27,277.7,178.44,122.86,467.87,248.98,162.64,500.58,446.52
2017-12,RR,4082.0,17.0,240.12,29.09,21296.1,803.6,-2.0,0.0,0.68,48.76,33.58,23.6,76.1,0.94,116.65,496.35,1.12,322.6,498.66,579.35,251.73,156.71,74.73,457.96,220.89,109.65,475.9,346.69
2018-01,RR,7418.0,15.0,494.53,33.59,33418.9,1018.0,-2.46,0.0,0.31,34.96,32.84,22.68,74.09,0.97,124.23,547.43,1.12,352.81,515.1,598.73,245.13,167.87,96.89,440.23,220.21,129.56,476.92,365.62
2018-02,RR,14968.0,15.0,997.87,38.98,57922.6,1860.9,-2.61,0.0,0.59,39.51,33.46,23.1,68.01,1.24,119.35,492.87,1.25,285.49,469.64,545.88,234.75,138.28,31.93,451.18,209.97,75.11,462.98,282.68
2018-03,RR,26308.0,15.0,1753.87,35.76,77679.3,912.2,-12.1,0.46,0.38,49.06,34.59,23.7,75.91,0.98,127.19,534.85,1.06,270.5,454.64,523.87,229.03,173.15,17.74,410.5,193.64,65.16,450.53,280.01
2018-04,RR,9496.0,15.0,633.07,11.13,38337.1,824.0,-6.29,0.0,0.87,253.9,33.21,23.4,81.43,0.73,101.98,446.72,0.71,312.58,502.1,566.15,228.77,186.99,49.7,466.89,253.9,92.52,481.67,327.96
2018-05,RR,109.0,12.0,9.08,9.4,517.1,63.5,0.12,0.44,5.08,405.05,31.18,22.82,85.33,0.53,99.58,466.35,0.66,444.81,828.5,954.63,523.87,258.55,413.85,614.23,508.67,518.73,827.1,859.15
2018-06,RR,18.0,8.0,2.25,8.92,160.6,29.7,0.1,0.72,4.59,402.54,30.57,22.43,85.75,0.5,93.96,453.12,0.55,491.98,868.05,1066.42,869.58,365.63,582.24,660.92,519.33,716.0,851.02,1116.84
2018-07,RR,14.0,8.0,1.75,5.73,80.2,18.2,0.05,1.86,5.99,383.29,30.63,22.19,86.38,0.48,95.55,459.7,0.49,434.94,820.02,1100.31,1014.06,503.26,727.69,644.1,475.44,876.74,818.77,1230.7
2018-08,RR,98.0,15.0,6.53,7.09,694.4,31.8,-10.07,2.17,1.68,138.89,33.38,22.6,78.14,0.83,131.39,621.76,0.65,373.55,703.58,861.71,608.58,256.87,431.17,584.57,408.52,578.72,714.26,1151.68
2018-09,RR,273.0,15.0,18.2,7.15,1850.9,43.9,0.19,3.98,1.61,165.79,33.91,23.0,78.47,0.85,131.22,606.55,0.68,361.67,673.11,819.1,564.8,474.3,374.54,556.78,379.49,487.99,714.35,923.47
2018-10,RR,1715.0,15.0,114.33,9.91,15220.5,191.5,-1.77,9.23,0.44,64.14,35.81,23.78,72.33,1.17,148.38,665.32,0.75,300.61,568.45,679.35,355.03,204.73,183.59,503.87,296.67,250.23,562.86,602.23
2018-11,RR,1141.0,15.0,76.07,14.74,14603.7,1226.5,-3.74,6.88,0.66,91.46,34.26,23.97,75.4,1.01,122.48,532.2,0.97,317.55,531.02,630.15,303.2,239.46,121.47,480.39,271.76,175.32,520.88,474.03
2018-12,RR,1996.0,15.0,133.07,9.13,15790.5,132.9,0.44,11.77,0.15,59.81,32.55,22.77,75.28,0.92,117.97,508.92,1.24,332.53,547.65,636.14,285.26,192.16,128.01,481.21,256.61,171.08,502.94,435.75
2019-01,RR,7492.0,15.0,499.47,13.12,55359.2,357.3,-0.54,10.75,0.17,38.31,33.59,23.14,72.73,1.06,129.3,553.24,1.22,298.1,504.17,592.44,267.61,130.64,73.23,450.27,219.4,117.56,476.57,359.86
2019-02,RR,19431.0,15.0,1295.4,14.47,122383.7,711.4,-2.73,23.95,0.05,21.51,34.11,23.52,68.82,1.24,131.94,547.87,1.4,285.66,509.0,589.96,246.57,130.5,68.89,434.4,204.25,108.1,457.78,346.88
2019-03,RR,98500.0,15.0,6566.67,14.08,600051.7,1222.4,0.33,22.92,0.16,14.91,35.9,24.17,65.22,1.48,158.33,645.67,1.27,264.28,448.21,529.77,233.48,115.95,1.35,437.91,170.5,55.68,437.65,332.82
2019-04,RR,34941.0,15.0,2329.4,14.72,244873.7,1135.2,-0.85,6.34,0.32,77.38,34.74,24.6,68.5,1.32,131.98,540.23,1.1,262.48,461.67,538.48,226.8,90.88,-0.85,505.8,164.81,46.86,441.56,408.31
2019-05,RR,475.0,12.0,39.58,9.41,2956.3,116.2,-3.82,3.05,1.52,462.52,30.65,23.23,84.88,0.55,91.56,419.03,0.62,412.82,693.68,800.85,512.63,292.85,298.91,595.12,313.37,336.15,516.8,680.2
2019-06,RR,25.0,10.0,2.5,7.45,149.0,23.4,-39.94,1.96,1.44,351.23,31.05,22.78,84.34,0.56,96.86,461.51,0.56,366.69,844.04,1041.1,800.1,383.88,594.34,672.04,429.69,696.54,643.68,1080.62
2019-07,RR,35.0,10.0,3.5,8.79,281.4,24.4,0.08,1.63,0.81,292.18,31.34,22.44,83.12,0.6,108.24,518.55,0.62,379.06,748.73,930.98,744.52,361.85,499.05,678.71,382.29,625.66,667.61,1120.85
2019-08,RR,88.0,14.0,6.29,6.76,283.9,19.4,0.04,3.02,1.66,290.14,31.78,22.39,81.79,0.66,115.21,547.89,0.6,359.16,708.81,907.69,844.0,445.73,532.06,543.06,353.73,658.8,715.06,1086.6
2019-09,RR,239.0,15.0,15.93,20.91,2551.4,620.9,-58.39,2.3,1.75,142.18,33.34,22.93,77.82,0.86,126.54,584.96,0.71,305.6,602.23,722.85,516.03,271.77,259.09,499.93,296.02,327.47,528.7,801.8
2019-10,RR,629.0,15.0,41.93,10.87,4086.6,109.8,0.35,3.83,0.39,109.14,33.55,23.11,78.56,0.83,128.76,590.37,0.75,293.35,579.17,705.02,488.89,252.25,232.4,475.9,268.81,296.39,517.97,642.02
2019-11,RR,948.0,14.0,67.71,9.25,5050.9,134.9,0.56,4.54,0.75,151.98,33.28,23.4,78.87,0.83,114.63,520.61,0.75,298.6,575.04,696.25,380.08,270.45,202.38,485.17,279.78,253.85,547.97,560.33
2019-12,RR,431.0,15.0,28.73,7.92,2392.1,43.0,-6.46,5.35,0.28,136.98,32.32,23.4,79.74,0.76,110.0,495.18,0.92,322.65,611.94,721.67,327.58,196.87,219.35,485.16,278.83,269.87,552.58,633.97
2020-01,RR,4460.0,15.0,297.33,10.06,28486.5,202.1,-0.55,10.58,0.2,46.32,33.44,22.99,73.48,1.02,128.76,568.44,1.07,280.23,525.77,626.44,285.42,141.31,113.97,446.87,237.29,167.94,528.71,494.77
2020-02,RR,10571.0,15.0,704.73,10.62,58912.2,261.8,-1.69,9.62,0.12,19.46,34.15,23.28,68.95,1.23,129.93,540.86,1.27,256.79,474.91,559.31,255.29,115.81,38.71,409.66,196.06,90.05,449.03,341.09
2020-03,RR,17624.0,15.0,1174.93,14.59,116622.3,875.7,-4.8,7.45,0.51,39.17,35.19,24.04,69.26,1.28,139.45,571.63,1.14,248.26,460.34,538.27,235.61,118.96,14.85,392.97,177.06,61.89,424.42,285.1
2020-04,RR,4011.0,15.0,267.4,11.5,18376.9,230.3,-2.04,2.53,0.93,146.62,33.53,23.99,78.07,0.87,109.31,470.45,0.86,304.33,517.08,596.72,240.12,164.62,67.13,439.57,227.72,114.35,491.0,409.29
2020-05,RR,207.0,14.0,14.79,7.84,885.9,40.7,-4.3,3.9,1.17,427.5,31.58,23.32,86.19,0.51,97.72,450.89,0.65,446.74,659.32,745.55,464.97,241.69,231.49,549.77,360.23,298.14,951.87,775.4
2020-06,RR,43.0,12.0,3.58,7.28,152.8,27.6,0.01,0.28,1.86,447.74,31.0,22.56,85.59,0.51,93.25,444.25,0.57,576.17,816.25,979.32,920.77,438.42,548.4,640.83,490.33,664.72,1037.37,1082.72
2020-07,RR,85.0,13.0,6.54,7.87,401.3,34.8,-11.74,0.93,2.73,289.01,31.85,22.62,82.68,0.63,106.18,504.03,0.57,503.77,759.76,936.13,806.05,356.34,519.98,609.84,447.9,685.15,733.61,1198.52
2020-08,RR,108.0,12.0,9.0,7.61,471.6,38.8,-9.23,2.01,2.71,275.53,32.28,22.91,80.54,0.73,110.6,509.7,0.66,472.77,714.34,927.29,732.42,470.63,538.61,559.87,374.69,655.37,499.52,1081.49
2020-09,RR,630.0,15.0,42.0,10.46,3378.7,73.9,-28.37,2.61,1.25,106.33,34.14,23.43,75.2,0.99,116.57,518.38,0.66,404.53,648.56,788.13,488.2,344.17,351.75,519.63,321.79,445.9,443.67,878.42
2020-10,RR,1617.0,15.0,107.8,12.41,13340.8,236.9,-6.36,5.21,1.07,68.75,34.51,23.72,76.71,0.95,123.35,552.45,0.64,325.26,550.67,638.56,372.85,176.27,170.97,476.0,269.04,223.08,557.81,585.98
2020-11,RR,410.0,14.0,29.29,7.41,2318.0,64.7,-12.06,1.97,4.23,210.75,33.3,23.58,80.17,0.78,103.32,463.58,0.66,387.47,606.53,720.18,373.28,382.28,258.3,504.53,300.57,294.32,600.03,604.09
2020-12,RR,1071.0,15.0,71.4,10.6,8343.0,182.1,-0.44,4.69,0.39,141.63,32.33,23.37,80.32,0.75,106.27,486.87,0.68,401.9,620.92,723.14,340.03,220.37,236.69,516.52,316.75,289.24,711.06,629.04
2021-01,RR,1504.0,13.0,115.69,6.54,8356.7,83.2,-0.72,4.52,0.26,179.01,31.8,22.8,81.47,0.68,100.91,458.39,0.74,356.16,677.35,791.97,418.68,247.27,295.53,549.42,363.6,378.3,581.6,715.77
2021-02,RR,4867.0,15.0,324.47,8.31,29172.6,223.8,-0.11,3.54,0.43,73.1,32.44,23.09,77.3,0.85,95.65,408.87,0.95,320.99,577.88,673.24,369.36,159.22,173.84,477.11,270.3,229.81,505.18,548.46
2021-03,RR,5620.0,15.0,374.67,10.4,39418.4,478.4,-0.8,2.15,1.19,183.3,32.58,23.03,79.97,0.76,96.97,413.07,0.76,346.68,624.37,712.57,363.39,203.42,197.52,500.77,297.24,240.78,525.24,516.25
2021-04,RR,1971.0,15.0,131.4,8.65,12613.9,106.7,-0.29,3.4,0.7,319.38,31.66,23.02,83.07,0.62,92.92,415.4,0.61,379.98,778.32,893.16,640.72,244.77,393.02,568.3,383.46,468.98,590.14,795.88
2021-05,RR,89.0,13.0,6.85,6.91,553.1,42.3,0.12,0.75,1.81,454.49,30.98,22.98,85.36,0.53,88.69,409.51,0.51,474.53,867.76,1026.81,951.02,369.44,568.02,626.29,461.08,688.67,652.8,1079.35
2021-06,RR,133.0,14.0,9.5,6.04,730.3,29.7,0.02,0.93,1.9,353.68,31.68,23.05,81.6,0.68,87.85,404.13,0.49,525.48,879.88,1141.97,984.63,473.15,751.55,606.6,442.47,878.37,717.53,1249.82
2021-07,RR,119.0,12.0,9.92,5.51,656.0,19.6,0.05,0.29,3.66,386.87,31.44,22.68,81.48,0.67,95.46,441.37,0.57,531.76,843.65,1054.92,849.02,473.76,625.46,602.03,432.06,736.82,715.16,1214.13
2021-08,RR,295.0,15.0,19.67,7.7,2232.2,127.4,-6.77,1.48,3.56,348.16,32.29,23.12,78.62,0.81,109.39,504.44,0.53,535.65,821.22,1094.35,883.85,645.32,702.69,610.26,446.95,835.02,582.35,1132.55
2021-09,RR,1239.0,15.0,82.6,8.02,8911.0,101.5,-1.45,4.42,1.06,198.23,34.09,23.39,77.56,0.89,116.64,522.86,0.62,463.93,722.58,878.06,567.23,428.6,404.2,550.33,367.48,517.63,535.3,945.12
2021-10,RR,2058.0,15.0,137.2,9.44,17729.2,340.8,-3.59,2.65,1.27,163.47,34.4,23.67,78.85,0.86,122.5,548.51,0.66,400.6,665.31,786.81,414.82,248.73,283.19,532.16,347.92,362.92,504.84,723.74
2021-11,RR,2740.0,15.0,182.67,9.62,22845.0,885.7,-2.12,4.38,0.47,130.12,33.88,23.83,79.79,0.81,104.98,460.77,0.74,427.23,675.27,789.53,375.1,305.14,267.91,524.97,333.92,339.14,604.13,668.44
2021-12,RR,1302.0,15.0,86.8,9.02,9500.7,223.5,0.34,2.42,1.99,159.06,32.77,23.69,83.34,0.64,93.3,408.71,0.74,402.62,808.57,925.04,394.58,238.18,366.98,561.9,376.76,451.11,537.58,779.48
2022-01,RR,9117.0,15.0,607.8,9.33,68592.3,255.3,-0.06,7.1,0.36,59.33,33.63,22.9,76.98,0.89,104.71,446.97,0.88,350.78,678.69,791.45,327.39,204.28,253.81,520.13,322.1,319.02,546.29,648.44
2022-02,RR,6372.0,15.0,424.8,8.52,31658.4,259.1,-0.32,4.14,0.69,148.2,34.09,23.44,79.49,0.82,89.04,368.61,0.82,329.38,630.51,734.29,282.66,211.9,201.75,523.21,323.88,252.62,528.52,530.62
2022-03,RR,2119.0,15.0,141.27,9.47,13066.0,133.0,-0.32,1.57,1.5,259.26,32.22,23.18,81.86,0.68,99.29,432.33,0.79,416.35,869.53,1008.89,432.68,323.11,454.32,590.06,417.45,538.83,643.79,800.6
2022-04,RR,2130.0,15.0,142.0,9.78,12884.0,263.0,-1.55,2.81,0.96,269.5,32.4,22.95,82.29,0.66,102.6,457.89,0.81,415.37,775.03,898.8,535.97,266.12,367.8,590.27,413.94,463.33,674.67,930.32
2022-05,RR,231.0,11.0,21.0,7.69,1545.8,67.2,0.07,0.91,1.18,439.16,30.36,22.52,85.89,0.49,95.13,448.05,0.62,425.11,866.82,1037.79,961.13,444.15,585.39,684.74,554.91,723.8,902.26,1114.73
2022-06,RR,71.0,9.0,7.89,7.5,495.0,47.5,0.01,0.9,3.51,399.7,30.91,22.25,85.33,0.51,95.48,458.8,0.59,486.92,900.18,1142.78,1006.65,535.92,720.48,669.93,536.41,861.28,830.52,1284.6
2022-07,RR,121.0,11.0,11.0,6.22,684.1,51.4,0.03,1.71,5.2,307.72,31.52,22.58,83.98,0.58,106.96,514.09,0.57,515.92,872.35,1102.68,794.84,522.25,688.85,674.23,544.14,838.88,706.31,1263.35
2022-08,RR,342.0,15.0,22.8,8.17,2664.5,62.4,-2.88,3.12,1.47,267.69,32.93,22.65,80.24,0.75,122.45,578.42,0.56,485.04,807.18,1030.91,757.47,453.74,603.92,604.23,437.17,733.53,752.45,1168.56
2022-09,RR,1288.0,15.0,85.87,17.39,22401.9,534.2,-1.51,1.81,2.75,153.28,33.79,22.8,78.49,0.83,128.2,604.13,0.52,454.53,750.55,930.02,625.18,354.82,480.58,578.43,400.68,617.53,681.32,1021.6
2022-10,RR,1356.0,15.0,90.4,24.47,33187.8,1109.3,-2.85,2.37,2.23,149.39,34.22,23.08,80.04,0.79,124.4,577.88,0.46,441.73,676.16,814.15,488.23,286.58,325.58,556.65,370.1,425.86,631.61,795.93
2022-11,RR,1147.0,15.0,76.47,13.52,15436.3,222.8,-0.75,2.66,1.18,206.65,32.52,22.88,81.27,0.71,106.17,490.76,0.65,434.54,730.85,895.0,661.62,480.7,426.83,547.93,359.27,517.73,587.22,824.16
2022-12,RR,2991.0,15.0,199.4,24.06,71895.4,389.1,-0.1,10.62,0.21,112.94,32.1,22.63,78.73,0.78,114.16,524.11,0.91,414.92,728.19,895.32,610.64,348.15,433.15,551.71,363.56,526.58,580.4,856.35
2023-01,RR,4799.0,15.0,319.93,17.49,83944.9,867.9,-3.2,5.45,0.26,134.98,32.0,22.36,78.87,0.76,107.97,491.59,0.83,409.69,784.02,903.27,399.06,230.52,370.18,571.19,390.94,454.82,587.56,789.27
2023-02,RR,2891.0,15.0,192.73,11.93,34482.4,333.3,0.66,5.14,0.53,106.12,32.23,22.61,76.2,0.88,100.87,446.51,0.88,347.29,665.32,776.88,341.46,178.5,247.18,540.11,348.04,320.16,533.88,641.23
2023-03,RR,13784.0,15.0,918.93,27.16,374415.9,1027.5,-0.47,3.61,0.38,70.57,33.57,22.82,71.43,1.1,125.81,532.6,1.03,340.03,631.45,741.34,293.16,182.12,208.9,515.55,315.9,272.96,525.58,587.58
2023-04,RR,5819.0,15.0,387.93,15.06,87570.2,844.5,-1.84,7.71,0.94,246.08,33.49,23.28,75.12,0.99,116.71,494.84,0.99,340.06,685.72,808.35,321.68,299.93,269.18,562.93,384.95,321.24,571.83,550.43
2023-05,RR,570.0,15.0,38.0,22.39,12563.5,217.5,0.01,4.13,0.51,322.54,32.03,23.35,82.43,0.66,101.07,451.35,0.81,374.6,790.22,962.35,598.65,378.49,462.66,594.52,426.07,570.36,648.6,889.9
2023-06,RR,138.0,15.0,9.2,5.02,683.2,42.0,0.03,1.99,2.49,291.1,31.47,22.83,83.78,0.59,94.26,436.59,0.7,485.11,757.65,960.97,755.42,393.42,521.47,583.25,392.5,642.31,631.9,1057.07
2023-07,RR,185.0,14.0,13.21,9.38,1726.4,91.2,-26.93,1.42,2.57,279.57,32.64,22.79,81.09,0.71,115.0,539.38,0.7,549.56,772.19,976.25,746.21,473.73,537.61,515.2,429.75,662.04,764.69,1055.51
2023-08,RR,1222.0,15.0,81.47,18.06,22038.0,446.1,-2.31,4.54,1.04,137.06,35.03,23.6,74.57,1.05,134.89,607.83,0.72,485.29,666.51,819.05,610.48,472.31,360.74,537.61,363.37,484.4,645.69,953.33
2023-09,RR,4839.0,15.0,322.6,18.96,90988.4,1186.8,-0.57,5.93,0.44,71.53,36.8,23.96,70.81,1.28,138.61,604.84,0.7,435.85,554.32,668.8,358.63,260.93,162.41,484.97,289.88,238.16,515.92,581.87
2023-10,RR,9951.0,15.0,663.4,22.28,220818.9,648.4,0.04,8.27,0.86,79.74,37.12,24.12,71.29,1.29,138.61,595.13,0.68,408.92,520.9,629.28,337.95,259.11,113.86,463.74,264.5,179.74,511.55,454.69
2023-11,RR,10646.0,15.0,709.73,33.17,349950.3,947.5,-1.89,5.61,0.28,70.6,36.5,24.46,70.12,1.31,128.29,535.42,0.89,418.55,494.06,601.28,289.83,268.58,70.83,431.9,227.77,133.66,470.01,396.74
2023-12,RR,10039.0,15.0,669.27,45.85,455307.2,605.6,-0.91,7.1,0.2,117.97,35.41,23.78,72.25,1.16,117.84,490.71,0.9,409.61,493.82,594.55,267.15,148.67,57.08,421.13,215.15,114.56,470.81,350.31
2024-01,RR,35204.0,15.0,2346.93,39.99,1375464.6,1933.8,-4.87,12.79,0.06,87.93,35.78,23.85,67.94,1.35,138.11,566.84,1.13,363.24,500.4,603.96,246.13,161.35,60.87,400.17,205.44,115.74,463.77,353.01
2024-02,RR,108429.0,15.0,7228.6,36.52,3765736.3,4720.7,-1.5,12.95,0.06,92.78,36.31,24.38,66.45,1.46,138.14,554.45,1.19,323.15,443.54,544.85,236.69,116.02,1.24,379.22,170.97,60.68,447.8,273.66
2024-03,RR,76785.0,15.0,5119.0,28.49,2024876.5,834.5,-0.31,13.0,0.47,101.05,36.6,25.56,66.31,1.53,91.24,342.85,1.27,232.21,420.71,517.97,228.32,168.79,-26.33,358.26,157.87,43.18,528.56,235.23
2024-04,RR,13428.0,15.0,895.2,26.83,347219.6,1782.8,-0.03,5.0,1.03,101.05,36.6,25.56,66.31,1.53,91.24,342.85,1.27,236.82,462.58,550.5,274.67,146.55,21.6,381.57,198.0,75.65,553.9,277.68
2024-05,RR,135.0,11.0,12.27,7.88,1064.4,53.2,-7.39,0.61,5.9,101.05,36.6,25.56,66.31,1.53,91.24,342.85,1.27,328.44,673.44,831.31,744.06,386.49,387.21,477.77,372.83,473.5,696.62,722.16
2024-06,RR,43.0,8.0,5.38,9.94,427.5,45.9,0.0,0.98,1.76,101.05,36.6,25.56,66.31,1.53,91.24,342.85,1.27,432.11,807.22,1056.37,895.53,515.73,663.13,547.64,383.07,766.89,798.6,1131.95
2024-07,RR,66.0,12.0,5.5,9.96,657.2,84.0,-15.13,0.82,2.86,101.05,36.6,25.56,66.31,1.53,91.24,342.85,1.27,465.98,747.56,993.9,809.65,476.4,627.73,648.18,377.4,747.1,640.32,1137.39
2024-08,RR,778.0,15.0,51.87,12.94,9831.2,258.1,-7.58,4.77,0.95,-,-,-,-,-,-,-,-,484.15,705.46,885.15,640.56,485.74,424.67,621.27,342.21,550.56,641.94,1033.35
2024-09,RR,1446.0,15.0,96.4,13.61,19383.3,224.5,-4.53,3.66,0.78,-,-,-,-,-,-,-,-,461.35,605.39,728.68,383.45,188.09,234.63,502.9,282.7,325.4,568.58,694.57
2024-10,RR,3118.0,15.0,207.87,12.86,39696.2,574.5,-1.84,3.96,0.67,-,-,-,-,-,-,-,-,417.2,540.2,653.02,301.03,374.97,152.79,472.91,248.19,218.23,507.62,503.75
2024-11,RR,4803.0,15.0,320.2,18.57,87457.3,837.6,-2.2,5.59,0.46,-,-,-,-,-,-,-,-,312.03,505.32,601.27,271.07,194.22,89.91,435.86,221.08,155.15,537.25,414.87
2024-12,RR,7058.0,15.0,470.53,24.2,165966.7,1025.1,-0.31,6.98,0.46,-,-,-,-,-,-,-,-,314.69,501.48,588.91,258.19,143.44,69.95,434.73,204.9,124.91,430.82,366.43
