Data,UF,Total_Focos,Qtd_Municipios_Com_Fogo,Media_Focos_Mun_Com_Fogo,FRP_Medio,FRP_Soma,FRP_Maximo,Risco_Fogo_Medio,Dias_Secos_Medio,Precipitacao_Media,Temp_Max_Media,Temp_Min_Media,Umidade_Relativa_Media,VPD_Medio,Evapotranspiracao_Media,Radiacao_Solar_Media,Velocidade_Vento_Media,SERRA_DO_MOA_12400000,FEIJÓ_12650000,MANOEL_URBANO_13180000,SERINGAL_SÃO_JOSÉ_13300000,SERINGAL_GUARANY_13405000,ASSIS_BRASIL_13450000,BRASILÉIA_13470000,XAPURI_13550000,RIO_BRANCO_13600002
2000-01,AC,0.0,0.0,-,-,-,-,-,-,223.08,30.8,21.77,88.57,0.39,98.13,457.96,0.56,427.31,802.79,814.65,688.29,1167.13,384.24,434.55,545.81,853.05
2000-02,AC,0.0,0.0,-,-,-,-,-,-,255.39,30.9,21.47,88.1,0.41,89.57,418.15,0.51,451.22,958.62,1006.05,715.48,1307.88,325.74,387.31,544.07,868.81
2000-03,AC,11.0,4.0,2.75,-,0.0,-,-,-,239.2,30.86,21.55,88.29,0.4,92.23,433.68,0.47,448.19,910.21,875.02,811.4,1139.37,400.68,470.06,604.56,968.42
2000-04,AC,1.0,1.0,1.0,-,0.0,-,-,-,219.25,30.82,21.46,88.91,0.38,87.57,422.61,0.46,492.23,902.43,901.8,761.92,960.7,310.28,302.85,455.43,696.87
2000-05,AC,1.0,1.0,1.0,-,0.0,-,-,-,80.41,30.71,20.43,87.33,0.42,86.65,434.45,0.49,450.55,670.39,785.47,640.56,681.89,327.0,285.6,378.56,497.58
2000-06,AC,1.0,1.0,1.0,-,0.0,-,-,-,58.07,30.44,19.56,86.35,0.44,78.03,395.53,0.55,398.8,532.05,471.93,382.45,301.73,245.12,235.25,326.93,361.05
2000-07,AC,1.0,1.0,1.0,-,0.0,-,-,-,60.93,29.94,17.95,83.43,0.5,89.37,477.09,0.54,396.13,479.85,453.16,362.6,267.27,230.5,221.55,279.79,308.03
2000-08,AC,139.0,11.0,12.64,-,0.0,-,-,-,66.94,32.18,19.6,84.05,0.55,103.68,516.05,0.46,391.81,516.19,453.44,357.35,249.47,244.9,222.95,290.0,295.84
2000-09,AC,277.0,16.0,17.31,-,0.0,-,-,-,89.0,32.64,20.05,82.69,0.6,106.78,509.5,0.57,361.52,544.1,415.78,367.55,214.0,229.57,195.28,253.18,237.97
2000-10,AC,21.0,8.0,2.62,-,0.0,-,-,-,186.6,32.5,21.41,86.62,0.48,107.46,503.46,0.44,398.19,646.6,515.74,390.16,346.13,243.16,258.68,331.44,317.19
2000-11,AC,5.0,4.0,1.25,13.2,66.0,18.1,-,-,180.46,31.86,22.1,87.03,0.47,101.84,469.5,0.61,364.62,686.53,595.3,555.0,596.65,302.6,321.23,424.05,470.38
2000-12,AC,0.0,0.0,1.2,13.68,55.92,17.6,-,-,183.01,31.9,22.17,87.31,0.46,108.08,505.41,0.48,377.08,616.81,689.18,558.68,540.42,270.24,256.19,315.66,412.74
2001-01,AC,0.0,0.0,1.15,14.16,45.84,17.1,-,-,320.86,30.27,21.78,90.11,0.34,96.19,454.74,0.47,459.21,792.44,905.65,855.16,1020.5,421.77,557.42,629.16,847.08
2001-02,AC,0.0,0.0,1.1,14.64,35.76,16.6,-,-,264.35,30.5,22.06,90.01,0.34,83.47,390.3,0.44,389.04,868.57,889.43,851.79,1086.71,324.61,450.18,562.7,837.43
2001-03,AC,0.0,0.0,1.05,15.12,25.68,16.1,-,-,257.0,30.88,22.04,89.85,0.35,91.16,425.66,0.44,383.1,972.55,814.55,883.84,964.79,458.29,629.79,846.42,1257.4
2001-04,AC,1.0,1.0,1.0,15.6,15.6,15.6,-,-,189.69,31.57,21.91,89.31,0.38,98.45,477.34,0.47,473.7,885.47,786.18,642.37,955.81,419.53,507.25,514.37,831.15
2001-05,AC,0.0,0.0,1.0,13.82,7.8,15.9,-,-,78.73,30.49,20.85,90.08,0.33,88.49,445.0,0.52,402.98,599.48,534.13,532.94,451.19,278.48,397.76,357.69,436.53
2001-06,AC,1.0,1.0,1.0,12.04,0.0,16.2,-,-,72.45,29.76,17.97,87.39,0.37,82.26,440.76,0.5,380.86,555.83,524.98,490.7,376.8,234.58,278.83,325.57,381.99
2001-07,AC,8.0,4.0,2.0,10.26,51.3,16.5,-,-,63.11,30.47,19.46,87.1,0.41,90.09,475.28,0.35,373.06,524.73,460.32,455.37,277.94,218.6,199.42,280.69,309.21
2001-08,AC,874.0,20.0,43.7,25.24,11431.9,417.3,-,-,24.9,33.4,19.46,80.22,0.68,114.89,585.33,0.37,343.18,520.98,418.46,416.57,205.09,209.18,182.45,262.27,258.45
2001-09,AC,763.0,19.0,40.16,31.13,14165.8,511.6,-,-,108.78,32.69,20.92,84.03,0.57,107.07,513.04,0.46,365.34,519.48,408.81,426.29,194.48,209.7,180.18,254.67,249.8
2001-10,AC,343.0,15.0,22.87,22.77,4576.9,128.4,-,-,178.69,32.9,22.15,84.44,0.58,119.96,559.84,0.55,390.15,530.42,470.92,504.04,234.1,243.29,222.77,329.08,319.52
2001-11,AC,3.0,2.0,1.5,14.4,28.8,16.6,-,-,182.63,31.89,23.02,87.52,0.46,108.68,504.26,0.63,380.7,680.02,644.45,541.27,311.65,338.82,362.17,493.17,519.03
2001-12,AC,2.0,1.0,2.0,18.85,37.7,19.0,-,-,284.84,30.69,22.32,87.92,0.42,99.8,464.86,0.58,465.0,965.68,963.44,787.66,915.58,456.34,495.52,681.61,821.26
2002-01,AC,0.0,0.0,1.5,14.48,23.9,14.55,-,-,232.4,31.12,22.38,86.35,0.48,108.08,505.68,0.59,396.63,921.59,938.03,796.34,827.67,486.95,629.77,740.06,890.22
2002-02,AC,2.0,2.0,1.0,10.1,10.1,10.1,-,-,273.6,30.89,22.49,87.98,0.42,89.43,414.69,0.59,478.73,1007.99,1049.89,986.38,1356.81,382.21,633.66,803.27,1144.28
2002-03,AC,4.0,1.0,4.0,9.32,37.3,14.4,-,-,240.73,30.88,22.32,87.74,0.43,101.8,480.47,0.62,424.1,954.4,973.45,838.63,1044.44,390.61,530.65,706.35,1006.1
2002-04,AC,0.0,0.0,4.22,11.04,294.92,25.38,-,-,237.66,30.71,22.08,87.63,0.43,93.9,454.44,0.55,483.66,894.13,888.95,840.4,1040.37,349.63,470.27,615.63,840.12
2002-05,AC,0.0,0.0,4.44,12.75,552.55,36.35,-,-,123.35,30.8,21.7,86.7,0.46,93.36,468.03,0.49,440.35,757.83,743.55,594.32,674.65,297.43,345.89,507.0,653.3
2002-06,AC,0.0,0.0,4.66,14.46,810.18,47.32,-,-,39.15,29.87,19.37,84.6,0.48,88.0,465.67,0.63,371.82,576.6,633.63,387.2,347.55,241.72,231.4,369.37,391.33
2002-07,AC,83.0,17.0,4.88,16.18,1067.8,58.3,-,-,55.68,30.37,19.52,83.03,0.54,91.88,472.04,0.66,377.42,482.35,548.23,337.4,232.82,238.41,230.22,310.52,325.35
2002-08,AC,1732.0,22.0,78.73,44.36,63918.8,919.2,-,-,78.94,32.64,20.24,81.52,0.64,104.9,518.15,0.52,345.29,490.45,452.3,325.91,210.44,220.97,208.09,301.47,297.58
2002-09,AC,6029.0,22.0,274.05,43.48,211333.0,1642.7,-,-,92.39,32.47,20.89,80.59,0.68,112.39,538.87,0.59,368.34,524.98,417.37,313.4,230.43,218.2,201.34,284.91,277.7
2002-10,AC,1397.0,21.0,66.52,36.4,41566.8,779.7,-,-,166.26,32.7,21.91,82.55,0.64,119.73,554.49,0.78,368.89,566.42,416.26,383.13,232.91,246.84,224.18,321.68,302.9
2002-11,AC,182.0,17.0,10.71,32.32,5170.5,245.3,-,-,196.49,31.5,21.4,85.05,0.52,105.33,492.72,0.68,420.49,602.57,493.9,415.18,394.92,278.17,269.01,346.26,351.51
2002-12,AC,3.0,3.0,1.0,8.63,25.9,12.1,-,-,244.59,30.33,22.52,87.83,0.42,94.98,438.66,0.61,412.58,821.84,711.74,676.3,697.65,390.76,379.35,484.99,527.02
2003-01,AC,15.0,6.0,2.5,29.76,416.7,149.9,-,-,255.96,31.4,22.36,86.03,0.5,103.24,473.78,0.66,403.06,819.53,789.97,808.95,978.92,411.22,473.49,651.37,776.9
2003-02,AC,0.0,0.0,1.75,26.13,208.35,110.53,-,-,260.61,30.53,21.89,86.65,0.46,87.35,403.06,0.72,438.46,962.87,897.96,914.25,1188.14,444.26,488.97,670.31,1133.38
2003-03,AC,2.0,2.0,1.0,22.51,0.0,71.17,-,-,257.13,30.55,22.03,87.38,0.43,96.0,447.99,0.69,453.65,854.69,777.95,792.61,981.31,530.35,554.85,711.15,1062.56
2003-04,AC,5.0,3.0,1.67,18.88,94.4,31.8,-,-,189.75,30.77,21.56,86.63,0.46,91.88,440.43,0.7,428.71,769.12,641.84,714.67,1057.88,485.89,488.46,595.6,838.88
2003-05,AC,19.0,7.0,2.71,14.31,257.6,37.5,-,-,140.83,30.8,21.2,85.93,0.48,90.87,448.29,0.62,431.89,545.87,385.16,483.87,487.58,309.1,260.73,372.43,428.74
2003-06,AC,20.0,9.0,2.22,9.42,179.0,16.2,-,-,78.86,31.19,20.55,85.67,0.48,85.12,431.5,0.56,410.8,450.62,529.53,383.92,434.32,249.17,214.38,324.3,351.63
2003-07,AC,774.0,21.0,36.86,37.54,19521.9,920.7,-,-,36.87,31.37,18.37,80.58,0.62,100.55,530.64,0.59,374.81,438.24,436.61,341.19,228.68,224.21,193.68,283.71,283.69
2003-08,AC,5945.0,22.0,270.23,49.39,206646.2,2554.9,-,-,59.76,31.08,18.52,79.83,0.63,103.04,517.8,0.68,341.71,429.11,409.18,324.97,188.65,213.47,176.39,271.89,259.37
2003-09,AC,8561.0,22.0,389.14,41.59,265703.9,755.3,-,-,119.19,32.31,19.96,80.81,0.65,105.07,499.81,0.66,346.51,442.93,425.68,322.58,186.32,218.32,182.42,279.36,259.21
2003-10,AC,1563.0,22.0,71.05,45.52,52570.4,1566.9,-,-,160.48,32.48,21.75,82.43,0.64,116.61,542.58,0.66,357.24,472.42,506.55,501.69,280.13,340.78,302.35,426.43,423.43
2003-11,AC,49.0,12.0,4.08,28.94,1099.9,349.3,-,-,185.03,31.97,21.91,84.87,0.54,110.26,509.27,0.79,392.17,728.79,517.82,451.18,519.1,297.67,301.61,433.22,492.66
2003-12,AC,17.0,10.0,1.7,9.08,54.5,13.6,-,-,248.67,31.53,22.5,85.7,0.52,109.8,509.33,0.64,423.39,810.65,637.56,525.65,570.84,319.16,310.16,381.88,420.73
2004-01,AC,4.0,3.0,1.33,15.16,0.0,25.4,-,-,253.14,31.25,22.56,86.44,0.48,102.7,473.63,0.64,511.42,930.74,840.87,985.09,856.52,442.45,512.27,743.55,1018.01
2004-02,AC,6.0,2.0,3.0,21.25,85.0,37.2,-,-,247.49,30.96,22.09,86.99,0.46,94.82,440.0,0.68,370.41,790.79,723.82,806.07,1098.85,423.66,544.07,799.06,1098.36
2004-03,AC,0.0,0.0,3.0,16.38,94.35,31.65,-,-,278.42,30.96,22.62,88.26,0.42,95.56,442.64,0.66,401.68,810.39,802.17,793.54,1277.33,413.54,417.12,560.89,937.27
2004-04,AC,9.0,3.0,3.0,11.52,103.7,26.1,-,-,162.79,31.39,22.44,87.04,0.46,94.18,445.44,0.65,420.18,945.33,746.96,954.78,804.39,358.77,354.12,477.18,809.67
2004-05,AC,23.0,7.0,3.29,13.89,319.4,40.5,-,-,90.21,28.54,19.63,87.32,0.39,81.55,409.04,0.86,413.92,621.92,518.24,558.46,451.84,272.38,299.02,320.84,422.36
2004-06,AC,18.0,9.0,2.0,10.94,186.0,31.0,-,-,67.61,29.92,19.34,85.77,0.44,79.6,413.87,0.53,366.68,485.38,511.76,372.4,283.88,219.09,243.92,268.21,320.0
2004-07,AC,132.0,17.0,7.76,31.72,3331.1,488.0,-,-,72.77,30.24,19.47,83.07,0.54,91.5,473.79,0.6,368.55,554.1,504.77,357.16,238.35,234.31,195.65,279.81,299.37
2004-08,AC,1713.0,22.0,77.86,40.6,46117.4,822.7,-,-,71.76,31.84,19.22,80.84,0.63,98.66,492.08,0.53,375.85,427.13,443.97,324.32,197.32,233.28,180.58,259.2,248.16
2004-09,AC,8267.0,22.0,375.77,44.42,271382.5,1178.2,-,-,84.89,32.26,20.4,80.82,0.66,99.41,459.49,0.62,402.07,498.91,471.05,335.23,232.65,231.12,175.82,258.87,242.32
2004-10,AC,1069.0,20.0,53.45,38.76,27284.8,409.1,-,-,166.4,31.95,22.13,84.82,0.55,113.03,526.93,0.64,374.34,713.06,616.49,390.1,351.32,243.1,193.32,271.35,264.19
2004-11,AC,51.0,16.0,3.19,22.1,596.8,92.9,-,-,220.34,31.19,22.04,86.34,0.48,102.84,477.77,0.69,424.47,630.83,783.83,568.8,934.78,324.8,299.96,395.18,450.2
2004-12,AC,16.0,5.0,3.2,54.43,598.7,128.5,-,-,247.94,30.92,22.48,86.48,0.48,98.45,451.84,0.64,421.58,774.82,1062.71,603.81,998.26,296.28,329.48,475.73,645.32
2005-01,AC,30.0,7.0,4.29,33.6,672.0,136.7,-,-,208.86,31.5,22.65,86.2,0.5,110.05,510.47,0.64,466.0,755.23,1186.3,595.95,1022.35,304.98,341.48,445.06,588.65
2005-02,AC,1.0,1.0,1.0,22.78,0.0,77.4,-,-,293.85,30.61,22.63,88.06,0.42,85.52,393.38,0.63,473.82,990.51,1055.86,958.01,1312.46,453.4,519.08,710.42,998.88
2005-03,AC,13.0,9.0,1.44,11.96,59.8,18.1,-,-,230.53,31.0,22.54,87.42,0.45,97.74,455.25,0.6,447.49,1038.93,871.81,666.95,963.23,301.44,310.09,443.73,761.63
2005-04,AC,3.0,3.0,1.0,16.45,32.9,22.5,-,-,167.57,30.71,21.93,86.81,0.46,92.33,437.72,0.64,419.26,800.95,780.61,604.88,705.02,285.7,279.27,423.88,712.52
2005-05,AC,29.0,14.0,2.07,8.14,154.6,18.6,-,-,86.58,31.53,21.6,85.06,0.52,98.37,489.16,0.55,373.19,698.3,668.12,403.92,398.73,185.81,175.89,283.17,412.06
2005-06,AC,89.0,18.0,4.94,19.53,1679.7,179.6,-,-,34.46,31.34,20.33,82.97,0.57,92.48,481.23,0.46,419.57,429.4,540.67,355.11,212.64,193.07,159.93,248.42,259.85
2005-07,AC,1656.0,22.0,75.27,28.09,39245.1,416.3,-,-,15.86,31.5,17.32,77.65,0.69,105.3,563.8,0.68,391.82,365.52,445.79,333.52,177.69,196.21,150.52,235.04,219.91
2005-08,AC,15495.0,22.0,704.32,47.36,496852.7,1755.7,-,-,34.75,33.15,19.0,72.08,0.94,110.63,532.27,0.69,338.3,364.24,418.0,315.71,163.63,195.56,142.43,222.35,183.52
2005-09,AC,14905.0,22.0,677.5,47.68,470367.8,3497.0,-,-,57.29,33.56,18.7,72.75,0.94,113.92,510.69,0.94,330.78,369.06,433.61,310.68,155.6,192.82,140.43,220.37,170.98
2005-10,AC,2158.0,20.0,107.9,50.35,65049.2,898.0,-,-,184.49,32.97,22.0,80.77,0.72,116.96,526.71,0.81,333.0,479.82,519.92,372.23,246.02,215.31,187.6,278.76,244.19
2005-11,AC,85.0,20.0,4.25,23.69,1160.6,138.2,-,-,206.4,31.73,22.31,84.24,0.57,109.9,509.26,0.73,366.78,706.38,590.52,587.55,424.58,269.64,251.05,415.8,449.32
2005-12,AC,15.0,8.0,1.88,22.76,159.3,30.2,-,-,217.02,30.9,22.32,86.07,0.49,103.87,478.97,0.79,380.29,870.21,609.03,660.05,754.86,431.36,339.54,501.06,760.45
2006-01,AC,9.0,4.0,2.25,29.76,208.3,68.8,-,-,237.66,30.81,22.21,86.43,0.48,103.15,477.35,0.73,372.94,846.91,790.53,801.22,1053.28,416.23,431.74,590.23,849.9
2006-02,AC,9.0,4.0,2.25,23.7,47.4,33.8,-,-,292.04,30.6,22.39,88.35,0.41,88.14,408.1,0.71,415.79,994.73,896.88,879.85,1290.09,544.16,613.17,914.97,1383.09
2006-03,AC,1.0,1.0,1.0,17.15,0.0,22.9,-,-,220.78,31.12,22.43,87.7,0.44,98.44,458.12,0.64,450.39,881.05,759.37,592.91,968.0,300.99,348.14,509.52,937.03
2006-04,AC,5.0,3.0,1.67,10.6,21.2,12.0,-,-,204.13,30.61,21.76,87.62,0.42,89.94,429.82,0.65,413.49,892.47,747.37,634.8,998.26,350.6,366.55,540.7,953.63
2006-05,AC,89.0,17.0,5.24,18.54,1223.9,175.2,-,-,59.71,29.38,18.34,82.68,0.51,90.46,467.4,0.79,342.07,517.04,528.13,466.42,297.21,227.56,187.06,277.1,407.16
2006-06,AC,37.0,12.0,3.08,11.55,392.8,43.6,-,-,48.05,31.16,20.19,83.26,0.55,89.2,460.99,0.54,347.08,487.48,528.9,545.07,208.72,275.02,205.42,278.87,328.74
2006-07,AC,278.0,22.0,12.64,28.94,6424.4,547.7,-,-,44.53,32.61,19.1,77.95,0.73,107.29,555.37,0.57,328.08,401.06,443.97,510.82,166.69,211.31,156.86,234.19,240.19
2006-08,AC,2179.0,22.0,99.05,36.71,61533.2,1272.9,-,-,43.87,33.32,19.74,77.96,0.76,111.07,544.59,0.58,321.47,385.53,464.13,444.02,158.82,208.94,146.81,235.95,220.73
2006-09,AC,5743.0,22.0,261.05,45.14,195572.1,2718.3,-,-,78.23,33.13,20.49,76.19,0.84,117.18,541.96,0.76,323.94,331.72,435.05,312.3,149.98,212.65,142.3,234.8,216.73
2006-10,AC,775.0,21.0,36.9,36.73,23472.0,656.8,-,-,146.79,32.3,22.29,83.49,0.6,111.28,511.54,0.66,357.74,527.84,641.46,534.47,278.06,231.35,194.33,296.81,306.97
2006-11,AC,101.0,18.0,5.61,22.0,1451.8,229.5,-,-,224.25,31.86,21.96,85.31,0.52,107.26,498.63,0.67,422.76,738.98,781.22,760.87,596.03,270.58,220.9,402.68,409.78
2006-12,AC,6.0,5.0,1.2,13.95,0.0,117.7,-,-,281.26,30.56,22.62,87.34,0.44,96.34,444.16,0.63,438.76,762.29,813.09,706.26,702.56,323.64,284.01,496.74,799.89
2007-01,AC,5.0,4.0,1.25,5.9,5.9,5.9,-,-,253.98,30.87,22.72,86.97,0.47,102.44,474.37,0.62,450.31,986.66,1011.23,839.16,1203.97,277.5,337.39,545.77,965.74
2007-02,AC,25.0,5.0,5.0,17.06,238.9,40.0,-,-,208.93,31.23,22.39,84.63,0.55,98.91,459.81,0.62,382.77,938.95,1015.99,978.18,940.59,490.3,488.55,674.89,1001.73
2007-03,AC,5.0,2.0,2.5,8.42,42.1,16.5,-,-,219.0,30.89,22.28,86.6,0.47,100.19,469.81,0.61,477.6,844.4,999.31,971.74,1000.7,485.29,468.56,675.22,1093.54
2007-04,AC,10.0,5.0,2.0,12.03,108.3,25.5,-,-,179.05,31.03,21.91,86.74,0.46,93.44,447.45,0.61,496.2,876.85,978.25,835.7,929.48,373.02,391.78,501.22,830.95
2007-05,AC,16.0,8.0,2.0,12.38,198.0,73.3,-,-,116.06,29.69,19.52,85.27,0.46,89.99,459.35,0.7,412.77,885.89,845.44,787.35,904.38,269.07,295.99,429.89,643.06
2007-06,AC,99.0,17.0,5.82,17.21,1376.4,149.9,-,-,19.95,31.12,19.09,82.79,0.55,91.02,483.35,0.46,339.84,537.17,581.53,608.67,373.59,229.3,171.05,286.63,352.53
2007-07,AC,227.0,21.0,10.81,22.0,4465.6,201.2,-,-,54.85,31.09,18.36,79.6,0.63,100.0,520.37,0.69,330.05,366.22,462.94,544.75,181.98,210.77,152.21,233.97,259.09
2007-08,AC,2863.0,22.0,130.14,36.74,83580.8,673.2,-,-,44.35,32.55,18.2,74.38,0.84,111.51,551.42,0.69,320.86,330.42,435.77,441.6,154.73,211.5,136.47,213.94,204.74
2007-09,AC,7236.0,22.0,328.91,34.27,204093.6,1035.8,-,-,69.42,33.32,20.7,77.7,0.8,104.52,482.17,0.57,323.53,402.35,431.18,332.37,150.06,215.4,137.6,229.83,208.24
2007-10,AC,1315.0,22.0,59.77,34.48,34169.8,506.5,-,-,168.33,32.57,22.1,81.86,0.67,113.83,517.91,0.75,361.87,633.02,487.4,332.64,194.09,240.98,169.94,266.95,248.14
2007-11,AC,65.0,20.0,3.25,17.31,796.2,43.6,-,-,181.78,31.44,22.12,85.4,0.52,101.54,464.7,0.75,432.07,837.22,681.07,366.08,329.55,273.47,245.62,363.55,361.8
2007-12,AC,5.0,3.0,1.67,19.06,0.0,38.78,-,-,246.33,30.63,22.2,86.15,0.48,100.94,467.85,0.69,394.89,882.3,966.12,601.0,660.5,290.45,263.07,433.44,706.49
2008-01,AC,7.0,4.0,1.75,20.8,0.0,33.95,-,-,274.0,30.06,22.11,87.28,0.43,95.04,441.64,0.62,441.49,937.15,929.71,747.48,1004.66,308.55,270.85,456.44,871.82
2008-02,AC,5.0,4.0,1.25,22.55,0.0,29.12,-,-,193.63,30.2,22.02,86.72,0.45,88.01,405.11,0.71,442.59,945.55,1015.21,735.33,1053.78,378.14,492.63,694.97,1114.61
2008-03,AC,5.0,4.0,1.25,24.3,24.3,24.3,-,-,220.09,29.83,21.89,87.69,0.41,91.14,427.74,0.64,430.1,898.45,1023.56,632.91,1178.68,353.8,328.68,540.11,900.78
2008-04,AC,4.0,4.0,1.0,6.7,6.7,6.7,-,-,165.71,30.15,21.63,86.71,0.45,94.39,459.49,0.64,452.32,903.1,944.88,669.75,1010.51,393.36,440.07,649.79,999.32
2008-05,AC,26.0,8.0,3.25,12.58,314.5,34.3,-,-,47.14,29.3,19.89,85.22,0.46,86.31,435.7,0.72,375.35,504.71,664.38,316.87,315.52,231.42,167.16,282.42,382.53
2008-06,AC,27.0,9.0,3.0,15.82,363.8,41.1,-,-,31.01,28.35,18.19,84.12,0.46,78.34,415.77,0.69,401.25,487.17,571.31,262.3,204.12,219.83,152.12,254.38,295.77
2008-07,AC,225.0,22.0,10.23,28.82,5764.1,242.9,-,-,31.89,32.32,19.26,78.81,0.7,106.54,557.22,0.54,350.29,461.56,456.96,233.1,168.45,208.59,136.48,232.39,233.0
2008-08,AC,2015.0,22.0,91.59,31.01,55287.3,842.1,-,-,34.73,33.41,20.64,76.5,0.84,120.53,585.61,0.66,328.79,500.14,444.21,232.19,160.23,210.81,121.35,226.31,217.21
2008-09,AC,3942.0,22.0,179.18,40.06,136120.3,477.0,-,-,63.8,33.08,20.2,74.53,0.91,119.74,554.75,0.85,330.35,542.1,413.75,223.2,152.59,206.69,123.32,223.48,203.24
2008-10,AC,1174.0,22.0,53.36,25.6,25368.3,233.7,-,-,147.66,32.26,21.75,80.22,0.72,123.25,566.63,0.86,336.74,670.32,461.53,245.77,160.71,221.21,143.26,255.94,234.74
2008-11,AC,109.0,20.0,5.45,23.64,1701.9,231.2,-,-,181.3,31.42,22.34,84.47,0.56,109.61,506.32,0.76,493.08,693.52,632.85,471.1,459.98,330.92,244.96,382.36,360.25
2008-12,AC,7.0,4.0,1.75,14.22,56.9,18.2,-,-,269.39,30.34,22.14,86.99,0.45,98.01,453.8,0.72,362.85,701.56,920.55,825.61,1046.74,501.52,412.29,525.39,662.36
2009-01,AC,7.0,6.0,1.17,11.71,0.0,15.0,-,-,222.02,30.19,22.08,87.23,0.44,96.68,446.61,0.76,443.67,859.02,1006.61,924.06,1298.4,448.4,418.39,648.25,1023.07
2009-02,AC,20.0,6.0,3.33,9.2,18.4,11.8,-,-,219.24,30.02,21.95,87.85,0.41,82.26,379.1,0.68,396.84,964.36,939.5,667.36,1170.8,376.43,340.38,593.65,975.69
2009-03,AC,7.0,4.0,1.75,17.0,17.0,17.0,-,-,245.0,30.27,22.05,87.88,0.42,93.12,436.96,0.58,459.48,897.83,1091.16,1006.52,1484.68,513.44,619.61,911.49,1293.73
2009-04,AC,8.0,7.0,1.14,12.95,51.8,18.9,-,-,296.63,29.84,22.2,88.92,0.38,81.09,386.01,0.51,502.79,1051.62,1012.37,815.27,1155.33,475.88,621.99,880.39,1366.46
2009-05,AC,12.0,6.0,2.0,7.47,82.2,17.0,-,-,158.93,30.51,21.87,87.23,0.44,86.04,423.06,0.53,426.58,736.65,847.58,684.11,1000.48,418.56,424.78,640.69,974.71
2009-06,AC,3.0,2.0,1.5,6.35,12.7,9.1,-,-,62.1,29.23,19.54,85.52,0.45,75.28,384.84,0.65,401.33,533.27,628.33,590.27,387.8,353.5,312.74,441.07,602.72
2009-07,AC,65.0,19.0,3.42,13.09,811.7,65.2,-,-,48.62,31.02,19.18,82.47,0.57,97.14,509.54,0.52,404.26,460.68,525.81,486.98,218.9,306.36,255.14,349.66,399.94
2009-08,AC,429.0,22.0,19.5,21.34,8427.9,146.5,-,-,60.69,32.63,19.79,77.95,0.76,111.88,552.57,0.63,369.08,458.24,432.16,345.35,175.65,283.69,195.22,296.35,292.17
2009-09,AC,2453.0,22.0,111.5,31.59,70069.8,996.6,-,-,77.41,33.1,20.84,76.4,0.85,123.52,579.99,0.83,375.33,404.32,411.09,352.03,164.03,295.6,203.5,296.27,276.73
2009-10,AC,1249.0,22.0,56.77,27.73,31003.4,580.2,-,-,111.0,33.12,21.84,79.86,0.75,130.21,602.45,0.8,376.27,432.07,572.6,337.34,166.82,289.05,191.69,300.85,283.79
2009-11,AC,80.0,18.0,4.44,18.47,941.8,50.1,-,-,190.65,32.02,22.57,84.05,0.59,117.87,544.07,0.91,350.02,742.57,792.25,417.77,366.7,252.68,220.48,338.9,333.08
2009-12,AC,3.0,3.0,1.0,25.25,50.5,28.0,-,-,276.78,30.3,22.43,88.22,0.41,98.34,454.31,0.85,400.47,879.55,795.97,823.18,974.61,400.34,422.58,602.44,877.86
2010-01,AC,7.0,6.0,1.17,7.4,14.8,11.0,-,-,212.74,31.03,22.48,86.57,0.48,106.51,491.05,0.82,355.08,828.69,823.68,698.81,949.85,411.34,431.87,639.02,919.9
2010-02,AC,5.0,3.0,1.67,6.05,0.0,7.85,-,-,209.11,31.12,22.82,87.04,0.47,93.38,429.33,0.7,414.81,892.3,897.86,731.46,1101.55,376.48,430.79,673.93,1023.3
2010-03,AC,2.0,2.0,1.0,4.7,4.7,4.7,-,-,227.09,31.32,22.93,87.09,0.47,106.69,496.72,0.76,450.84,769.03,928.23,754.27,1257.39,421.55,444.79,642.58,1143.74
2010-04,AC,22.0,11.0,2.0,12.65,189.8,23.6,-,-,113.16,31.57,22.09,83.58,0.58,109.83,531.32,0.77,366.52,682.63,720.7,573.4,738.32,388.2,359.45,555.43,866.97
2010-05,AC,36.0,14.0,2.57,10.97,372.9,30.5,-,-,110.5,30.09,20.44,83.84,0.51,93.58,471.91,0.78,477.4,601.21,599.06,415.9,422.32,330.63,266.74,389.21,492.13
2010-06,AC,61.0,13.0,4.69,14.71,691.2,38.8,-,-,31.3,31.03,19.87,81.47,0.61,93.79,482.91,0.67,380.97,450.3,455.33,345.83,226.34,224.42,176.53,279.17,311.74
2010-07,AC,279.0,21.0,13.29,21.05,5367.5,283.2,-,-,25.64,30.15,17.73,78.46,0.67,96.75,492.28,0.88,329.85,400.68,406.45,348.15,165.03,200.06,166.37,258.48,253.28
2010-08,AC,4111.0,22.0,186.86,32.13,108274.6,742.3,-,-,24.35,33.55,18.23,68.78,1.03,111.12,519.13,0.76,319.27,367.62,367.94,316.06,154.85,223.44,143.05,233.09,203.73
2010-09,AC,8064.0,22.0,366.55,38.15,231267.3,894.9,-,-,53.38,34.01,20.92,73.83,0.97,117.1,520.69,0.81,316.73,354.72,370.23,310.42,152.49,228.31,152.48,249.02,209.83
2010-10,AC,1003.0,22.0,45.59,33.02,22984.3,450.6,-,-,146.42,32.69,21.32,79.18,0.76,119.13,538.12,0.87,328.21,373.13,383.97,367.89,152.97,254.07,166.26,266.71,236.03
2010-11,AC,109.0,18.0,6.06,44.95,3146.2,722.9,-,-,176.18,31.45,21.35,83.3,0.59,108.97,506.08,0.77,357.98,534.69,548.0,574.45,240.03,293.59,194.86,287.65,194.65
2010-12,AC,7.0,7.0,1.0,15.0,45.0,18.4,-,-,185.73,31.01,21.8,85.13,0.52,108.71,505.09,0.82,368.46,564.85,575.26,382.37,411.34,286.26,247.28,325.77,410.23
2011-01,AC,7.0,4.0,1.75,12.5,25.0,15.4,-,-,180.82,30.39,21.97,86.29,0.47,102.67,478.81,0.77,317.9,598.71,599.35,452.23,497.24,359.06,343.26,401.42,446.92
2011-02,AC,4.0,4.0,1.0,10.5,0.0,11.95,-,-,263.22,29.65,21.7,87.64,0.41,85.08,398.73,0.7,409.34,831.45,882.82,773.98,965.74,512.14,473.28,628.29,921.56
2011-03,AC,6.0,5.0,1.2,8.5,8.5,8.5,-,-,268.25,30.07,21.76,87.72,0.41,95.09,449.1,0.66,448.59,1036.44,1006.84,907.91,1305.27,509.4,461.16,599.03,819.81
2011-04,AC,10.0,8.0,1.25,10.4,41.6,20.4,-,-,185.32,30.61,21.79,86.84,0.45,96.52,468.26,0.7,441.58,908.28,991.5,1015.77,1283.06,557.65,597.45,869.57,1304.1
2011-05,AC,28.0,15.0,1.87,9.43,94.3,19.5,-,-,133.94,30.14,20.37,83.97,0.51,97.63,497.85,0.8,430.44,642.38,633.87,397.84,582.79,289.11,461.16,427.76,508.1
2011-06,AC,45.0,16.0,2.81,16.82,487.7,35.5,-,-,41.63,30.61,19.92,82.38,0.57,90.69,464.7,0.71,349.29,469.98,487.93,353.38,261.75,224.24,182.74,261.61,309.39
2011-07,AC,219.0,22.0,9.95,23.82,4478.7,210.6,-,-,20.27,31.58,19.16,77.83,0.72,104.42,530.56,0.78,339.39,489.77,419.55,326.81,161.07,211.73,153.23,221.53,219.87
2011-08,AC,1058.0,22.0,48.09,31.55,26216.1,328.9,-,-,40.74,32.87,18.81,71.62,0.95,119.05,571.23,0.88,311.84,398.87,397.93,320.84,143.44,209.55,137.68,204.96,176.7
2011-09,AC,2413.0,22.0,109.68,30.51,63559.0,398.9,-,-,88.87,33.19,21.02,75.96,0.87,119.31,552.1,0.81,310.83,345.58,357.12,321.55,148.83,235.36,138.46,232.82,186.08
2011-10,AC,342.0,20.0,17.1,24.61,6941.0,185.5,-,-,164.99,31.78,21.85,83.3,0.59,113.32,521.99,0.84,369.43,508.15,487.64,359.95,178.4,253.24,158.65,261.19,216.79
2011-11,AC,202.0,22.0,9.18,17.38,2780.5,93.8,-,-,163.0,32.19,21.98,81.53,0.67,119.33,552.97,0.8,394.77,577.02,784.56,472.22,453.89,397.15,299.52,443.22,415.67
2011-12,AC,11.0,6.0,1.83,9.88,79.0,18.2,-,-,243.84,30.84,22.26,85.57,0.51,104.28,480.75,0.79,422.53,687.56,842.24,622.23,825.56,351.12,460.48,536.2,624.61
2012-01,AC,12.0,10.0,1.2,9.5,9.5,9.5,-,-,327.29,29.77,22.01,88.17,0.4,96.52,449.76,0.79,389.89,855.88,958.35,938.65,1163.76,520.22,639.9,907.65,1256.98
2012-02,AC,16.0,8.0,2.0,8.71,0.0,9.37,-,-,298.37,29.46,21.57,88.11,0.4,91.36,432.55,0.73,439.3,1072.89,1340.54,1201.11,1593.11,624.0,718.0,1093.38,1572.24
2012-03,AC,22.0,9.0,2.44,7.91,0.0,9.23,-,-,245.93,30.53,21.78,86.79,0.45,106.37,510.38,0.65,431.51,985.29,1421.33,890.6,1390.96,386.27,620.6,868.35,1187.85
2012-04,AC,37.0,11.0,3.36,7.12,28.5,9.1,-,-,204.3,30.83,22.09,86.83,0.46,97.47,472.79,0.65,455.64,956.78,1157.25,533.08,849.67,418.78,475.69,581.53,782.76
2012-05,AC,130.0,20.0,6.5,14.37,215.5,73.6,-,-,100.61,30.65,20.69,85.25,0.49,100.99,519.84,0.63,353.84,767.84,704.42,496.0,752.66,352.4,383.27,534.82,666.92
2012-06,AC,129.0,19.0,6.79,11.96,179.4,32.1,-,-,58.78,29.98,19.9,84.7,0.49,90.88,476.49,0.7,346.12,649.1,427.61,345.75,448.51,291.74,253.72,354.59,405.53
2012-07,AC,933.0,22.0,42.41,17.08,2818.6,102.5,-,-,16.45,31.02,18.06,79.33,0.64,102.0,536.91,0.7,340.06,497.19,326.82,359.54,207.51,259.23,190.02,287.19,272.39
2012-08,AC,5008.0,22.0,227.64,29.67,36171.9,551.8,-,-,25.32,33.1,18.83,72.75,0.91,120.4,591.02,0.76,315.35,388.55,229.35,357.09,159.05,273.93,173.44,261.36,217.31
2012-09,AC,14623.0,22.0,664.68,33.89,105749.2,669.4,-,-,93.6,33.85,20.8,74.92,0.93,124.07,572.07,0.8,304.1,381.17,211.4,323.51,149.18,270.05,169.15,257.33,207.6
2012-10,AC,4243.0,22.0,192.86,27.04,18928.0,373.7,-,-,165.32,32.43,21.69,81.26,0.68,125.46,582.62,0.83,350.47,484.52,271.84,512.1,286.71,324.83,244.9,367.26,367.11
2012-11,AC,376.0,21.0,17.9,19.0,950.0,84.3,-,-,240.99,31.73,22.47,84.2,0.58,112.62,517.49,0.88,407.55,493.5,338.52,608.59,429.48,386.08,345.88,484.4,521.26
2012-12,AC,50.0,16.0,3.12,14.93,44.8,24.8,-,-,239.44,30.46,22.12,87.05,0.45,102.42,474.94,0.88,387.03,830.26,608.3,585.21,801.48,429.77,300.3,479.48,622.43
2013-01,AC,45.0,16.0,2.81,5.6,5.6,5.6,-,-,321.61,30.89,22.3,86.75,0.47,106.92,496.19,0.8,438.11,923.97,1177.41,857.65,1410.04,489.95,491.61,707.02,1100.44
2013-02,AC,27.0,9.0,3.0,8.81,0.0,26.27,-,-,227.65,30.44,22.39,86.8,0.46,92.62,429.57,0.82,453.93,892.04,1311.18,819.79,1000.54,540.27,564.39,731.1,1082.71
2013-03,AC,16.0,9.0,1.78,12.03,0.0,46.93,-,-,336.86,30.75,22.42,87.25,0.45,102.14,477.11,0.78,435.85,916.55,1367.04,1103.35,1448.89,621.1,691.69,893.95,1313.56
2013-04,AC,284.0,21.0,13.52,15.24,716.3,67.6,-,-,105.57,31.61,21.26,82.92,0.59,112.0,549.86,0.79,413.0,758.47,958.78,593.77,579.44,412.52,357.23,508.3,742.55
2013-05,AC,142.0,18.0,7.89,12.45,199.2,26.2,-,-,147.84,30.23,21.37,86.08,0.47,89.36,439.89,0.73,366.76,862.85,614.78,391.35,278.18,365.85,257.89,391.84,365.95
2013-06,AC,148.0,21.0,7.05,10.59,201.2,44.7,-,-,99.51,30.94,21.38,85.48,0.5,87.5,442.85,0.6,351.36,812.78,615.37,387.9,261.72,305.23,247.98,340.2,322.01
2013-07,AC,1002.0,22.0,45.55,24.38,3072.1,353.6,-,-,36.65,30.58,18.72,81.62,0.58,97.18,504.29,0.73,325.07,602.11,584.03,360.48,373.46,258.23,177.75,275.88,273.97
2013-08,AC,4905.0,22.0,222.95,30.44,36309.2,478.1,-,-,58.3,31.5,18.12,74.82,0.78,116.15,578.68,0.95,325.94,409.77,523.52,316.65,184.68,259.13,155.46,268.07,221.01
2013-09,AC,17308.0,22.0,786.73,31.71,112840.7,963.3,-,-,73.33,33.17,20.27,76.79,0.82,125.13,586.8,0.9,309.09,406.72,500.6,301.4,190.79,275.2,150.07,255.6,210.08
2013-10,AC,2120.0,22.0,96.36,25.26,8714.5,181.8,-,-,150.69,31.85,22.0,83.44,0.59,114.44,527.68,0.85,365.6,359.19,579.89,341.48,310.7,295.68,188.83,311.52,256.31
2013-11,AC,510.0,21.0,24.29,19.23,2192.1,99.3,-,-,227.68,30.7,21.94,85.06,0.52,106.33,496.26,0.84,403.87,687.07,885.87,500.0,688.67,304.1,247.38,430.48,391.93
2013-12,AC,94.0,19.0,4.95,9.58,57.5,16.8,-,-,239.13,31.01,22.41,85.19,0.53,111.6,515.67,0.94,389.93,914.65,813.15,678.77,1164.29,379.19,379.79,552.92,664.05
2014-01,AC,27.0,13.0,2.08,8.79,0.0,13.6,0.03,0.67,302.64,29.95,22.28,87.76,0.42,99.5,463.41,0.86,389.13,981.61,882.48,814.48,1349.61,476.19,499.7,634.6,924.04
2014-02,AC,11.0,5.0,2.2,7.99,0.0,10.4,0.0,1.09,235.45,30.18,22.27,87.56,0.43,88.16,408.83,0.8,436.3,1210.58,1133.76,1101.32,1555.82,543.09,709.19,950.14,1431.03
2014-03,AC,17.0,10.0,1.7,7.2,7.2,7.2,0.01,0.82,282.02,30.33,22.24,87.49,0.43,98.79,462.9,0.79,409.15,987.39,1022.69,889.84,1338.26,515.65,665.24,905.9,1367.74
2014-04,AC,46.0,16.0,2.88,19.1,133.7,38.5,0.14,2.0,197.22,30.86,22.07,86.27,0.48,97.02,467.27,0.62,456.98,916.5,886.67,730.23,1056.12,450.83,526.66,710.93,963.82
2014-05,AC,82.0,18.0,4.56,6.6,6.6,6.6,0.31,3.22,140.86,29.97,21.27,87.22,0.42,87.45,432.63,0.64,456.26,826.42,771.71,599.65,834.29,366.26,393.84,537.55,762.02
2014-06,AC,198.0,22.0,9.0,12.71,292.4,33.3,-14.69,6.93,58.17,30.38,20.49,85.67,0.47,85.41,433.92,0.72,434.62,589.23,555.5,406.1,355.83,316.22,255.47,360.75,394.52
2014-07,AC,582.0,22.0,26.45,15.95,1563.5,109.6,-2.79,6.0,43.63,29.82,18.56,83.41,0.51,89.08,459.24,0.69,378.08,489.94,459.65,340.84,190.56,291.02,200.35,290.56,291.51
2014-08,AC,6310.0,22.0,286.82,34.13,45422.0,924.2,-0.89,6.06,62.75,32.61,19.12,78.8,0.71,112.44,562.19,0.61,332.06,451.52,437.16,332.0,162.02,293.79,192.4,294.02,251.06
2014-09,AC,12984.0,22.0,590.18,38.15,102826.3,1013.4,0.25,2.66,140.73,33.65,21.25,81.44,0.69,114.93,542.27,0.55,313.87,508.6,436.43,340.77,161.52,297.53,197.48,301.72,266.0
2014-10,AC,2146.0,22.0,97.55,22.95,9730.9,309.9,-0.13,2.26,189.3,32.31,21.96,84.04,0.58,115.47,538.64,0.63,343.45,602.87,508.61,340.06,258.65,305.53,206.58,297.86,276.69
2014-11,AC,308.0,18.0,17.11,27.65,1935.6,308.9,0.24,1.95,288.02,31.29,22.26,86.42,0.49,105.1,488.53,0.69,394.23,852.6,652.37,570.07,1041.98,424.03,325.88,434.68,455.45
2014-12,AC,45.0,11.0,4.09,17.25,138.0,42.9,0.1,1.27,254.0,30.63,22.27,86.55,0.47,106.08,495.0,0.79,367.52,932.71,891.52,791.81,1080.69,496.69,478.69,598.0,677.8
2015-01,AC,20.0,8.0,2.5,16.97,50.9,22.9,0.36,0.45,365.53,29.67,21.99,88.43,0.39,97.38,458.64,0.74,388.84,1121.74,1101.97,1009.61,1454.4,470.1,579.26,819.84,1056.29
2015-02,AC,53.0,16.0,3.31,12.2,24.4,16.5,0.2,1.32,264.1,30.29,22.29,87.48,0.44,91.39,424.34,0.78,436.14,1048.39,1166.18,890.75,1267.23,552.54,669.23,904.93,1065.46
2015-03,AC,12.0,6.0,2.0,4.8,4.8,4.8,-83.2,0.17,291.8,30.49,22.31,88.54,0.4,96.33,450.83,0.71,400.48,1061.26,1126.77,987.55,1618.16,507.19,578.15,940.34,1540.77
2015-04,AC,19.0,11.0,1.73,8.97,26.9,14.0,-52.48,0.11,239.16,30.88,22.26,87.86,0.42,94.14,451.79,0.66,425.73,873.37,806.07,628.13,972.57,459.9,480.4,698.93,971.58
2015-05,AC,49.0,19.0,2.58,8.15,16.3,12.0,0.35,1.27,151.84,29.94,21.89,88.66,0.38,85.53,422.41,0.65,384.35,674.29,750.9,627.55,812.77,424.19,448.52,674.45,959.92
2015-06,AC,306.0,20.0,15.3,16.76,754.2,100.4,0.67,10.31,52.57,30.93,20.43,85.25,0.49,91.59,476.29,0.57,363.67,560.55,576.73,345.37,342.93,341.43,226.9,360.32,475.12
2015-07,AC,836.0,22.0,38.0,21.0,2877.4,159.7,-5.36,7.28,40.53,31.34,20.0,83.46,0.56,98.91,506.01,0.63,323.03,522.13,480.13,279.52,196.55,324.42,206.45,273.71,329.81
2015-08,AC,7623.0,22.0,346.5,30.31,52981.8,477.4,-1.2,2.62,45.39,33.89,21.14,79.42,0.76,115.2,552.35,0.62,307.13,440.89,422.35,253.42,177.06,311.63,175.02,234.08,262.68
2015-09,AC,15352.0,22.0,697.82,34.49,112151.1,512.6,0.01,2.86,53.53,34.31,21.95,80.43,0.75,120.81,557.26,0.69,294.97,366.78,400.07,306.55,161.7,309.52,165.05,222.58,232.45
2015-10,AC,6195.0,22.0,281.59,30.66,31551.9,439.5,0.16,2.65,95.55,33.69,22.11,80.28,0.75,128.32,580.04,0.83,298.45,379.9,402.84,356.55,151.58,307.79,156.04,217.75,218.12
2015-11,AC,1047.0,21.0,49.86,22.42,3139.0,529.9,-2.49,2.52,181.32,32.69,22.75,82.21,0.68,121.73,555.94,0.84,361.82,489.97,432.63,365.92,170.3,325.52,187.67,273.03,346.21
2015-12,AC,166.0,19.0,8.74,32.28,387.4,108.0,0.43,2.21,198.01,31.54,22.49,85.01,0.54,114.52,528.08,0.81,350.15,642.11,578.32,467.83,232.55,367.18,245.11,305.31,342.76
2016-01,AC,97.0,21.0,4.62,15.58,202.5,73.4,0.4,1.55,240.87,32.03,23.15,86.23,0.51,112.68,516.3,0.7,335.63,694.31,741.65,629.95,672.81,407.47,351.77,449.85,565.69
2016-02,AC,18.0,9.0,2.0,12.5,25.0,14.4,-55.27,1.0,239.54,31.33,23.03,86.89,0.48,101.93,471.54,0.7,437.53,892.84,891.38,764.69,812.0,443.57,462.16,644.81,751.51
2016-03,AC,16.0,9.0,1.78,10.5,0.0,11.45,0.26,1.31,195.73,31.16,22.94,86.21,0.5,105.09,486.26,0.75,409.56,866.44,867.26,778.35,1216.77,435.99,394.38,581.3,855.1
2016-04,AC,57.0,17.0,3.35,8.5,8.5,8.5,-16.97,1.51,135.2,31.6,22.27,84.66,0.54,104.55,496.33,0.73,409.43,860.67,744.43,555.9,678.63,462.18,336.02,484.14,689.13
2016-05,AC,200.0,19.0,10.53,19.57,587.1,166.7,0.68,6.72,66.81,30.52,20.99,85.22,0.49,92.66,461.52,0.71,323.39,544.92,548.42,409.45,445.13,363.06,188.17,302.06,393.31
2016-06,AC,724.0,22.0,32.91,15.38,2030.8,112.6,-8.86,12.19,33.18,29.92,19.03,81.95,0.56,88.86,466.56,0.72,333.05,566.98,440.97,373.23,176.3,304.58,150.17,224.08,226.68
2016-07,AC,3644.0,22.0,165.64,27.03,18865.5,349.0,-8.12,15.12,15.58,33.13,18.68,76.69,0.78,108.0,560.34,0.54,315.53,427.92,373.71,345.1,143.77,288.56,130.34,177.16,172.63
2016-08,AC,16338.0,22.0,742.64,37.01,121697.3,565.4,0.0,8.53,52.94,33.96,19.55,74.04,0.92,114.03,549.99,0.64,294.6,371.48,335.23,338.52,140.45,294.69,127.42,187.26,148.6
2016-09,AC,20292.0,22.0,922.36,46.22,206681.8,1444.5,0.31,4.42,72.6,32.73,20.23,77.89,0.77,111.58,527.76,0.67,283.7,368.13,331.4,332.87,146.2,284.23,127.98,198.7,162.4
2016-10,AC,3615.0,22.0,164.32,29.12,16600.4,270.0,-0.01,1.69,148.88,32.37,21.93,80.91,0.7,120.04,557.75,0.69,309.21,651.61,430.99,394.11,239.45,286.45,142.63,238.89,230.29
2016-11,AC,449.0,22.0,20.41,21.34,1109.5,138.3,-4.17,2.41,145.43,31.85,21.98,82.17,0.64,114.84,530.9,0.78,313.83,591.45,497.88,508.13,565.9,339.13,203.95,300.92,313.58
2016-12,AC,60.0,17.0,3.53,37.73,226.4,65.1,0.41,1.2,262.12,30.92,22.3,84.71,0.54,107.84,500.33,0.75,358.23,730.81,571.45,548.1,633.42,334.73,212.24,316.55,398.06
2017-01,AC,10.0,7.0,1.43,31.46,0.0,63.5,0.08,0.0,325.1,29.58,22.09,88.29,0.39,91.2,425.19,0.57,557.5,1023.69,812.65,657.84,1314.35,410.82,340.23,553.48,780.59
2017-02,AC,47.0,11.0,4.27,25.18,100.7,61.9,0.11,0.0,215.38,30.61,22.14,86.92,0.45,95.19,447.45,0.68,411.0,929.71,695.0,698.48,1255.21,459.18,443.79,724.21,1002.63
2017-03,AC,14.0,8.0,1.75,15.94,0.0,34.3,0.04,0.0,317.46,30.6,22.29,86.8,0.46,102.19,483.51,0.58,439.87,992.1,803.29,865.0,1423.97,434.35,430.42,666.1,1168.94
2017-04,AC,29.0,12.0,2.42,6.7,6.7,6.7,0.23,0.0,182.16,30.57,21.84,86.12,0.48,94.5,454.88,0.65,370.57,801.98,612.0,761.58,892.77,399.5,429.46,674.17,953.23
2017-05,AC,89.0,17.0,5.24,11.46,103.1,36.9,0.39,0.0,127.47,31.39,22.03,86.64,0.47,91.92,452.31,0.43,408.23,753.89,545.71,734.6,666.32,319.94,235.83,250.39,526.39
2017-06,AC,233.0,22.0,10.59,18.42,810.6,86.9,-37.94,0.0,50.63,30.37,19.23,83.28,0.53,85.08,444.16,0.55,325.2,491.0,553.22,673.05,381.72,297.28,181.23,250.97,364.21
2017-07,AC,2092.0,22.0,95.09,22.43,9172.7,336.2,-9.56,0.0,20.78,32.13,16.96,74.91,0.77,105.64,572.32,0.53,292.11,350.02,417.97,632.82,172.65,271.06,143.88,186.48,225.52
2017-08,AC,7184.0,22.0,326.55,30.52,46028.2,374.2,-1.4,0.0,50.52,33.82,19.97,75.17,0.88,112.88,547.68,0.56,293.52,333.23,354.69,615.4,144.86,271.02,131.06,184.72,177.46
2017-09,AC,15528.0,22.0,705.82,33.2,109685.2,462.8,0.13,0.03,85.24,33.03,21.29,78.54,0.78,111.86,519.94,0.7,298.43,373.97,271.6,622.67,144.17,277.68,133.62,187.63,173.02
2017-10,AC,9491.0,22.0,431.41,32.63,49827.2,1092.9,0.16,0.0,113.19,33.01,21.81,80.01,0.74,126.85,580.94,0.84,322.08,396.74,451.1,251.9,181.76,287.04,144.24,220.48,211.74
2017-11,AC,461.0,19.0,24.26,21.61,2290.6,104.5,0.4,0.0,199.58,31.77,22.49,84.36,0.57,108.06,494.64,0.79,348.73,560.13,520.63,367.25,347.11,312.1,179.6,301.04,319.49
2017-12,AC,92.0,19.0,4.84,12.58,150.9,25.0,-21.62,0.0,205.75,31.37,22.33,84.83,0.54,109.03,498.96,0.83,318.9,911.53,760.5,655.0,702.94,412.73,316.03,486.36,700.52
2018-01,AC,31.0,7.0,4.43,13.28,0.0,24.75,-32.08,0.0,191.14,30.75,22.18,86.28,0.48,109.01,512.13,0.7,362.05,765.41,748.42,953.06,796.77,483.27,501.32,652.4,1069.77
2018-02,AC,24.0,5.0,4.8,13.97,41.9,24.5,0.23,0.0,244.04,30.38,22.48,87.23,0.45,86.68,398.14,0.68,426.5,798.0,843.77,888.33,1128.25,428.02,478.43,669.21,1077.0
2018-03,AC,14.0,7.0,2.0,5.3,5.3,5.3,0.16,0.0,183.39,31.05,22.11,85.91,0.49,103.39,483.72,0.68,423.4,804.24,782.05,751.49,916.4,486.73,372.97,630.46,1053.4
2018-04,AC,36.0,14.0,2.57,8.43,303.5,35.3,-27.56,0.0,198.46,30.86,22.11,86.08,0.49,91.98,435.26,0.71,372.27,935.02,597.4,822.23,1068.08,444.9,385.48,551.6,883.07
2018-05,AC,112.0,20.0,5.6,5.97,668.2,22.8,0.37,5.14,146.84,30.4,21.12,84.98,0.5,90.29,447.13,0.67,455.89,767.48,655.84,638.51,760.32,405.94,282.94,514.06,671.92
2018-06,AC,394.0,21.0,18.76,6.97,2508.3,154.5,-6.95,13.86,35.02,29.11,18.27,81.62,0.55,80.09,413.83,0.72,312.58,520.13,505.75,545.39,310.88,335.5,203.55,227.35,383.0
2018-07,AC,2617.0,22.0,118.95,12.18,25986.1,548.4,-4.95,14.37,32.33,32.02,18.32,76.11,0.76,100.28,512.65,0.66,292.58,464.73,487.19,342.39,228.6,302.58,140.23,162.23,220.74
2018-08,AC,8076.0,22.0,367.09,17.72,131002.2,635.4,-2.0,3.87,98.95,31.27,18.78,78.13,0.7,101.21,490.92,0.81,321.61,427.42,491.37,369.86,245.23,300.37,159.9,213.1,248.56
2018-09,AC,25498.0,22.0,1159.0,20.33,418963.0,797.7,-0.23,4.36,76.69,33.84,20.3,75.64,0.86,120.25,559.17,0.8,321.1,408.58,360.9,528.53,251.93,287.47,135.37,175.52,213.12
2018-10,AC,3781.0,22.0,171.86,15.35,49313.6,443.9,0.02,2.17,185.09,32.48,22.28,82.64,0.64,115.5,525.61,0.79,321.16,460.82,432.98,601.82,330.56,294.81,168.97,184.81,231.68
2018-11,AC,474.0,20.0,23.7,12.8,5633.7,213.1,-1.98,1.54,268.61,31.17,22.75,85.81,0.51,97.91,444.25,0.74,334.87,721.7,647.9,626.17,593.75,348.5,272.43,354.98,459.5
2018-12,AC,20.0,7.0,2.86,5.73,103.2,16.7,0.16,1.85,235.54,30.6,22.44,86.33,0.48,100.95,465.13,0.78,379.77,755.63,776.02,577.37,1240.92,308.5,250.71,411.35,790.06
2019-01,AC,16.0,9.0,1.78,7.07,42.4,14.7,-62.36,0.44,287.06,30.75,22.4,87.01,0.46,101.86,471.74,0.65,398.68,797.92,763.93,732.48,1283.59,385.95,393.52,564.88,1074.58
2019-02,AC,5.0,4.0,1.25,5.74,28.7,11.0,0.02,0.4,293.42,30.78,22.72,87.45,0.44,89.14,409.73,0.7,436.93,1034.93,1046.96,1031.66,1386.88,495.2,619.14,746.25,1245.53
2019-03,AC,30.0,11.0,2.73,6.0,155.9,17.1,-33.26,0.47,355.36,31.28,22.74,86.63,0.48,102.58,475.89,0.68,421.41,1047.11,1006.48,678.81,974.95,490.58,519.45,697.63,1116.76
2019-04,AC,61.0,13.0,4.69,6.96,389.7,41.8,0.27,3.8,163.48,31.8,22.31,84.79,0.55,98.28,461.83,0.69,412.19,838.55,828.65,932.02,763.32,384.55,367.33,417.88,805.43
2019-05,AC,262.0,20.0,13.1,7.78,1430.6,127.4,-11.03,6.61,79.39,31.29,20.99,83.63,0.56,97.38,482.71,0.66,367.73,624.37,670.25,775.03,405.05,323.65,239.02,357.79,593.02
2019-06,AC,506.0,22.0,23.0,8.61,3081.2,82.2,-7.37,6.96,48.93,31.83,20.72,83.28,0.57,90.35,458.35,0.55,328.83,468.9,621.53,421.62,187.27,278.93,155.82,239.73,287.87
2019-07,AC,2151.0,22.0,97.77,13.57,18962.3,440.2,-3.51,6.14,60.22,31.3,18.79,81.16,0.6,96.89,502.5,0.61,304.13,425.27,522.08,347.18,146.82,270.74,137.03,218.27,227.88
2019-08,AC,27541.0,22.0,1251.86,19.85,294654.2,909.3,-0.85,11.4,48.77,33.29,18.08,72.11,0.91,114.93,566.31,0.66,291.84,368.65,672.21,293.65,141.89,267.03,120.71,198.07,171.33
2019-09,AC,31369.0,22.0,1425.86,22.08,379844.2,1017.7,0.08,1.9,101.45,34.33,21.54,77.96,0.84,117.75,544.09,0.61,295.5,396.35,626.1,300.34,153.43,270.4,126.47,204.84,187.21
2019-10,AC,4788.0,22.0,217.64,16.92,46769.0,428.9,-0.64,2.0,152.78,31.96,21.71,84.1,0.57,110.02,511.27,0.62,336.98,448.55,557.71,404.54,242.33,301.73,178.27,269.89,264.98
2019-11,AC,421.0,21.0,20.05,13.34,3268.7,339.9,-2.2,1.69,290.86,31.57,22.21,85.13,0.54,101.92,468.25,0.64,441.5,585.28,668.55,588.02,579.95,376.58,314.97,514.53,672.53
2019-12,AC,24.0,11.0,2.18,9.18,128.5,70.0,0.08,0.75,322.59,31.17,22.5,86.56,0.48,103.14,475.97,0.66,430.45,878.95,959.35,770.71,1079.81,474.69,664.28,668.76,1004.01
2020-01,AC,152.0,20.0,7.6,28.58,2915.2,888.4,-13.04,2.36,208.04,32.0,22.82,84.49,0.58,112.8,514.66,0.7,363.02,783.5,898.32,1020.72,1191.61,420.08,579.48,674.95,1091.62
2020-02,AC,18.0,9.0,2.0,5.5,55.0,18.1,-55.42,0.61,196.68,31.23,22.76,86.39,0.49,95.63,438.69,0.67,344.29,847.44,811.12,852.37,832.02,380.55,404.79,508.9,884.91
2020-03,AC,34.0,10.0,3.4,5.27,84.3,20.8,-29.26,1.44,264.58,31.8,22.66,86.69,0.49,104.17,482.96,0.6,437.98,960.87,889.57,628.87,1131.15,425.77,354.56,507.16,892.34
2020-04,AC,128.0,19.0,6.74,5.85,480.0,37.8,0.19,3.49,190.44,31.08,21.72,86.24,0.47,92.54,443.74,0.57,432.0,921.73,877.97,637.84,1045.92,406.63,351.93,579.65,861.65
2020-05,AC,482.0,21.0,22.95,7.15,1986.8,81.3,-9.98,4.85,108.84,30.71,20.04,85.42,0.47,90.6,458.39,0.56,453.48,811.74,707.17,554.84,665.44,360.84,268.42,379.02,541.68
2020-06,AC,787.0,22.0,35.77,7.96,3638.2,129.8,-7.13,7.36,91.38,31.36,20.56,85.08,0.51,85.79,435.29,0.52,340.72,742.85,589.23,406.53,330.13,292.75,166.63,269.18,300.9
2020-07,AC,2893.0,22.0,131.5,11.51,19522.9,156.9,-1.83,5.15,62.73,31.68,19.62,83.23,0.56,90.96,457.92,0.54,330.55,586.9,488.29,350.89,262.71,296.89,166.82,264.53,241.42
2020-08,AC,32678.0,22.0,1485.36,21.39,372386.0,709.8,-0.87,7.35,35.86,34.08,18.51,75.2,0.86,109.31,525.02,0.6,329.63,467.1,561.27,338.16,212.73,281.65,129.26,234.66,173.88
2020-09,AC,31386.0,22.0,1426.64,20.05,345770.0,1189.8,-0.13,2.18,128.18,34.16,21.42,79.06,0.79,112.52,512.03,0.66,285.02,354.02,448.77,406.53,133.38,283.83,131.77,231.63,161.18
2020-10,AC,14549.0,22.0,661.32,16.17,158508.9,577.7,0.18,2.95,163.06,33.28,21.58,80.65,0.73,123.06,563.75,0.74,282.77,372.65,443.58,351.1,148.23,290.9,130.31,234.6,174.6
2020-11,AC,1964.0,22.0,89.27,9.64,16489.0,461.8,-0.68,2.54,119.78,33.3,22.29,82.06,0.68,113.79,518.26,0.6,297.14,407.48,725.6,339.19,163.48,296.53,128.0,214.38,204.58
2020-12,AC,172.0,18.0,9.56,7.98,1324.2,37.3,0.44,1.52,288.87,31.07,22.1,86.06,0.49,103.96,481.23,0.65,337.47,802.69,736.56,461.67,451.55,379.9,283.48,379.94,450.78
2021-01,AC,111.0,17.0,6.53,9.87,917.5,68.7,-17.91,1.75,242.7,30.89,21.93,86.54,0.47,106.33,498.12,0.61,379.08,984.65,906.68,766.52,1041.21,443.6,428.58,606.61,1039.53
2021-02,AC,7.0,4.0,1.75,3.73,26.1,6.8,0.0,0.14,329.64,30.59,22.47,87.42,0.44,88.58,411.46,0.56,436.2,1185.71,1252.77,1087.18,1596.61,568.79,611.57,807.73,1372.77
2021-03,AC,56.0,13.0,4.31,6.63,318.2,25.9,-178.39,0.48,256.54,30.33,21.93,87.88,0.42,96.24,455.94,0.51,440.27,1131.1,1159.86,827.34,1159.92,466.23,461.81,677.4,1101.51
2021-04,AC,81.0,17.0,4.76,5.98,448.7,22.2,-12.22,2.3,164.15,31.15,22.05,86.45,0.47,95.96,461.55,0.55,393.07,966.88,1061.57,621.19,840.47,454.77,442.48,630.5,1013.87
2021-05,AC,435.0,22.0,19.77,6.89,2995.6,94.0,-4.22,4.3,68.03,30.78,20.55,85.82,0.47,85.53,423.09,0.54,352.38,436.42,661.81,468.2,526.02,307.06,210.45,303.71,456.52
2021-06,AC,636.0,21.0,30.29,7.85,4748.5,106.1,-2.61,9.33,58.6,30.03,19.77,84.25,0.5,79.54,403.54,0.57,322.32,399.52,583.2,373.77,224.68,308.93,187.37,256.08,291.32
2021-07,AC,4461.0,22.0,202.77,10.32,42050.0,333.7,-6.67,11.35,28.56,31.81,17.53,77.77,0.68,98.13,522.46,0.46,292.27,369.44,437.73,333.08,122.96,289.58,147.85,181.94,209.27
2021-08,AC,34833.0,22.0,1583.32,18.73,536164.2,964.2,0.04,17.4,51.89,34.52,19.01,73.21,0.95,112.03,548.02,0.5,285.77,346.5,402.45,338.35,108.58,277.74,125.53,152.9,150.94
2021-09,AC,53780.0,22.0,2444.55,19.15,828947.0,1017.2,0.06,2.32,97.67,34.65,21.25,80.14,0.76,123.35,579.99,0.54,286.0,381.35,418.45,286.67,145.11,279.02,125.33,154.4,148.91
2021-10,AC,16665.0,22.0,757.5,15.77,222887.0,1587.4,-1.52,1.72,160.35,33.34,21.85,83.35,0.63,123.53,573.29,0.56,282.94,407.8,443.98,281.0,184.1,281.95,138.95,199.73,190.71
2021-11,AC,605.0,21.0,28.81,9.25,5096.5,102.5,-1.57,2.0,301.44,31.6,22.31,87.96,0.43,103.38,481.74,0.55,289.82,578.23,506.18,380.57,287.83,151.5,186.7,245.4,306.82
2021-12,AC,85.0,15.0,5.67,7.27,603.5,37.0,0.21,1.32,326.14,31.63,22.71,88.38,0.42,100.15,460.38,0.5,349.5,767.95,814.27,691.41,975.85,27.84,424.31,569.32,853.48
2022-01,AC,552.0,21.0,26.29,12.49,4845.7,140.8,-3.33,7.83,208.5,31.88,22.19,85.49,0.52,107.52,496.75,0.51,319.08,651.8,761.56,653.43,1022.19,367.13,301.35,433.56,721.79
2022-02,AC,21.0,7.0,3.0,10.06,191.2,58.2,0.12,1.05,317.02,30.64,21.89,87.46,0.43,84.55,391.26,0.52,369.54,938.68,1103.7,837.0,1493.63,488.43,496.58,712.54,1089.18
2022-03,AC,23.0,10.0,2.3,4.54,104.5,15.0,0.01,0.87,309.29,30.52,22.07,86.3,0.47,91.45,424.04,0.54,415.05,1090.46,1138.13,849.71,1544.64,468.0,494.39,743.39,1144.48
2022-04,AC,90.0,17.0,5.29,5.66,509.6,25.8,0.2,1.92,146.39,31.26,21.74,87.18,0.45,89.24,422.38,0.54,377.9,892.66,760.55,511.49,994.15,368.3,296.42,414.0,822.08
2022-05,AC,382.0,20.0,19.1,7.49,2817.6,134.1,-25.74,4.2,126.26,31.15,20.17,85.32,0.48,90.5,454.01,0.53,419.33,756.81,557.65,508.41,564.1,309.63,267.08,315.81,390.45
2022-06,AC,873.0,22.0,39.68,8.45,7123.0,234.2,-13.27,9.36,54.14,30.48,19.54,84.12,0.51,77.96,398.47,0.48,338.53,627.09,485.57,454.88,351.49,356.3,298.33,340.7,374.93
2022-07,AC,2700.0,22.0,122.73,11.07,27794.1,377.0,-9.02,7.27,36.5,33.62,20.09,80.38,0.7,102.88,522.73,0.39,313.9,469.41,344.82,291.18,192.23,282.15,150.27,225.35,198.03
2022-08,AC,22104.0,22.0,1004.73,24.5,471271.6,1770.0,-0.9,-88.35,49.2,33.29,18.8,78.1,0.73,106.43,521.07,0.6,315.08,368.4,315.95,254.81,158.16,267.48,136.34,213.74,177.42
2022-09,AC,89232.0,22.0,4056.0,35.22,3140748.2,1753.2,0.03,4.01,65.68,34.92,20.19,74.84,0.94,115.67,525.86,0.68,298.12,372.44,299.57,234.88,150.38,260.43,123.33,191.57,144.28
2022-10,AC,14043.0,22.0,638.32,34.4,482166.5,1014.5,-0.09,1.52,172.95,33.76,21.77,81.96,0.68,121.13,555.75,0.64,286.87,510.59,358.23,379.16,206.56,297.71,192.5,284.42,252.31
2022-11,AC,15921.0,22.0,723.68,33.64,535492.1,799.6,-0.31,5.49,156.01,33.12,20.65,79.01,0.74,118.75,560.39,0.54,289.91,568.62,497.13,381.03,278.1,336.48,209.07,288.81,268.35
2022-12,AC,273.0,20.0,13.65,22.32,6092.7,337.5,-10.91,2.97,264.08,32.0,21.95,84.27,0.57,111.2,513.36,0.62,294.1,601.13,611.11,460.82,585.74,383.89,319.63,416.08,573.44
2023-01,AC,92.0,15.0,6.13,29.47,2710.8,443.0,0.02,1.02,239.13,31.06,21.82,85.52,0.51,106.86,498.35,0.66,346.1,806.31,697.68,630.27,1104.04,410.94,376.73,465.92,775.84
2023-02,AC,23.0,8.0,2.88,36.7,844.2,438.1,-43.43,0.74,282.1,30.86,22.04,87.27,0.44,89.31,415.81,0.5,345.77,978.01,835.5,693.62,1135.15,482.32,445.3,571.69,980.34
2023-03,AC,21.0,10.0,2.1,3.3,69.3,10.1,0.0,0.29,327.48,31.3,22.24,88.13,0.42,98.8,461.38,0.51,372.65,826.56,843.15,772.73,1091.06,529.68,600.61,774.84,1126.77
2023-04,AC,25.0,14.0,1.79,5.33,133.2,25.9,0.02,1.28,199.31,31.4,22.35,87.24,0.46,90.02,427.22,0.44,379.5,866.97,796.1,807.29,1045.53,423.07,443.72,575.32,1143.76
2023-05,AC,153.0,17.0,9.0,9.94,1521.0,203.5,-12.99,4.38,108.94,30.94,22.25,87.04,0.46,80.27,382.13,0.49,355.58,643.13,608.89,547.76,577.1,335.42,289.24,369.4,524.08
2023-06,AC,474.0,22.0,21.55,7.45,3530.9,92.7,-33.39,7.62,37.18,30.82,19.58,83.84,0.53,79.01,399.41,0.47,318.82,518.97,427.62,308.22,305.57,301.33,188.93,268.5,355.03
2023-07,AC,2752.0,22.0,125.09,16.88,46164.5,420.3,-9.24,16.09,23.97,33.56,19.99,77.5,0.8,100.56,504.91,0.45,287.44,388.6,336.68,233.84,155.58,291.92,129.47,193.68,211.21
2023-08,AC,18782.0,22.0,853.73,36.03,672021.8,620.8,-0.63,6.05,44.86,34.94,21.56,74.57,0.99,111.76,519.52,0.53,284.52,363.27,314.47,214.06,142.11,287.26,114.61,182.24,179.67
2023-09,AC,36940.0,22.0,1679.09,29.32,1073525.4,986.7,-0.09,2.56,86.24,35.26,22.53,75.23,0.99,115.51,517.39,0.58,277.42,355.28,279.27,200.83,132.57,285.67,106.6,172.54,157.78
2023-10,AC,21599.0,22.0,981.77,29.36,632975.4,1499.4,-0.03,2.37,77.97,35.43,23.37,75.34,1.02,126.39,545.26,0.71,273.9,376.52,308.27,224.37,134.56,291.81,106.89,179.2,158.4
2023-11,AC,3373.0,22.0,153.32,15.04,50474.9,374.7,0.13,1.89,141.64,33.54,23.27,78.87,0.84,110.06,480.91,0.69,285.43,441.55,340.97,245.97,180.24,311.85,130.03,202.77,194.98
2023-12,AC,119.0,14.0,8.5,7.96,947.8,35.1,-8.3,1.34,232.13,31.57,23.18,85.37,0.54,105.67,482.44,0.63,300.87,858.52,682.84,481.87,637.36,410.53,372.4,455.98,520.9
2024-01,AC,171.0,17.0,10.06,22.29,3811.4,203.8,-5.8,1.68,352.86,31.61,23.39,85.84,0.52,104.29,472.72,0.66,374.78,816.6,693.68,666.58,773.02,389.28,353.85,483.34,774.71
2024-02,AC,59.0,12.0,4.92,14.34,845.9,102.3,-16.83,1.93,391.38,31.55,23.3,86.68,0.49,96.05,436.24,0.65,336.16,916.15,823.9,790.36,1062.34,1175.25,584.31,788.31,981.25
2024-03,AC,112.0,17.0,6.59,8.41,942.2,59.2,-8.91,0.67,115.46,32.41,23.51,85.06,0.57,70.58,321.77,0.62,441.43,1002.23,832.84,748.77,1058.8,380.97,788.5,1678.75,1069.6
2024-04,AC,125.0,20.0,6.25,6.22,778.0,47.9,0.11,1.46,115.46,32.41,23.51,85.06,0.57,70.58,321.77,0.62,407.79,694.52,621.12,604.75,646.0,356.58,214.23,313.55,542.28
2024-05,AC,248.0,22.0,11.27,6.14,1523.6,35.9,-15.72,6.61,115.46,32.41,23.51,85.06,0.57,70.58,321.77,0.62,358.65,573.81,416.55,408.02,486.77,317.92,145.25,211.9,392.5
2024-06,AC,1618.0,22.0,73.55,8.39,13559.9,187.6,-14.32,9.6,115.46,32.41,23.51,85.06,0.57,70.58,321.77,0.62,303.99,453.47,302.99,211.29,224.63,305.48,109.67,156.78,202.45
2024-07,AC,6598.0,22.0,299.91,15.72,103331.0,431.6,-6.04,15.74,115.46,32.41,23.51,85.06,0.57,70.58,321.77,0.62,285.73,390.71,287.43,207.9,136.97,293.03,92.62,143.03,167.65
2024-08,AC,34191.0,22.0,1554.14,22.52,763621.4,830.1,-0.79,11.12,-,-,-,-,-,-,-,-,274.19,373.74,259.79,201.75,118.74,287.47,77.31,143.82,139.0
2024-09,AC,53723.0,22.0,2441.95,23.09,1223059.3,922.3,0.19,4.43,-,-,-,-,-,-,-,-,269.2,369.89,248.82,187.02,114.77,284.74,69.62,126.37,130.62
2024-10,AC,40634.0,22.0,1847.0,24.1,969045.8,601.9,0.01,2.34,-,-,-,-,-,-,-,-,272.01,430.63,253.52,193.34,124.6,283.79,115.19,203.63,213.5
2024-11,AC,1772.0,22.0,80.55,11.72,20707.4,170.2,0.03,2.03,-,-,-,-,-,-,-,-,272.01,457.5,357.35,255.36,253.97,386.75,181.52,284.48,347.6
2024-12,AC,328.0,19.0,17.26,10.67,3489.3,105.5,-3.0,1.33,-,-,-,-,-,-,-,-,272.01,673.77,639.42,628.37,921.47,467.92,333.87,428.08,583.48
