Data,UF,Total_Focos,Qtd_Municipios_Com_Fogo,Media_Focos_Mun_Com_Fogo,FRP_Medio,FRP_Soma,FRP_Maximo,Risco_Fogo_Medio,Dias_Secos_Medio,Precipitacao_Media_Local_Fogo,Precipitacao_Media,Temp_Max_Media,Temp_Min_Media,Umidade_Relativa_Media,VPD_Medio,Evapotranspiracao_Media,Radiacao_Solar_Media,Velocidade_Vento_Media,GARGANTA_16430000,CARAMUJO_16460000,CACH_DA_PORTEIRA_-_CONJ_1_16650000,ÓBIDOS_-_LINIGRAFO_17050001,BOCA_DO_INFERNO_17090000,SANTARÉM_17900000,ARAPARI_18200000,URUARÁ_18250000,PORTO_DE_MOZ_18950003,PACAJÁS_19985000,CONCEIÇÃO_DO_ARAGUAIA_27500000,MARABÁ_29050000,BOM_JARDIM_31520000,FAZENDA_MARINGA_31680000,BADAJÓS_31700000,NOVA_MOCAJUBA_32350000,JAPIIM_32420000,TARARUA_-_PONTE_32450002,FAZENDA_RURAL_ZEBU_32540000,CAFEZAL_32550000,ALTO_BONITO_32620000
2000-01,PA,31,17,1.82,-,0.0,-,-,-,-,-,-,-,-,-,-,-,-,629.03,1423.94,467.68,297.16,542.77,307.32,582.1,459.97,242.65,549.87,643.82,986.32,174.26,748.19,567.81,550.68,371.9,506.0,594.52,353.84,463.16
2000-02,PA,32,16,2.0,-,0.0,-,-,-,-,-,-,-,-,-,-,-,-,650.34,1434.1,551.86,429.24,547.34,447.14,579.62,510.28,297.38,645.14,757.88,1043.17,185.83,791.24,607.59,611.07,376.14,436.48,559.48,408.48,478.83
2000-03,PA,181,21,8.62,-,0.0,-,-,-,-,-,-,-,-,-,-,-,-,788.16,1594.77,795.87,550.97,899.29,564.87,847.73,579.55,346.03,737.32,850.76,1186.29,233.0,963.21,726.71,636.45,393.55,482.68,616.39,510.18,574.42
2000-04,PA,40,13,3.08,-,0.0,-,-,-,-,-,-,-,-,-,-,-,-,953.67,1810.27,1117.3,664.9,1177.83,658.67,964.03,642.77,385.07,740.57,873.98,1101.77,274.57,1010.42,804.4,660.18,420.3,557.0,856.33,561.08,721.63
2000-05,PA,12,11,1.09,-,0.0,-,-,-,-,-,-,-,-,-,-,-,-,1091.48,2021.71,1367.39,738.45,1247.84,709.42,970.48,564.23,383.06,639.55,692.23,886.61,276.9,1012.11,810.03,654.56,422.9,547.55,743.98,528.06,701.77
2000-06,PA,62,17,3.65,-,0.0,-,-,-,-,-,-,-,-,-,-,-,-,962.23,1818.2,1222.37,741.1,878.63,697.2,768.53,480.97,368.7,530.47,373.08,521.97,212.67,838.9,697.53,626.78,348.1,335.6,582.42,352.8,438.67
2000-07,PA,437,27,16.19,-,0.0,-,-,-,-,-,-,-,-,-,-,-,-,804.58,1633.87,975.03,711.48,724.29,664.42,716.13,479.52,338.82,506.19,284.34,406.03,214.16,746.71,611.16,614.5,375.48,432.19,506.47,291.56,436.0
2000-08,PA,5845,71,82.32,-,0.0,-,-,-,-,-,-,-,-,-,-,-,-,719.9,1521.74,789.23,647.26,577.82,607.9,553.76,397.05,317.15,444.37,248.23,307.24,129.23,653.81,542.1,577.81,311.82,256.1,463.11,216.58,353.98
2000-09,PA,2707,81,33.42,-,0.0,-,-,-,-,-,-,-,-,-,-,-,-,627.65,1421.77,604.08,521.03,461.25,499.3,433.85,369.48,263.15,416.68,239.08,261.6,79.33,589.27,466.62,529.68,268.18,170.05,438.58,172.23,262.6
2000-10,PA,4525,97,46.65,-,0.0,-,-,-,-,-,-,-,-,-,-,-,-,574.27,1361.21,433.53,334.16,415.74,346.85,385.48,346.82,228.32,394.76,241.81,268.98,54.29,545.44,427.6,491.35,248.58,136.71,414.48,158.39,248.77
2000-11,PA,7013,125,56.1,26.88,89655.9,1593.2,-,-,-,-,-,-,-,-,-,-,-,524.53,1317.95,345.3,235.18,397.07,263.87,363.97,353.92,174.08,379.95,286.93,383.43,37.3,511.55,390.3,464.4,222.48,104.65,395.88,140.37,224.9
2000-12,PA,4098,110,37.25,27.29,59895.7,761.8,-,-,-,-,-,-,-,-,-,-,-,429.61,1253.03,264.08,207.13,373.74,250.73,333.55,340.87,194.92,403.77,451.79,664.85,41.89,518.53,385.94,464.11,230.92,113.61,416.79,151.45,231.08
2001-01,PA,58,24,2.42,10.15,233.4,26.8,-,-,-,381.55,30.44,22.25,87.3,0.44,103.2,486.69,1.08,582.79,1381.27,442.89,323.79,402.29,355.24,386.29,440.29,233.1,540.85,615.77,776.63,86.44,635.73,468.65,537.82,286.77,221.11,459.58,217.63,308.56
2001-02,PA,32,15,2.13,20.31,304.6,107.9,-,-,-,372.41,30.35,22.13,88.22,0.4,93.16,441.51,1.01,621.89,1500.38,567.27,496.59,470.39,477.27,534.99,524.79,318.04,624.49,598.21,798.98,222.04,770.91,628.41,645.12,385.55,478.79,554.91,431.0,542.59
2001-03,PA,5,5,1.0,8.08,40.4,11.0,-,-,-,391.52,30.59,22.55,88.42,0.41,104.46,493.3,1.02,659.48,1524.84,693.63,611.24,566.26,598.71,581.36,570.94,354.71,691.67,614.21,917.1,250.94,876.15,699.82,665.35,409.62,553.73,737.73,527.5,680.39
2001-04,PA,3,3,1.0,8.43,25.3,10.6,-,-,-,371.25,30.84,22.64,88.04,0.42,99.15,472.07,0.9,789.97,1600.83,907.83,706.32,1048.37,691.23,918.24,563.11,389.43,753.96,608.37,955.17,328.67,1019.88,805.07,708.68,472.72,634.98,752.78,635.33,753.65
2001-05,PA,21,12,1.75,23.16,324.3,132.6,-,-,-,199.92,32.03,23.05,85.06,0.55,116.24,554.34,1.1,870.49,1704.24,1060.29,731.57,834.4,698.16,738.09,500.31,372.58,579.15,431.37,673.23,284.94,1066.69,871.48,652.39,404.13,483.6,873.13,512.19,695.09
2001-06,PA,72,23,3.13,17.05,409.1,50.8,-,-,-,192.36,31.67,22.17,83.67,0.58,107.37,520.25,1.08,845.47,1671.18,999.87,721.18,662.68,678.2,646.8,446.56,340.23,574.55,324.52,498.82,193.58,820.23,681.43,609.33,374.38,462.26,599.43,362.55,504.22
2001-07,PA,1160,54,21.48,23.11,9611.8,497.8,-,-,-,107.79,32.27,21.97,79.93,0.72,127.37,615.03,1.25,769.4,1581.18,877.69,679.31,569.19,636.44,561.87,393.35,331.0,491.4,254.97,380.13,154.81,708.82,594.98,605.53,342.18,313.64,494.26,286.48,425.94
2001-08,PA,17231,92,187.29,37.3,281401.3,1603.0,-,-,-,41.61,33.2,22.06,73.84,0.97,148.82,686.7,1.49,679.73,1482.79,690.16,572.16,463.52,541.81,437.45,350.15,265.24,423.16,224.21,280.6,81.71,605.08,494.82,545.16,275.5,183.6,440.97,197.4,285.68
2001-09,PA,10098,103,98.04,26.4,95311.9,772.9,-,-,-,72.7,33.24,22.79,75.54,0.93,144.26,645.07,1.58,614.55,1405.54,503.87,393.88,428.5,395.03,399.42,398.88,240.15,401.93,211.32,249.12,59.73,555.18,441.22,510.35,258.03,147.62,416.32,165.45,255.48
2001-10,PA,9017,126,71.56,27.4,98372.3,1621.6,-,-,-,77.99,33.18,23.11,76.25,0.91,147.26,645.67,1.65,516.6,1313.3,314.63,180.79,451.65,221.42,348.67,330.73,181.73,387.54,230.6,261.97,42.87,506.52,402.08,475.92,233.23,118.18,405.84,144.9,233.32
2001-11,PA,9654,126,76.62,30.67,135140.7,4336.2,-,-,-,79.69,33.02,23.43,76.4,0.91,137.61,595.61,1.65,465.13,1283.47,261.23,101.53,371.77,157.65,324.26,312.82,146.22,384.58,299.97,345.38,35.07,486.56,375.93,462.27,226.08,112.13,384.6,139.8,226.59
2001-12,PA,5409,116,46.63,28.27,76451.2,814.0,-,-,-,108.12,32.76,23.68,78.75,0.82,135.5,584.14,1.73,388.94,1227.3,216.08,177.11,351.72,223.03,299.53,309.67,153.79,450.28,500.41,602.6,26.16,508.97,384.35,449.63,221.69,107.24,389.77,129.15,220.17
2002-01,PA,265,57,4.65,15.57,1759.1,64.2,-,-,-,311.27,30.94,22.73,85.8,0.51,108.02,498.79,1.17,449.4,1259.83,391.6,381.49,374.19,402.94,322.16,420.39,195.61,595.93,759.1,1078.98,67.92,630.73,457.56,520.28,288.17,225.33,529.78,268.35,341.81
2002-02,PA,186,40,4.65,11.75,775.7,32.5,-,-,-,259.69,31.35,22.91,84.83,0.55,107.54,498.41,1.23,492.27,1282.16,476.61,455.52,388.54,468.14,357.19,415.66,286.88,609.34,882.52,1095.89,130.27,675.46,516.84,598.72,357.23,435.29,524.69,292.45,452.37
2002-03,PA,17,13,1.31,9.63,28.9,11.8,-,-,-,338.68,31.07,22.71,86.61,0.48,107.91,501.36,1.06,646.7,1441.47,641.35,559.84,489.06,556.85,494.51,424.25,323.65,617.37,913.79,1029.09,247.13,747.45,550.06,645.56,421.27,552.29,661.6,408.42,601.44
2002-04,PA,17,6,2.83,9.32,46.6,15.3,-,-,-,351.42,31.17,22.78,86.43,0.49,102.52,482.42,0.99,744.95,1583.9,824.18,644.93,823.92,625.74,825.25,473.85,351.38,717.79,777.68,998.02,326.93,954.38,663.15,669.53,424.23,580.17,919.07,636.53,774.85
2002-05,PA,46,21,2.19,14.99,389.8,46.8,-,-,-,229.76,31.86,23.12,84.33,0.58,113.71,538.45,1.13,827.4,1642.23,961.02,695.21,660.41,657.45,723.35,435.04,343.63,602.87,507.52,686.96,255.19,783.88,678.19,656.59,383.85,449.68,721.31,489.94,657.19
2002-06,PA,277,36,7.69,39.9,4827.7,1038.7,-,-,-,150.92,32.05,22.41,81.32,0.68,113.61,545.91,1.12,794.12,1608.5,931.4,719.62,603.29,671.42,708.72,411.22,335.15,501.08,333.82,527.78,187.4,646.15,541.72,633.88,358.14,351.48,538.93,348.57,449.22
2002-07,PA,2732,112,24.39,51.63,102581.2,3768.9,-,-,-,79.97,32.53,22.76,78.72,0.79,130.64,622.08,1.31,689.49,1498.48,814.0,700.61,506.09,647.47,521.7,350.94,309.39,449.63,271.85,364.03,128.32,548.85,445.23,596.85,316.03,265.08,454.85,232.19,333.32
2002-08,PA,56116,130,431.66,86.27,3037790.7,7342.9,-,-,-,54.62,33.3,22.69,74.58,0.96,148.37,681.88,1.49,597.46,1393.29,683.79,629.56,420.41,584.68,414.71,326.63,292.32,399.81,241.68,245.14,90.81,503.94,403.15,556.91,285.85,200.1,411.19,199.94,283.27
2002-09,PA,32155,135,238.19,53.31,1033281.1,3327.9,-,-,-,47.54,33.69,23.22,73.56,1.03,150.39,662.03,1.65,502.13,1302.47,523.33,493.06,369.85,468.88,352.45,310.31,253.79,372.88,219.82,218.98,58.77,458.37,354.2,509.46,248.67,141.95,391.65,159.81,245.02
2002-10,PA,24536,137,179.09,53.84,811385.5,3500.8,-,-,-,57.37,33.09,23.28,75.33,0.95,147.78,641.65,1.73,425.29,1250.53,302.68,252.27,353.31,281.49,317.96,306.21,194.41,348.65,218.98,241.06,36.81,426.89,326.01,478.24,227.23,107.53,376.58,136.31,221.76
2002-11,PA,28557,136,209.98,54.64,1041724.8,4972.6,-,-,-,80.15,33.0,23.39,77.19,0.88,137.73,605.24,1.59,423.9,1243.05,223.05,144.22,349.73,187.85,308.02,302.77,166.47,357.35,243.25,291.88,32.82,414.1,311.16,462.5,230.05,115.5,379.13,129.5,218.5
2002-12,PA,10570,130,81.31,43.13,316523.7,2063.3,-,-,-,171.98,32.01,23.69,81.2,0.71,120.89,533.32,1.43,368.48,1214.18,261.98,251.21,339.03,277.71,299.52,311.31,187.42,400.06,285.44,365.53,36.61,424.48,316.18,459.63,237.24,119.08,390.21,161.06,238.48
2003-01,PA,2909,114,25.52,30.91,61453.2,1716.7,-,-,-,212.44,31.75,23.59,82.15,0.67,124.63,561.92,1.41,344.19,1209.05,355.24,353.03,340.31,359.27,306.35,302.85,231.31,529.15,426.51,595.74,57.9,472.84,336.65,487.05,281.92,217.73,408.77,169.92,277.89
2003-02,PA,73,26,2.81,14.81,547.9,81.3,-,-,-,408.2,30.47,22.86,87.66,0.43,89.38,413.59,1.02,382.3,1224.7,433.82,428.61,372.91,445.32,412.66,404.88,265.52,717.91,582.71,780.88,210.29,617.75,456.71,663.34,383.54,476.29,509.45,322.39,519.79
2003-03,PA,41,19,2.16,10.09,353.2,22.0,-,-,-,401.65,30.54,22.92,86.86,0.46,102.24,473.31,1.07,447.81,1271.56,518.77,502.66,479.08,508.5,662.05,451.48,288.05,745.68,719.8,974.45,356.61,853.23,633.35,687.21,475.85,590.9,731.39,519.98,725.98
2003-04,PA,36,20,1.8,9.68,300.1,20.3,-,-,-,331.2,31.37,23.19,86.08,0.51,104.94,491.83,0.95,653.17,1403.0,676.1,611.03,659.68,611.85,869.87,492.12,363.75,779.07,789.1,1060.87,312.68,931.97,726.77,685.52,403.08,503.05,731.27,574.03,716.42
2003-05,PA,200,50,4.0,16.96,2849.8,135.7,-,-,-,201.19,31.99,23.15,83.15,0.63,113.8,533.75,1.11,784.89,1598.27,885.69,679.52,692.05,653.87,791.03,464.6,364.42,627.56,630.21,799.97,279.34,855.81,693.76,663.5,382.11,421.29,507.98,575.97,633.85
2003-06,PA,718,85,8.45,23.3,13302.0,635.0,-,-,-,140.63,32.33,22.63,80.44,0.72,115.87,553.83,1.13,731.12,1542.93,835.62,690.52,550.45,647.0,595.7,408.15,330.1,563.9,368.84,558.25,199.52,648.9,538.65,635.87,335.26,312.07,323.72,561.52,414.57
2003-07,PA,10567,110,96.06,78.23,459597.0,6372.4,-,-,-,106.65,32.72,22.17,76.37,0.87,130.8,617.43,1.26,676.34,1478.56,755.71,664.52,466.26,617.05,490.03,355.21,312.98,477.81,281.29,417.65,144.42,549.76,433.85,604.19,302.13,244.35,225.47,459.85,329.8
2003-08,PA,27774,124,223.98,76.37,1134188.8,5273.6,-,-,-,80.09,33.21,22.54,75.67,0.92,143.14,657.36,1.44,615.52,1414.38,658.6,597.97,416.71,561.29,429.74,324.81,287.03,454.58,240.9,307.66,83.94,487.19,377.78,564.31,266.15,164.05,172.74,413.02,260.29
2003-09,PA,35934,132,272.23,63.26,1153792.1,5242.2,-,-,-,73.2,33.24,23.01,75.88,0.92,144.25,652.0,1.46,560.28,1346.4,526.29,471.52,404.9,456.12,372.51,329.45,248.78,423.77,220.13,239.91,63.77,460.06,345.72,522.72,251.12,143.39,394.0,148.33,237.0
2003-10,PA,20665,135,153.07,55.04,574805.5,5033.8,-,-,-,68.53,32.82,23.35,76.75,0.89,138.96,611.08,1.48,466.09,1285.19,328.6,258.28,373.3,287.27,335.69,321.84,192.97,419.81,222.81,245.29,43.74,444.98,322.21,493.69,226.27,109.37,364.19,125.51,214.02
2003-11,PA,24510,136,180.22,56.22,788208.8,5815.3,-,-,-,98.57,32.67,23.3,78.1,0.83,132.34,588.17,1.44,436.18,1255.38,252.64,182.04,368.78,218.23,328.11,318.07,171.42,433.78,276.3,353.62,31.05,394.83,328.52,472.6,224.44,105.18,377.31,116.78,212.03
2003-12,PA,20918,131,159.68,44.67,486476.3,2198.8,-,-,-,126.08,32.54,23.22,79.38,0.78,129.33,574.88,1.4,338.23,1213.48,210.46,193.57,339.13,239.06,294.52,301.03,196.34,437.9,357.98,442.66,29.1,432.16,315.32,465.6,225.88,109.42,367.31,112.1,201.54
2004-01,PA,2026,100,20.26,26.93,31855.5,461.4,-,-,-,310.23,31.05,23.21,84.1,0.58,106.65,481.93,1.13,356.48,1218.18,303.34,298.98,342.47,322.46,313.56,310.65,232.85,515.71,469.05,669.12,57.71,563.34,405.31,478.77,265.05,175.23,463.45,203.75,269.25
2004-02,PA,71,28,2.54,16.92,693.6,57.6,-,-,-,451.34,30.18,22.77,88.04,0.42,92.41,431.44,1.0,418.74,1263.05,454.84,443.29,445.16,464.09,487.03,373.24,317.34,795.34,806.51,1229.12,166.95,811.74,609.56,619.84,383.25,454.79,627.9,476.94,541.05
2004-03,PA,64,27,2.37,16.71,651.5,129.0,-,-,-,421.8,30.72,23.11,87.54,0.45,103.59,482.59,0.97,639.35,1437.68,607.07,527.37,594.85,551.98,727.31,583.92,368.56,710.16,1000.14,1304.73,246.18,841.55,660.44,668.4,438.85,585.3,658.26,473.04,594.77
2004-04,PA,75,31,2.42,17.9,1252.9,123.6,-,-,-,301.26,31.74,23.23,85.1,0.55,110.31,515.72,1.01,759.65,1580.47,796.17,622.85,744.8,622.37,716.42,585.07,385.65,668.88,1048.79,1257.33,305.93,826.72,673.12,672.07,425.59,552.48,626.55,491.99,643.28
2004-05,PA,340,57,5.96,18.58,4831.3,375.7,-,-,-,164.05,32.43,23.35,81.83,0.69,118.26,548.49,1.16,866.74,1692.62,1026.38,668.9,738.63,643.95,761.4,479.31,355.26,569.91,732.35,954.18,213.95,702.35,595.49,71.63,339.53,304.98,537.37,384.81,461.27
2004-06,PA,1439,99,14.54,38.12,36285.9,3294.2,-,-,-,109.19,32.22,22.37,79.31,0.75,118.94,567.42,1.26,731.82,1559.49,827.87,648.17,522.41,613.78,592.46,404.57,328.47,506.22,402.97,607.97,138.55,579.0,471.46,72.52,326.41,286.68,453.93,272.92,372.37
2004-07,PA,17037,117,145.62,94.5,898055.2,7368.4,-,-,-,134.57,32.3,22.12,78.1,0.79,124.92,591.39,1.24,690.81,1511.85,713.03,593.71,449.83,562.16,501.77,380.5,280.87,481.95,307.14,440.55,133.9,519.48,412.02,573.71,332.48,296.51,424.84,216.11,337.23
2004-08,PA,56970,127,448.58,81.89,2417746.5,4714.8,-,-,-,93.35,32.86,22.43,76.07,0.89,140.63,653.29,1.38,640.39,1402.07,623.24,520.13,430.8,494.71,433.0,345.57,253.63,433.31,262.85,335.69,96.81,468.97,363.83,593.44,300.0,229.66,399.31,165.17,258.5
2004-09,PA,39656,128,309.81,66.44,1366009.1,4091.6,-,-,-,71.19,33.18,22.91,75.5,0.93,144.72,654.09,1.48,575.78,1395.78,480.3,393.6,397.4,391.99,387.57,342.88,220.65,421.62,234.86,260.15,65.53,432.14,330.13,534.93,271.03,193.32,378.7,129.68,224.88
2004-10,PA,29072,139,209.15,48.65,661395.6,2792.7,-,-,-,90.32,33.11,23.23,76.38,0.91,146.82,647.61,1.59,499.65,1300.32,342.66,250.58,367.85,274.48,340.9,335.53,196.51,396.48,230.05,255.32,39.6,407.82,306.84,500.81,239.39,130.06,365.12,115.28,207.13
2004-11,PA,41589,140,297.06,50.66,1205443.3,3664.5,-,-,-,56.11,33.43,23.41,75.39,0.96,142.21,615.9,1.61,404.8,1235.48,242.22,187.63,346.68,218.4,312.16,325.46,182.27,403.14,277.37,304.12,26.23,394.8,294.91,472.58,219.14,102.98,369.08,102.67,199.64
2004-12,PA,26943,136,198.11,44.49,665821.3,4300.8,-,-,-,122.8,32.96,23.46,77.76,0.86,128.4,553.94,1.38,347.83,1208.1,245.81,233.48,334.98,242.55,292.44,347.38,182.11,463.15,334.98,416.44,23.4,396.81,289.85,459.99,219.27,99.92,366.1,102.56,196.42
2005-01,PA,7053,122,57.81,33.6,145499.7,3668.4,-,-,-,190.31,32.44,23.6,81.02,0.73,126.19,565.6,1.22,369.2,1206.48,340.66,331.26,339.14,339.1,303.84,355.42,228.6,535.36,465.48,578.59,49.06,470.81,344.66,471.86,254.31,145.73,397.66,136.04,227.84
2005-02,PA,253,47,5.38,13.43,2055.3,40.0,-,-,-,302.23,31.63,23.43,85.51,0.54,100.63,458.75,1.07,502.04,1283.72,452.82,414.91,416.12,422.46,385.65,447.22,282.42,636.69,657.89,889.29,90.19,587.05,441.27,514.73,313.39,256.29,439.99,237.41,342.06
2005-03,PA,89,29,3.07,10.73,472.1,26.3,-,-,-,413.99,31.44,23.44,86.49,0.5,105.97,484.77,0.99,706.59,1538.98,743.05,575.37,465.77,573.7,453.24,549.87,354.07,760.89,772.81,1123.19,196.58,651.11,514.12,635.44,377.37,459.65,538.76,481.1,573.62
2005-04,PA,89,23,3.87,17.63,1340.0,191.5,-,-,-,298.98,31.98,23.52,84.82,0.57,109.13,503.22,1.01,801.32,1619.32,918.65,688.63,570.21,673.87,545.89,479.92,411.38,683.57,771.93,1042.53,275.53,684.57,611.81,672.82,426.68,556.02,581.1,468.89,620.63
2005-05,PA,240,45,5.33,17.48,3006.4,264.9,-,-,-,249.58,31.97,23.42,83.62,0.61,108.86,504.18,1.06,901.72,1760.14,1102.72,727.05,738.52,693.19,808.41,470.79,387.01,649.17,628.94,852.8,241.76,725.61,642.29,636.4,401.78,481.87,635.45,514.49,647.31
2005-06,PA,1304,98,13.31,37.44,34821.1,2213.6,-,-,-,117.53,32.71,23.19,78.44,0.82,121.79,568.93,1.25,754.21,1572.86,893.24,697.83,596.62,656.83,698.72,381.83,348.46,498.2,379.6,593.92,216.45,627.6,517.05,637.53,390.53,440.75,439.38,309.84,478.68
2005-07,PA,21264,115,184.9,74.72,1005379.3,6467.3,-,-,-,78.15,33.17,22.47,74.62,0.95,134.21,621.54,1.27,743.19,1548.4,790.37,616.74,459.49,580.16,471.91,344.04,299.11,457.57,285.88,442.03,115.47,498.26,394.94,585.27,302.0,232.92,394.2,212.54,281.26
2005-08,PA,77522,130,596.32,72.64,3187303.7,6527.7,-,-,-,48.08,34.04,22.87,71.74,1.1,151.07,677.59,1.41,666.69,1463.13,614.12,451.0,404.93,447.31,376.85,320.71,288.19,410.65,240.34,393.1,66.39,434.79,333.21,541.62,268.29,166.0,362.43,142.46,227.85
2005-09,PA,39375,132,298.3,51.37,1148193.1,5356.1,-,-,-,43.81,34.06,23.28,71.26,1.14,152.72,660.66,1.6,563.67,1348.38,382.37,182.9,373.69,227.48,334.7,315.32,258.5,382.25,217.0,219.9,41.2,400.07,297.38,485.2,235.5,119.92,344.38,112.88,203.24
2005-10,PA,28080,140,200.57,50.39,759826.3,5222.3,-,-,-,51.37,33.79,23.61,72.83,1.08,153.34,659.14,1.59,496.19,1297.06,286.68,12.94,355.4,91.84,309.13,312.31,144.31,384.1,220.57,215.23,28.68,380.51,281.16,470.24,226.47,108.81,333.97,98.16,190.17
2005-11,PA,27416,140,195.83,44.88,719868.1,2315.9,-,-,-,78.22,33.48,23.91,75.25,0.98,134.04,561.95,1.58,442.66,1247.72,224.18,66.17,339.38,126.0,286.03,321.85,140.62,349.02,235.02,279.58,17.03,377.16,267.82,454.7,214.09,97.13,329.7,88.91,179.2
2005-12,PA,6338,116,54.64,44.51,203849.8,2304.5,-,-,-,270.09,31.79,23.2,82.34,0.66,110.75,493.75,1.12,515.82,1313.39,331.88,218.58,406.45,254.35,311.96,451.6,226.46,474.84,378.19,550.44,50.84,507.53,377.77,491.48,238.54,126.49,409.48,159.81,224.68
2006-01,PA,1325,95,13.95,24.19,22886.0,380.2,-,-,-,245.17,31.68,23.26,83.23,0.62,118.79,545.62,1.1,668.11,1431.77,546.61,395.34,459.65,410.16,357.37,472.54,259.75,603.84,594.42,745.2,104.65,628.19,465.35,534.81,312.98,251.56,474.56,268.51,350.42
2006-02,PA,246,50,4.92,17.4,2400.8,99.5,-,-,-,287.38,31.2,23.46,84.83,0.56,98.76,448.55,1.09,647.24,1403.46,637.74,543.04,430.35,537.04,422.85,508.53,313.0,646.0,603.25,811.75,109.57,697.23,485.3,559.09,328.94,293.9,463.54,231.55,354.37
2006-03,PA,83,41,2.02,16.15,581.5,63.9,-,-,-,391.96,31.03,23.13,86.45,0.49,107.62,497.1,1.07,632.09,1435.65,735.85,668.32,560.96,659.65,606.7,613.44,382.99,782.3,616.73,901.28,192.06,860.67,602.4,636.03,358.73,389.88,526.22,316.94,439.9
2006-04,PA,30,18,1.67,13.0,195.0,33.6,-,-,-,388.83,30.77,22.99,87.47,0.45,95.31,446.74,0.84,713.97,1520.84,823.89,729.53,794.32,719.4,833.19,679.28,419.32,900.48,777.62,1185.54,312.33,1103.9,816.51,658.22,421.59,559.91,756.78,522.78,637.33
2006-05,PA,63,31,2.03,13.06,143.7,29.4,-,-,-,302.03,31.08,23.05,85.83,0.51,100.46,475.72,0.88,983.81,1870.64,1176.53,792.32,1188.23,768.23,929.14,665.63,443.94,855.04,785.27,1072.34,419.03,1127.62,918.81,648.98,486.77,725.4,933.53,591.48,764.35
2006-06,PA,899,80,11.24,42.16,24960.7,4558.5,-,-,-,103.69,32.07,22.67,78.9,0.77,114.61,542.23,1.11,958.63,1880.78,1202.32,785.37,883.76,741.59,797.52,506.08,393.17,609.02,424.97,653.83,233.43,937.92,765.71,595.56,333.41,329.6,576.35,304.48,430.69
2006-07,PA,4886,106,46.09,61.1,180315.5,4305.4,-,-,-,78.6,32.79,22.58,75.71,0.9,129.94,608.6,1.16,889.58,1699.18,977.48,705.61,602.19,658.81,587.68,419.52,326.72,520.05,298.5,418.11,126.1,718.81,577.38,571.55,300.23,204.85,484.82,189.05,299.23
2006-08,PA,42310,128,330.55,78.0,1866529.2,5705.4,-,-,-,53.74,33.52,22.78,72.94,1.04,149.32,682.97,1.33,719.44,1527.76,745.67,566.13,468.29,537.48,447.41,373.77,271.92,467.69,247.27,296.39,76.45,610.32,478.61,541.19,267.06,163.31,445.7,145.31,253.33
2006-09,PA,40531,130,311.78,61.56,1376605.3,6305.9,-,-,-,58.0,33.84,23.37,72.55,1.08,151.9,671.84,1.5,631.77,1410.25,494.23,337.23,402.97,347.94,368.45,348.68,218.42,441.43,223.67,269.48,53.25,539.57,415.28,493.46,249.07,132.48,415.97,118.2,229.42
2006-10,PA,25895,139,186.29,51.91,738598.1,2533.5,-,-,-,65.74,33.66,23.67,74.06,1.03,153.21,668.09,1.54,550.26,1332.54,340.86,124.02,380.4,179.85,334.75,346.73,161.6,429.65,244.76,293.81,34.16,505.19,377.53,464.98,224.23,108.43,396.46,101.89,215.22
2006-11,PA,20468,136,150.5,47.77,636800.6,2282.3,-,-,-,139.69,32.59,23.5,78.51,0.82,128.19,571.15,1.29,498.8,1299.15,293.98,120.63,367.52,171.17,326.36,361.57,166.85,454.45,330.02,428.02,33.77,540.05,399.72,457.88,221.5,109.88,414.41,99.96,206.67
2006-12,PA,10364,125,82.91,43.93,296232.1,3353.4,-,-,-,124.78,32.2,23.46,80.2,0.75,127.37,576.24,1.27,459.03,1280.8,291.32,251.71,349.4,275.66,313.19,339.47,204.84,456.1,381.5,486.55,29.29,527.83,411.52,443.12,227.04,107.17,402.14,102.77,203.08
2007-01,PA,1831,103,17.78,24.95,28870.7,544.4,-,-,-,142.33,32.51,23.7,80.88,0.73,131.63,596.99,1.27,443.53,1281.15,401.06,388.82,340.84,396.19,312.81,340.92,253.72,504.43,485.98,603.55,37.84,495.42,387.52,436.56,247.27,135.79,398.13,126.65,216.92
2007-02,PA,105,37,2.84,15.39,784.7,76.1,-,-,-,400.49,30.4,22.83,86.37,0.48,93.57,434.58,1.02,416.52,1235.11,497.79,495.5,349.18,500.64,314.29,418.23,298.98,763.61,676.96,946.68,124.77,561.54,488.77,534.1,338.91,316.7,528.89,355.86,349.75
2007-03,PA,59,26,2.27,12.15,364.5,42.1,-,-,-,376.01,30.93,22.9,86.47,0.48,105.38,489.73,0.94,624.44,1424.81,633.34,560.19,451.39,568.26,483.44,535.26,361.9,662.5,862.36,1057.13,197.03,718.84,620.98,618.35,398.56,496.15,597.39,472.92,568.53
2007-04,PA,43,21,2.05,14.2,440.1,45.1,-,-,-,339.54,31.32,23.16,85.96,0.51,102.94,480.67,0.92,769.82,1580.58,852.87,630.07,754.2,616.53,676.47,521.3,377.35,641.73,785.25,935.07,261.73,802.68,650.13,664.6,409.38,518.47,567.4,531.4,636.3
2007-05,PA,167,43,3.88,14.32,1889.6,49.3,-,-,-,226.46,32.19,23.25,82.81,0.64,116.37,550.7,0.96,902.92,1743.63,1121.37,708.48,848.26,672.48,704.76,445.58,352.06,554.26,486.38,626.48,313.97,831.65,692.15,652.44,402.97,474.65,520.84,485.65,607.95
2007-06,PA,1424,91,15.65,30.9,30253.3,913.4,-,-,-,109.91,32.29,22.44,78.7,0.78,119.31,572.34,1.09,857.23,1693.32,1076.45,731.4,735.03,683.13,651.43,392.98,340.27,523.83,314.24,376.83,179.02,621.57,521.63,613.96,345.53,331.38,430.0,305.87,362.33
2007-07,PA,3666,118,31.07,36.1,94800.9,1205.7,-,-,-,92.15,32.79,22.56,76.91,0.86,129.69,610.24,1.23,725.66,1568.5,853.29,683.61,537.31,635.77,511.26,353.56,304.53,451.95,257.48,301.26,106.81,533.48,433.77,591.0,317.23,254.26,392.79,193.15,275.66
2007-08,PA,59353,134,442.93,75.48,2630193.8,4553.4,-,-,-,64.1,33.16,22.52,73.41,1.0,143.18,653.94,1.38,674.81,1476.21,709.13,588.16,504.61,553.39,410.31,329.08,279.68,428.53,230.23,251.23,65.06,480.4,378.68,557.19,257.33,162.74,368.88,144.39,226.77
2007-09,PA,71290,136,524.19,60.24,2539782.1,4603.5,-,-,-,41.76,33.6,23.08,72.25,1.08,146.5,644.18,1.53,629.53,1422.05,539.21,375.43,410.93,377.75,358.42,317.38,230.33,391.68,209.52,229.97,43.73,436.53,334.66,503.02,239.28,124.38,351.05,111.93,204.4
2007-10,PA,28300,137,206.57,38.75,552201.3,2875.9,-,-,-,73.09,32.93,23.15,75.34,0.94,139.38,606.6,1.51,558.35,1346.87,372.76,158.47,391.61,204.71,328.89,325.32,180.48,463.11,201.91,244.42,32.45,417.37,314.92,473.05,224.66,105.95,343.0,96.52,191.84
2007-11,PA,30127,142,212.16,45.34,705545.1,4041.7,-,-,-,80.21,32.99,23.44,75.62,0.94,127.84,542.44,1.48,494.82,1285.8,276.47,147.63,381.63,189.6,314.22,321.08,156.94,465.2,226.27,285.6,21.83,321.21,298.38,451.69,213.42,95.9,337.48,89.72,186.57
2007-12,PA,5666,125,45.33,37.63,132206.9,1783.2,-,-,-,205.9,31.81,22.96,81.58,0.68,117.21,533.6,1.12,502.06,1329.29,375.79,255.69,396.03,278.65,335.94,360.34,188.18,416.9,309.97,374.63,38.69,458.04,356.61,466.94,238.65,198.09,362.26,100.1,198.94
2008-01,PA,388,75,5.17,21.05,5851.2,98.5,-,-,-,353.36,30.56,22.65,85.87,0.5,104.26,487.64,0.93,561.6,1351.55,473.47,412.26,431.77,410.74,388.84,466.35,249.3,545.4,369.13,467.87,103.61,577.31,448.58,562.47,330.59,300.27,415.4,197.37,286.52
2008-02,PA,231,54,4.28,18.64,2591.3,135.6,-,-,-,283.83,30.78,22.64,85.37,0.52,103.55,485.71,0.93,610.28,1418.93,627.21,558.21,512.14,551.53,497.34,491.98,315.93,683.09,553.79,727.97,208.42,725.6,569.49,593.08,409.32,484.8,505.42,395.68,460.66
2008-03,PA,40,22,1.82,12.9,167.7,35.4,-,-,-,459.86,30.23,22.6,86.7,0.46,101.21,475.83,0.83,666.0,1457.95,753.52,667.22,735.97,656.87,729.27,573.29,378.94,703.95,687.58,929.45,296.88,844.19,634.06,652.83,467.06,584.56,661.69,467.21,621.18
2008-04,PA,34,21,1.62,10.89,174.2,30.4,-,-,-,378.98,30.74,22.72,86.6,0.47,100.08,475.23,0.83,709.75,1523.75,876.12,739.87,939.98,720.6,885.2,636.43,419.22,791.53,741.57,1071.78,373.42,1074.96,856.18,676.12,533.75,697.16,961.62,686.58,956.27
2008-05,PA,57,32,1.78,9.88,414.9,31.2,-,-,-,278.96,31.13,22.73,84.7,0.55,103.11,492.59,0.89,869.31,1693.37,1045.34,775.0,1123.79,743.06,886.87,609.19,406.23,749.03,609.31,873.93,366.29,1043.08,841.62,680.78,365.87,563.27,714.05,529.66,697.06
2008-06,PA,525,85,6.18,24.8,10565.8,346.4,-,-,-,172.01,31.8,22.17,79.26,0.74,108.57,524.17,0.9,933.72,1757.07,1128.48,776.98,956.55,730.6,784.48,468.82,364.84,540.6,356.43,542.82,265.6,868.68,723.06,660.4,333.63,415.63,517.88,324.77,484.83
2008-07,PA,6911,107,64.59,51.32,224516.1,4935.3,-,-,-,65.92,32.72,21.87,73.67,0.95,129.7,610.25,1.16,839.19,1653.1,981.6,718.03,677.9,672.44,579.35,392.31,321.29,477.98,273.84,387.9,145.77,687.95,569.26,608.94,301.4,251.06,456.13,212.98,299.56
2008-08,PA,31563,125,252.5,57.18,1103319.7,2943.0,-,-,-,58.19,33.57,22.57,71.43,1.09,145.77,661.52,1.32,733.48,1542.67,779.09,595.16,511.24,561.74,462.06,353.98,277.74,446.11,234.94,256.11,93.51,593.69,471.98,560.94,269.16,175.52,422.98,163.94,254.88
2008-09,PA,26124,135,193.51,53.39,793535.2,2659.8,-,-,-,63.41,33.42,23.26,72.94,1.05,145.13,637.61,1.47,643.98,1446.28,565.05,386.63,448.23,389.55,403.67,346.23,235.95,422.87,211.22,220.02,66.97,559.59,418.38,522.3,245.4,150.72,403.3,140.19,232.97
2008-10,PA,31665,140,226.18,48.33,814182.8,3490.1,-,-,-,71.76,33.23,23.46,73.35,1.04,150.08,653.99,1.5,625.18,1400.44,442.14,196.39,435.39,232.37,374.19,332.48,187.35,422.63,206.71,231.06,48.58,488.65,376.49,484.69,234.31,120.9,383.55,113.23,213.39
2008-11,PA,21326,142,150.18,41.49,521819.1,1379.4,-,-,-,93.2,32.7,23.82,75.74,0.94,132.24,573.1,1.43,540.98,1325.45,335.61,185.05,408.4,213.5,345.67,337.85,171.08,406.03,224.52,264.57,39.8,482.39,348.17,448.6,235.02,122.2,378.32,107.52,202.88
2008-12,PA,5927,132,44.9,32.04,123115.2,544.2,-,-,-,190.61,31.73,23.59,79.73,0.77,120.41,535.75,1.21,601.84,1380.65,425.61,285.65,465.53,304.45,397.68,374.84,219.4,497.85,336.28,488.52,39.87,542.93,396.95,450.0,229.6,111.22,418.64,152.44,223.7
2009-01,PA,818,99,8.26,24.3,12927.5,342.2,-,-,-,263.89,31.15,23.14,83.11,0.61,113.18,517.27,1.12,693.69,1467.77,596.98,449.73,464.27,436.45,452.68,440.88,267.73,573.98,477.93,609.09,56.56,602.04,448.9,502.85,263.87,173.69,445.4,216.52,253.94
2009-02,PA,98,33,2.97,12.36,432.6,55.1,-,-,-,378.25,30.29,22.76,85.99,0.49,95.59,446.51,1.0,761.46,1561.27,779.12,597.64,621.46,581.89,661.68,480.64,329.02,624.75,563.54,769.47,129.85,732.11,550.89,601.57,337.15,371.84,522.8,323.16,388.76
2009-03,PA,127,42,3.02,14.99,194.9,55.1,-,-,-,434.62,30.56,22.99,86.17,0.49,106.55,497.31,0.98,853.56,1675.05,980.02,723.5,974.47,701.37,843.96,606.43,399.51,877.56,636.77,902.5,264.87,948.28,730.4,672.81,449.67,623.16,784.96,517.47,676.73
2009-04,PA,61,29,2.1,16.32,456.9,53.7,-,-,-,423.6,30.23,23.04,86.55,0.47,94.51,441.93,0.94,827.87,1659.74,1020.95,799.42,928.9,771.13,801.5,599.43,427.75,881.45,632.76,1010.77,352.5,1012.6,810.77,680.63,482.87,653.08,1019.08,708.65,841.79
2009-05,PA,28,15,1.87,13.88,180.4,37.5,-,-,-,455.62,30.19,22.88,86.94,0.46,91.8,436.34,0.84,761.19,1554.07,967.18,849.44,1054.02,819.23,899.69,652.39,465.27,880.19,754.44,1159.6,410.4,1236.48,1027.87,713.03,576.21,704.18,1240.45,754.71,964.9
2009-06,PA,157,66,2.38,13.89,1680.9,102.3,-,-,-,204.47,31.31,22.77,81.81,0.65,103.71,494.34,0.99,888.42,1727.7,1106.63,847.6,1020.57,805.2,890.85,572.02,434.8,662.57,475.07,730.93,347.83,1172.48,1001.08,694.27,418.55,505.32,945.73,641.88,825.08
2009-07,PA,1340,104,12.88,24.81,23192.7,350.6,-,-,-,86.18,32.44,22.63,75.78,0.89,128.17,601.02,1.2,732.29,1553.23,939.55,804.74,728.35,753.4,669.6,438.82,370.45,541.94,311.16,450.68,191.95,925.27,753.4,627.25,327.03,273.89,672.42,410.89,448.1
2009-08,PA,14023,130,107.87,53.7,421034.4,3970.0,-,-,-,43.01,33.35,23.06,72.16,1.07,146.46,660.57,1.38,617.03,1410.69,777.77,710.48,544.24,660.9,506.74,382.79,320.81,490.61,248.44,288.45,110.16,759.72,622.25,565.56,305.64,182.51,585.6,312.38,356.02
2009-09,PA,20034,135,148.4,41.58,500191.7,2643.4,-,-,-,36.36,33.53,23.47,71.97,1.09,148.24,645.79,1.56,528.58,1322.55,573.52,537.53,437.5,513.08,410.71,324.4,272.98,464.41,229.3,239.78,67.53,663.35,542.64,514.8,242.92,135.52,535.37,249.45,304.97
2009-10,PA,24367,139,175.3,43.05,634672.5,2309.9,-,-,-,68.47,33.46,23.63,72.38,1.09,150.64,652.4,1.48,442.83,1255.81,295.16,240.87,399.34,270.91,362.03,337.94,203.65,447.88,241.49,256.28,50.56,598.26,480.13,484.5,235.69,117.08,497.71,207.43,269.29
2009-11,PA,37089,143,259.36,40.33,845231.4,1983.1,-,-,-,47.65,33.17,24.0,72.81,1.07,139.81,592.43,1.57,425.76,1250.97,229.63,109.43,384.93,166.35,333.13,356.93,163.52,423.12,334.38,417.02,37.02,555.36,435.93,464.22,222.68,105.01,472.34,179.56,247.28
2009-12,PA,9131,131,69.7,36.71,232774.8,1196.8,-,-,-,178.73,31.97,23.82,78.74,0.81,117.99,504.04,1.38,355.82,1198.45,178.08,130.32,369.58,183.73,284.34,343.56,175.29,508.77,435.27,548.76,37.39,550.34,429.19,454.2,229.35,106.9,466.95,189.13,246.06
2010-01,PA,1292,104,12.42,25.92,23199.1,637.0,-,-,-,261.98,31.31,23.28,82.27,0.65,115.7,525.19,1.17,489.98,1284.81,358.29,344.08,383.31,365.46,413.45,378.9,244.27,583.98,607.68,800.68,66.44,614.74,483.13,494.06,275.15,177.23,519.79,264.65,305.4
2010-02,PA,259,51,5.08,22.25,3872.0,144.8,-,-,-,237.53,31.64,23.67,83.19,0.63,106.24,477.26,1.23,539.23,1313.77,485.46,464.86,401.8,478.43,390.5,443.92,299.79,651.0,700.52,878.48,94.86,708.14,547.38,512.25,316.84,275.93,540.44,336.57,383.45
2010-03,PA,402,66,6.09,16.37,3470.7,93.7,-,-,-,241.21,32.45,23.86,81.83,0.7,128.65,583.32,1.12,552.05,1312.92,551.88,527.69,387.74,531.87,367.48,438.64,332.69,642.23,679.89,902.18,71.62,615.91,482.29,513.86,311.68,267.48,489.74,237.75,330.63
2010-04,PA,90,28,3.21,13.86,720.9,73.5,-,-,-,369.92,31.58,23.54,85.62,0.53,101.0,465.84,0.84,870.62,1674.42,948.7,632.35,629.98,621.07,652.35,570.8,371.54,716.78,724.62,1038.38,198.57,796.29,581.27,636.69,398.46,479.89,686.91,446.98,546.22
2010-05,PA,250,56,4.46,17.39,2834.4,204.4,-,-,-,215.6,32.4,23.67,82.35,0.67,112.65,523.95,0.87,903.84,1729.59,1059.76,716.03,736.63,676.98,719.61,455.35,365.65,549.38,483.68,675.14,180.18,759.53,611.93,599.65,360.07,366.73,581.88,404.05,488.85
2010-06,PA,923,84,10.99,25.45,16133.2,304.5,-,-,-,124.34,32.42,22.73,78.29,0.8,114.2,543.41,0.91,840.82,1648.34,1003.67,715.06,689.98,671.18,545.18,401.66,323.77,532.72,309.2,474.98,153.28,646.56,512.98,573.49,321.95,265.42,498.26,336.29,375.3
2010-07,PA,5312,109,48.73,42.67,134616.8,2988.8,-,-,-,104.73,32.77,22.49,75.21,0.92,124.06,577.45,1.03,779.5,1594.19,862.63,645.79,538.55,605.52,461.92,357.29,282.47,452.11,250.29,317.48,76.05,544.48,427.69,555.69,282.74,196.52,449.66,213.53,284.69
2010-08,PA,67946,121,561.54,66.33,2600074.1,7246.6,-,-,-,67.5,33.54,22.47,71.76,1.07,136.82,615.88,1.14,763.02,1596.64,803.89,518.6,464.82,498.68,407.06,328.27,375.36,421.07,221.65,235.73,48.45,489.23,368.9,525.18,247.3,139.08,418.07,165.45,235.58
2010-09,PA,59069,131,450.91,53.39,1584562.0,2919.3,-,-,-,38.07,33.96,23.3,70.21,1.18,144.06,617.56,1.4,672.68,1443.82,560.15,246.6,429.23,276.65,359.28,320.88,272.6,398.82,202.1,226.9,31.38,458.8,329.82,475.26,224.2,108.93,399.78,135.52,214.13
2010-10,PA,22750,137,166.06,41.36,429081.5,2264.2,-,-,-,90.73,33.62,23.56,73.14,1.06,145.21,629.03,1.34,612.34,1396.64,425.27,49.74,392.56,90.41,316.78,307.86,169.84,388.24,200.33,248.5,21.87,426.71,306.33,450.85,212.7,97.29,388.38,118.98,204.37
2010-11,PA,16535,139,118.96,41.38,382254.9,2530.2,-,-,-,125.45,32.88,23.64,76.16,0.92,131.45,579.07,1.26,592.64,1380.19,397.22,30.98,401.87,72.78,312.41,327.52,134.45,406.37,241.97,316.6,24.16,460.97,341.32,450.0,220.6,106.4,427.72,128.52,219.87
2010-12,PA,4571,122,37.47,32.08,103007.9,1253.6,-,-,-,205.71,31.87,23.25,80.72,0.72,116.92,528.74,1.05,657.19,1450.52,448.9,120.74,491.79,173.77,346.52,379.5,167.6,438.2,331.52,463.63,29.47,485.29,371.02,466.09,230.15,130.85,427.72,174.99,230.44
2011-01,PA,354,70,5.06,33.34,7668.5,1011.6,-,-,-,361.49,30.45,22.38,85.28,0.51,102.58,477.76,0.92,696.85,1479.79,564.95,257.42,587.19,290.37,495.02,484.69,223.65,525.94,470.94,647.56,142.23,586.97,438.95,579.25,317.63,284.23,499.62,286.84,333.35
2011-02,PA,129,28,4.61,14.82,385.4,41.5,-,-,-,349.85,30.28,22.48,86.46,0.47,91.05,425.22,0.85,702.59,1502.31,675.3,429.89,800.57,449.75,713.11,555.71,293.75,652.39,687.27,887.74,239.16,835.83,610.8,623.27,402.23,492.7,831.38,465.12,553.7
2011-03,PA,191,51,3.75,15.87,587.3,62.7,-,-,-,378.97,30.79,22.7,85.82,0.5,106.94,500.31,0.9,830.41,1601.45,877.27,578.53,969.52,583.11,816.61,559.6,358.57,733.51,806.06,1143.25,326.77,985.15,784.61,674.58,439.23,564.17,1019.32,624.12,734.47
2011-04,PA,92,35,2.63,13.02,273.4,46.5,-,-,-,394.48,30.74,22.77,86.07,0.49,100.03,474.44,0.78,908.51,1770.26,1101.31,698.53,1237.58,690.13,1012.0,615.9,398.01,737.33,880.29,1120.13,385.82,1000.66,796.32,693.03,513.37,698.52,996.52,644.58,794.28
2011-05,PA,157,59,2.66,14.05,548.0,66.9,-,-,-,274.41,31.42,23.21,83.81,0.59,104.67,493.56,0.84,930.55,1748.21,1146.18,766.61,1205.64,737.35,947.84,578.65,409.56,770.81,757.56,953.35,374.5,1061.06,846.43,664.56,440.37,571.31,881.14,619.21,781.76
2011-06,PA,534,92,5.8,16.76,4943.9,115.9,-,-,-,104.32,32.17,22.66,78.42,0.79,113.87,540.03,1.03,919.03,1769.85,1149.53,767.75,909.42,721.69,772.3,440.96,369.4,536.13,384.43,546.63,202.6,866.41,710.31,626.29,327.31,304.5,630.52,369.22,449.12
2011-07,PA,2064,109,18.94,29.99,42102.1,844.4,-,-,-,118.67,32.41,22.19,75.96,0.87,123.47,585.6,1.02,771.27,1569.47,888.65,712.95,703.51,666.92,657.55,395.21,329.94,508.88,290.31,417.73,157.97,729.77,587.11,616.78,334.67,305.66,575.92,287.62,417.94
2011-08,PA,8712,121,72.0,41.89,197167.8,1381.3,-,-,-,69.0,33.45,22.64,73.2,1.02,141.86,646.71,1.25,672.01,1482.19,704.4,599.05,541.58,566.32,497.57,355.22,361.94,446.19,243.34,295.43,93.06,622.07,489.69,578.77,287.23,191.87,518.35,224.73,306.95
2011-09,PA,21534,135,159.51,42.62,474809.5,1951.6,-,-,-,48.74,33.85,23.09,70.58,1.15,146.43,636.78,1.41,624.07,1435.6,501.16,345.17,471.15,365.47,430.28,328.98,262.73,415.84,214.57,247.54,59.8,554.77,425.62,522.33,259.88,153.02,478.52,181.9,266.62
2011-10,PA,13724,133,103.19,39.04,265134.3,1467.9,-,-,-,133.6,33.07,23.11,74.86,0.97,138.87,605.41,1.35,572.55,1369.13,394.21,108.84,434.03,163.89,379.52,346.04,170.48,401.14,218.23,279.31,47.44,518.77,385.72,497.12,235.1,118.56,467.06,173.59,251.7
2011-11,PA,9949,139,71.58,36.48,247759.6,968.5,-,-,-,126.3,32.26,23.13,77.59,0.84,127.45,567.61,1.31,541.43,1350.13,343.73,124.77,442.95,181.0,354.92,342.03,184.42,451.45,295.62,420.56,37.88,538.2,404.11,474.38,234.92,120.56,492.03,165.38,259.78
2011-12,PA,9752,129,75.6,29.87,199503.3,778.7,-,-,-,92.32,32.51,23.14,77.13,0.86,130.61,575.14,1.34,445.03,445.03,269.4,194.39,395.1,234.98,328.52,330.34,198.35,414.03,446.08,596.08,22.95,540.52,382.94,448.39,220.56,104.28,461.27,136.55,239.19
2012-01,PA,1618,104,15.56,25.68,18666.1,411.5,-,-,-,262.13,30.98,22.62,82.53,0.63,108.09,483.8,1.16,487.89,1312.81,416.69,382.18,403.11,399.06,336.17,370.94,265.08,542.67,681.45,894.45,38.65,566.99,410.86,450.1,229.81,109.11,467.85,155.75,239.73
2012-02,PA,918,99,9.27,27.61,3148.1,372.7,-,-,-,322.93,30.4,22.27,84.22,0.55,98.36,452.17,1.0,585.59,1431.49,655.53,581.97,508.41,587.58,436.88,421.49,351.19,640.44,830.39,1066.24,71.24,730.24,539.84,470.46,286.22,188.06,517.25,243.97,312.38
2012-03,PA,354,73,4.85,12.96,363.0,40.7,-,-,-,380.98,30.92,22.58,84.97,0.53,110.77,517.44,0.99,780.21,1612.19,927.47,721.66,652.48,711.81,631.03,529.92,404.95,710.96,802.69,1045.39,147.74,809.19,617.72,565.19,362.21,415.09,612.71,367.51,465.15
2012-04,PA,317,68,4.66,12.04,445.6,52.1,-,-,-,238.72,31.58,23.03,83.48,0.6,109.94,511.26,1.0,800.57,1638.53,996.8,794.87,658.03,770.32,613.77,490.57,431.38,609.83,658.84,875.03,199.33,806.28,647.46,610.2,383.68,459.82,607.94,423.54,531.54
2012-05,PA,1145,111,10.32,17.21,2564.4,108.0,-,-,-,154.54,31.89,22.71,80.26,0.72,118.02,553.6,1.1,778.26,1607.74,1017.69,833.26,688.0,793.94,591.84,407.46,414.8,521.77,444.44,641.31,170.02,649.41,533.28,604.33,354.4,346.17,502.96,329.9,409.02
2012-06,PA,2617,129,20.29,18.59,8086.3,192.4,-,-,-,121.57,31.84,22.29,79.35,0.74,111.58,531.51,1.05,639.9,1449.51,880.57,805.65,558.17,757.61,418.15,367.45,380.61,480.88,329.52,509.68,114.28,577.0,456.14,585.88,315.23,257.49,466.33,226.57,337.02
2012-07,PA,9761,127,76.86,37.04,58856.4,1757.8,-,-,-,117.11,32.16,22.18,76.28,0.86,120.66,562.46,1.14,681.35,1509.14,855.25,740.66,524.79,689.45,464.94,351.55,345.8,447.13,262.39,344.52,90.23,530.05,407.73,592.43,310.73,266.56,437.35,189.38,309.46
2012-08,PA,101884,140,727.74,56.04,843716.7,2460.6,-,-,-,58.43,33.0,22.19,70.57,1.09,137.7,614.55,1.32,645.34,1432.92,700.48,628.61,431.81,592.52,375.81,318.53,311.54,394.03,224.18,231.68,52.48,473.84,354.5,538.15,248.94,145.64,407.18,133.09,234.12
2012-09,PA,95539,143,668.1,45.53,642312.6,2378.8,-,-,-,50.0,33.4,22.91,70.68,1.12,139.91,600.15,1.47,556.17,1337.48,449.95,389.47,393.26,394.86,324.49,306.18,256.01,364.63,203.13,245.08,32.95,435.23,316.77,484.25,226.88,115.74,388.58,108.38,209.7
2012-10,PA,67767,143,473.9,37.3,342689.6,1471.9,-,-,-,57.02,33.14,23.31,72.54,1.06,141.09,596.72,1.51,463.65,1276.24,268.27,127.03,368.83,181.49,295.2,314.23,183.38,371.96,204.48,271.43,19.34,422.3,300.86,453.01,208.98,95.06,383.44,95.57,203.59
2012-11,PA,77708,144,539.64,34.12,490242.0,2117.9,-,-,-,85.96,33.13,23.48,73.3,1.04,130.91,552.97,1.4,399.14,1232.55,198.88,69.7,353.17,134.8,282.32,300.08,167.03,356.72,243.27,353.88,9.95,408.77,289.75,436.31,197.76,87.13,379.53,85.78,196.28
2012-12,PA,16754,141,118.82,34.32,116487.6,1285.9,-,-,-,156.15,32.02,23.11,78.84,0.79,119.81,525.72,1.26,375.32,1236.62,218.65,121.1,358.63,179.76,303.92,354.03,189.32,537.86,359.2,535.43,21.34,466.21,334.28,430.08,210.53,115.58,423.81,72.66,223.16
2013-01,PA,2100,125,16.8,19.87,7015.0,165.6,-,-,-,260.44,31.2,23.2,82.82,0.63,109.49,493.74,1.09,420.45,1241.26,321.66,302.81,371.95,328.39,333.53,399.28,250.27,621.31,408.21,570.65,40.16,531.17,382.33,442.98,258.31,157.42,424.4,68.92,246.76
2013-02,PA,486,80,6.08,16.55,1158.2,66.5,-,-,-,268.37,31.1,22.83,83.35,0.6,100.36,455.36,1.12,621.23,1422.82,586.2,487.82,403.61,505.45,384.57,508.01,319.48,761.28,671.09,840.64,88.56,609.14,458.93,455.25,334.84,291.38,482.89,223.45,389.39
2013-03,PA,299,75,3.99,11.8,306.9,28.7,-,-,-,347.29,31.15,23.26,84.11,0.58,109.14,495.08,1.09,682.32,1496.94,753.4,645.42,433.69,645.5,399.63,581.34,376.02,730.16,759.09,912.21,164.11,642.65,480.95,510.63,357.88,370.78,515.97,365.87,451.26
2013-04,PA,361,76,4.75,16.44,591.8,110.7,-,-,-,343.65,31.43,23.14,84.35,0.57,106.61,496.01,0.95,757.21,1582.02,915.65,750.1,705.97,738.3,499.45,523.48,416.87,684.29,739.52,997.28,247.22,901.11,677.82,631.17,409.97,511.48,764.68,487.88,638.97
2013-05,PA,744,88,8.45,18.17,1925.9,244.3,-,-,-,272.59,31.7,22.9,82.64,0.63,110.63,523.43,0.93,972.9,1815.2,1178.7,803.13,817.23,774.65,679.98,502.4,425.26,616.42,637.85,841.08,272.98,797.35,651.56,664.44,420.4,540.29,595.56,414.32,610.7
2013-06,PA,2743,122,22.48,20.02,9371.3,320.8,-,-,-,112.34,32.12,22.69,78.84,0.78,113.69,538.59,1.05,811.44,1646.02,1020.53,794.78,577.23,750.55,513.39,433.98,384.82,552.52,372.52,540.32,125.98,645.02,530.1,571.49,296.8,228.86,491.74,254.7,332.58
2013-07,PA,5847,133,43.96,21.36,23025.1,336.5,-,-,-,150.63,31.97,22.0,77.64,0.8,118.28,561.86,1.02,749.9,1548.88,864.48,734.35,500.61,689.52,438.07,415.64,344.11,495.02,280.75,475.26,116.5,561.76,442.18,559.11,312.36,254.09,439.06,196.93,307.23
2013-08,PA,29823,138,216.11,36.61,169586.3,1869.2,-,-,-,92.59,32.76,22.6,75.07,0.93,131.63,599.41,1.21,717.74,1545.59,759.03,633.73,456.06,602.89,384.79,383.03,308.23,465.52,235.65,317.94,74.16,502.57,381.74,555.77,289.62,219.89,410.26,148.08,254.06
2013-09,PA,31978,143,223.62,36.62,218852.0,1068.1,-,-,-,72.54,32.92,23.14,74.53,0.97,135.21,594.53,1.4,657.44,1472.53,646.33,504.12,427.0,491.23,356.37,366.88,287.33,424.59,213.09,258.28,50.2,461.34,340.78,507.58,257.66,159.52,384.32,116.12,220.01
2013-10,PA,40516,141,287.35,36.01,253618.6,898.6,-,-,-,64.84,33.12,23.24,73.74,1.01,143.86,626.78,1.42,577.94,1369.73,438.35,310.4,371.91,329.79,308.9,328.31,256.38,402.27,211.12,234.04,26.4,427.44,307.32,465.03,220.85,102.84,371.69,91.71,197.9
2013-11,PA,25008,141,177.36,34.73,156686.4,889.7,-,-,-,138.9,32.06,23.15,78.03,0.82,120.99,533.43,1.28,550.28,1329.33,375.16,242.43,336.38,274.33,301.67,348.77,225.43,449.31,261.58,323.35,26.33,459.17,336.83,457.56,216.98,100.82,396.82,103.42,203.98
2013-12,PA,37265,143,260.59,32.26,212389.6,1038.6,-,-,-,125.48,32.3,23.19,77.86,0.83,125.38,556.02,1.21,543.74,1319.06,393.27,333.23,330.61,353.44,289.44,334.05,236.42,529.2,361.92,506.34,19.52,444.68,320.48,476.27,207.43,92.55,399.02,101.05,208.19
2014-01,PA,4608,133,34.65,25.44,18701.8,525.9,-29.45,-11.71,1.59,240.13,31.02,22.59,81.62,0.66,110.16,500.86,1.02,610.1,1370.06,487.66,441.76,353.63,457.42,306.93,347.79,277.51,657.68,608.57,763.39,37.31,505.53,358.35,476.49,243.02,152.78,418.54,132.19,231.19
2014-02,PA,326,66,4.94,13.88,541.5,39.0,-64.28,-30.19,8.43,364.23,30.34,22.68,86.11,0.49,89.89,414.73,0.92,636.68,1415.11,611.59,544.48,491.38,557.0,513.19,453.13,350.51,793.47,691.34,931.69,163.82,807.06,565.62,556.09,376.5,447.91,597.32,296.09,472.04
2014-03,PA,265,59,4.49,13.24,331.1,41.1,-52.74,-3.03,6.17,383.25,30.61,22.89,85.87,0.5,105.19,489.45,0.98,599.0,1446.98,738.81,676.65,701.58,686.63,728.6,514.19,423.51,671.67,813.43,1114.14,264.79,937.06,703.23,620.78,431.72,593.67,686.5,376.06,614.76
2014-04,PA,286,64,4.47,20.61,638.9,70.2,-6.89,0.94,3.25,356.45,31.01,22.91,85.44,0.52,102.89,483.63,0.92,767.88,1580.62,925.78,780.4,865.47,773.18,728.96,450.17,448.05,724.07,813.39,1056.03,248.57,865.88,699.05,664.28,401.16,499.38,602.81,404.77,583.32
2014-05,PA,606,77,7.87,14.78,1374.7,50.9,-17.79,-2.76,2.07,295.36,31.39,22.97,83.96,0.58,103.48,490.85,0.82,920.31,1733.31,1116.38,831.92,1101.19,808.41,894.27,454.15,445.1,576.52,632.65,814.44,272.58,942.68,734.27,678.34,409.66,522.81,652.52,451.02,630.42
2014-06,PA,2488,99,25.13,17.23,7875.5,131.9,-37.9,8.63,0.59,157.94,32.05,22.74,79.33,0.76,109.77,519.22,1.03,842.82,1651.58,1065.53,809.47,875.23,793.15,718.92,386.56,411.83,500.93,378.72,546.37,192.73,790.3,643.97,649.43,342.37,336.57,507.88,317.41,410.67
2014-07,PA,8288,129,64.25,29.59,36661.2,959.3,-25.01,9.42,0.58,99.6,32.18,22.33,76.7,0.84,122.29,573.82,1.16,783.06,1569.7,946.52,788.53,654.0,748.94,618.85,352.0,372.9,521.51,275.77,456.24,142.06,637.85,516.1,613.06,326.6,273.55,459.5,238.81,354.16
2014-08,PA,84073,138,609.22,52.52,692105.7,2170.9,-5.04,12.25,0.44,56.92,32.93,22.43,73.23,0.99,135.93,616.87,1.25,647.79,1436.48,790.34,709.73,510.61,676.03,449.24,319.66,338.03,473.51,234.9,306.21,86.61,567.65,430.15,567.27,311.0,198.61,420.52,150.37,260.02
2014-09,PA,65076,142,458.28,41.38,423113.5,1772.8,-7.78,0.42,1.36,54.3,33.14,22.86,73.63,1.0,138.06,612.03,1.35,560.55,1361.17,611.53,560.1,424.47,546.57,385.53,311.1,292.32,395.1,212.68,249.87,55.5,499.58,378.65,525.95,271.38,146.35,402.58,129.32,233.03
2014-10,PA,50957,141,361.4,41.42,372319.5,2042.0,-10.48,-2.79,1.28,76.94,33.07,23.13,74.64,0.97,139.38,611.68,1.31,528.19,1317.71,396.4,335.79,388.58,354.95,339.4,313.6,226.77,448.91,210.27,232.22,36.24,467.44,343.56,476.27,231.77,115.01,384.38,98.56,210.62
2014-11,PA,61593,144,427.73,36.32,397204.8,1925.6,-8.45,-10.48,0.89,70.45,33.08,23.25,74.32,0.99,133.53,583.15,1.29,459.42,1272.74,285.52,236.3,368.0,270.2,314.81,322.47,196.6,416.37,234.53,313.93,20.97,453.61,325.84,452.12,216.95,97.58,376.82,80.24,197.31
2014-12,PA,40172,142,282.9,33.83,236649.7,1621.0,-19.37,-16.66,1.12,100.47,32.58,23.11,75.97,0.91,127.54,556.4,1.25,399.76,1224.45,309.51,299.73,349.32,324.19,298.04,311.5,221.41,498.53,336.06,456.47,17.81,431.36,311.08,444.59,210.47,94.44,372.35,75.65,196.4
2015-01,PA,8130,134,60.67,21.77,27579.2,248.4,-44.67,-9.81,2.04,194.19,31.64,22.6,80.39,0.71,116.71,531.7,1.02,418.6,1228.87,396.37,388.0,344.94,404.39,300.82,330.26,259.13,449.5,476.72,521.85,25.98,480.48,337.45,438.18,220.82,97.81,382.97,99.69,204.32
2015-02,PA,817,101,8.09,19.74,2586.2,176.5,-27.87,-0.96,3.23,239.25,30.84,22.6,83.71,0.58,96.81,443.84,0.96,542.91,1381.61,543.82,510.84,369.64,516.88,318.27,409.07,309.07,581.18,440.63,633.1,38.59,552.88,406.91,440.5,249.48,132.68,417.79,138.14,238.41
2015-03,PA,273,64,4.27,15.93,716.8,58.8,-51.05,-6.71,4.62,426.35,30.69,22.63,86.16,0.49,98.91,457.13,0.8,663.74,1490.13,701.79,627.15,495.23,625.89,457.15,444.85,356.92,702.19,596.52,747.69,176.26,734.32,536.4,562.24,377.39,414.73,541.52,317.75,436.96
2015-04,PA,320,64,5.0,13.89,624.9,49.3,-77.84,1.31,3.31,334.67,31.12,22.91,85.18,0.53,101.46,476.81,0.82,714.0,1543.85,852.45,734.5,598.78,723.92,541.5,488.32,412.33,689.53,739.58,899.98,224.57,897.37,664.72,666.72,387.72,461.23,635.12,487.32,562.45
2015-05,PA,711,93,7.65,12.4,1537.9,40.2,-34.63,-1.97,1.31,221.01,31.7,23.13,82.5,0.64,109.06,514.3,0.88,818.11,1643.78,1005.55,799.81,683.19,776.1,644.56,473.87,424.55,579.06,687.83,877.08,219.39,779.04,643.67,636.55,367.73,406.29,502.33,357.68,488.56
2015-06,PA,3051,113,27.0,24.54,10894.9,589.8,-49.72,5.1,0.55,121.21,32.13,22.61,78.4,0.79,111.35,527.81,0.98,741.08,1546.28,942.83,809.4,585.97,774.68,513.15,381.13,394.93,476.28,443.72,577.66,156.37,599.22,486.02,605.98,342.24,296.33,426.63,234.0,378.74
2015-07,PA,8851,127,69.69,31.06,44381.9,856.9,-24.76,5.09,0.58,115.21,32.27,22.5,76.87,0.85,121.4,570.01,1.1,693.71,1461.71,863.55,775.82,526.68,737.48,422.48,344.04,363.29,412.85,296.77,462.47,89.32,515.02,394.23,599.88,297.27,230.79,390.21,146.2,272.06
2015-08,PA,74293,140,530.66,52.34,621822.7,2474.7,-9.17,6.18,1.16,32.8,33.3,22.53,71.95,1.06,139.67,628.53,1.26,624.68,1409.69,766.77,702.77,449.26,670.52,364.17,312.94,334.19,355.1,241.76,347.35,56.19,457.1,339.65,545.64,251.58,152.02,365.48,95.73,218.78
2015-09,PA,107323,142,755.8,44.28,745047.5,6785.5,-9.94,2.29,0.88,19.17,34.02,23.23,69.85,1.19,145.31,621.6,1.42,501.08,1309.77,597.11,565.33,372.35,550.7,315.38,298.4,294.28,333.17,218.19,215.17,30.13,416.15,299.72,475.07,215.23,99.57,349.15,67.51,194.9
2015-10,PA,108219,141,767.51,37.6,575159.2,1728.9,-9.71,0.92,0.85,32.62,34.38,23.63,69.09,1.25,149.67,625.59,1.41,394.32,1230.12,286.92,245.08,343.56,285.0,283.23,288.47,210.63,324.31,208.43,211.31,14.34,381.63,268.59,451.52,201.82,86.87,333.74,50.5,184.06
2015-11,PA,123159,143,861.25,34.32,684372.4,2591.7,-7.15,-5.14,0.51,43.56,33.85,23.73,70.65,1.17,136.4,571.81,1.34,345.63,1198.58,144.89,61.38,327.93,131.59,269.7,285.88,157.16,305.11,216.9,230.89,6.83,375.62,267.2,435.3,199.4,84.42,332.87,41.83,179.15
2015-12,PA,104123,143,728.13,28.37,449134.6,2180.7,-5.77,3.52,0.91,59.14,33.23,23.79,73.39,1.04,127.91,533.36,1.32,276.32,1156.87,108.32,88.77,317.11,152.37,261.85,284.1,163.85,339.75,238.02,233.8,4.47,362.22,264.21,426.56,204.1,86.83,326.44,43.31,176.65
2016-01,PA,16910,133,127.14,23.66,67513.9,871.7,-11.67,-0.22,1.25,208.01,31.65,23.83,80.27,0.75,108.43,470.27,1.13,298.35,1169.38,176.67,179.35,317.98,225.58,274.39,287.94,190.56,525.37,325.34,446.45,22.16,418.74,308.55,445.51,241.09,120.62,357.19,66.97,193.05
2016-02,PA,3191,90,35.46,24.11,12151.2,317.0,-20.76,1.93,2.32,258.51,32.04,23.42,81.6,0.69,111.35,504.28,1.0,382.76,1222.95,275.42,268.4,344.33,305.21,318.48,302.5,236.02,423.32,590.79,681.71,85.55,465.32,357.47,592.71,324.13,298.43,396.47,92.79,249.09
2016-03,PA,465,63,7.38,15.2,1581.3,62.4,-74.9,-7.7,4.56,411.34,31.36,23.57,84.99,0.55,105.0,478.67,0.85,535.71,1338.15,419.46,372.55,415.01,390.32,515.92,390.95,267.01,579.21,602.42,663.69,250.44,656.34,503.11,652.21,440.23,587.27,530.06,280.56,506.55
2016-04,PA,505,72,7.01,17.26,1674.4,65.5,-52.93,0.58,2.05,304.37,31.94,23.64,83.38,0.63,105.61,482.0,0.9,672.73,1489.88,673.12,547.58,548.49,547.97,661.01,475.08,329.58,477.0,534.58,648.53,324.52,744.43,612.0,670.88,439.26,557.8,513.58,490.68,642.28
2016-05,PA,1286,105,12.25,20.15,5198.4,123.3,-31.34,2.81,1.07,177.39,32.46,23.49,80.58,0.74,115.45,536.95,0.93,730.65,1563.22,766.77,613.34,545.67,597.13,615.74,427.1,330.25,700.02,329.74,441.69,220.82,600.31,508.06,641.02,353.03,378.79,421.86,242.11,385.3
2016-06,PA,5374,132,40.71,31.55,26284.3,551.4,-23.41,-1.05,0.46,108.83,32.48,22.65,77.35,0.83,115.93,549.25,0.97,657.43,1470.36,705.45,623.58,434.91,599.7,451.09,348.47,309.29,493.43,252.85,354.13,137.03,497.92,409.58,610.15,316.46,254.09,378.89,132.57,288.87
2016-07,PA,15743,137,114.91,40.13,104418.7,2128.2,-12.26,12.89,0.44,85.98,32.95,22.37,73.26,0.99,127.13,588.92,1.05,653.35,1465.58,690.97,598.52,406.11,575.22,421.95,315.98,296.5,407.64,218.34,302.89,91.53,429.03,344.16,595.82,292.77,211.23,352.21,91.36,239.53
2016-08,PA,57430,142,404.44,51.21,484622.7,4904.6,-6.3,12.03,1.28,34.96,33.74,22.84,70.34,1.14,142.36,630.68,1.25,574.58,1365.19,568.7,523.97,376.85,508.89,333.21,298.37,274.98,360.52,198.93,229.44,48.92,382.53,294.2,522.16,243.77,129.17,331.32,64.06,191.85
2016-09,PA,42751,139,307.56,41.79,272087.2,1365.5,-8.15,-4.44,2.57,71.27,33.4,23.29,72.61,1.06,136.1,592.88,1.26,553.5,1346.63,423.75,358.82,367.55,372.35,315.51,300.23,232.95,316.7,192.07,174.13,28.25,357.58,268.47,469.22,226.92,107.28,318.62,43.48,178.45
2016-10,PA,50020,142,352.25,42.14,331414.7,2831.4,-8.12,-4.04,1.11,67.81,33.35,23.55,73.22,1.05,139.78,603.54,1.28,466.84,1280.92,255.72,151.4,350.42,202.2,288.09,315.4,182.89,338.76,193.75,151.38,19.61,370.17,274.34,448.78,211.77,96.4,327.19,43.5,179.46
2016-11,PA,57514,143,402.2,35.65,369122.4,2326.7,-11.14,-7.15,0.91,62.0,33.34,23.83,74.08,1.02,129.34,550.37,1.29,415.77,1244.93,212.87,130.3,360.47,186.05,289.59,311.35,178.6,388.28,224.85,204.34,8.83,337.22,228.55,430.44,202.58,88.27,310.67,29.86,172.51
2016-12,PA,24077,141,170.76,34.99,137753.0,1871.9,-11.78,-15.72,1.89,210.26,31.94,23.32,79.87,0.76,112.45,497.18,1.04,437.87,1264.58,237.0,136.42,377.79,193.45,324.66,341.68,183.24,417.74,309.45,308.84,22.48,395.12,272.92,443.69,223.06,104.77,354.94,53.47,184.16
2017-01,PA,1774,118,15.03,21.01,4937.2,240.5,-21.21,0.16,4.22,361.13,30.87,22.64,84.84,0.54,102.65,474.37,0.86,647.32,1455.64,493.48,350.32,427.61,368.94,561.95,423.73,248.56,606.69,345.81,374.23,139.52,518.66,401.23,564.05,368.31,346.77,450.37,209.27,343.06
2017-02,PA,179,58,3.09,16.4,246.0,30.6,-44.6,0.0,5.16,395.49,30.48,22.79,85.82,0.5,90.42,418.1,0.82,644.04,1452.55,636.15,547.0,466.84,552.09,601.02,587.89,336.41,772.38,490.49,684.14,272.12,755.38,558.79,641.21,398.53,534.72,558.85,464.38,542.7
2017-03,PA,196,53,3.7,12.08,410.7,31.9,-61.12,0.15,3.48,388.33,30.67,22.79,86.22,0.49,101.13,470.12,0.76,774.1,1615.77,899.47,676.68,776.08,674.74,772.77,537.56,404.09,786.0,662.6,867.51,330.71,995.92,766.55,641.98,464.5,731.17,617.48,598.39,682.37
2017-04,PA,249,53,4.7,16.87,1079.7,52.3,-48.02,0.24,3.48,333.9,31.37,23.11,84.99,0.55,102.41,480.37,0.74,808.17,1652.85,982.58,758.6,822.82,746.83,762.0,536.81,427.79,723.09,632.44,835.83,340.43,905.86,753.8,678.45,444.12,655.85,649.18,570.16,624.38
2017-05,PA,1232,102,12.08,16.21,3307.1,57.3,-24.69,0.07,0.97,190.49,32.32,23.32,81.62,0.69,114.11,537.78,0.82,875.42,1741.69,1085.82,787.26,798.55,759.95,794.74,521.44,411.87,569.18,456.47,608.69,284.11,813.77,678.98,671.57,374.33,424.56,574.73,500.65,587.4
2017-06,PA,4415,131,33.7,21.9,15900.8,228.7,-18.62,0.47,0.57,118.27,32.55,22.63,77.68,0.82,112.46,531.39,0.91,724.4,1556.51,901.83,752.4,583.94,716.8,564.98,401.59,363.11,515.83,299.38,485.2,151.6,639.29,547.74,620.74,311.77,252.81,456.37,279.66,339.78
2017-07,PA,36444,139,262.19,46.41,257537.8,4300.2,-7.52,0.69,0.17,56.89,32.88,21.86,71.29,1.04,129.27,607.19,0.96,726.29,1559.19,850.06,691.35,533.44,658.63,512.08,349.42,325.68,443.19,235.85,399.28,88.02,538.46,436.18,569.64,276.35,189.81,408.6,171.45,263.79
2017-08,PA,119723,142,843.12,49.17,780872.4,2128.6,-3.52,0.67,0.62,41.41,33.83,22.93,71.3,1.11,140.18,623.99,1.19,631.58,1435.73,657.29,573.08,427.08,556.71,393.5,324.21,286.81,425.3,211.03,313.35,47.13,471.68,367.12,512.96,248.11,138.48,377.85,128.88,226.95
2017-09,PA,259854,140,1856.1,46.76,1532754.2,2357.8,-3.51,1.39,0.44,35.35,34.27,23.3,68.68,1.24,144.29,611.24,1.36,571.63,1361.32,437.24,307.35,386.68,331.35,341.65,308.98,224.8,388.07,192.53,167.87,29.87,426.85,321.95,470.62,224.63,109.62,355.4,97.93,207.35
2017-10,PA,111155,141,788.33,36.51,453349.1,1708.3,-6.58,0.24,0.89,71.76,33.64,23.62,72.36,1.09,141.46,599.3,1.37,532.81,1330.85,322.24,117.26,368.27,174.61,315.4,305.92,174.73,361.87,186.04,126.92,28.35,392.67,289.98,452.45,222.77,107.98,338.77,87.03,193.6
2017-11,PA,117909,143,824.54,39.5,617060.1,1751.9,-7.8,0.01,0.59,72.6,33.22,23.49,73.67,1.02,130.04,559.65,1.25,406.67,1238.53,233.17,142.88,342.78,192.33,417.85,305.32,179.63,391.16,209.33,195.7,15.27,373.19,266.33,433.48,209.58,95.88,329.95,76.83,185.79
2017-12,PA,60989,179,340.72,33.01,316113.2,1924.7,-6.46,-0.17,0.65,183.94,32.05,23.39,78.99,0.8,112.16,486.22,1.08,389.35,1227.1,238.32,223.94,331.69,260.48,369.69,372.0,204.71,429.03,331.39,398.19,18.0,450.87,306.18,429.92,220.98,107.67,360.65,77.1,194.77
2018-01,PA,5079,127,39.99,25.05,16505.7,291.3,-15.44,0.02,1.93,251.86,31.17,22.7,82.54,0.63,110.25,507.86,0.95,473.74,1286.15,374.48,353.52,345.08,372.85,322.32,380.77,249.19,572.26,474.23,522.02,49.26,498.02,381.77,463.93,281.94,194.87,393.37,157.6,261.48
2018-02,PA,398,69,5.77,19.63,902.9,132.7,-12.43,0.07,2.37,420.56,29.98,22.83,86.31,0.48,86.09,398.23,0.79,504.29,1309.02,515.32,493.21,459.84,500.73,503.88,496.47,310.67,689.08,651.38,929.08,171.69,707.72,511.96,600.39,406.05,460.11,554.27,431.19,480.94
2018-03,PA,415,69,6.01,17.08,1195.3,65.3,-33.67,0.08,4.15,325.54,31.2,23.1,84.69,0.56,111.49,517.7,0.89,496.03,1303.02,604.26,588.26,496.61,595.13,614.86,567.13,362.27,670.21,767.18,1055.72,161.31,849.6,631.88,590.4,392.22,455.68,569.04,341.11,488.82
2018-04,PA,140,48,2.92,7.12,989.6,38.8,-56.98,0.06,2.48,361.32,30.83,22.74,85.66,0.51,96.65,454.18,0.71,701.83,1525.61,762.62,646.1,769.18,648.42,871.68,637.68,388.07,680.08,746.88,1069.27,299.4,996.27,764.88,673.67,468.05,613.92,801.15,585.97,727.93
2018-05,PA,850,79,10.76,9.67,6559.6,178.4,-14.73,3.99,0.8,265.74,31.52,22.84,82.86,0.62,104.83,496.92,0.78,868.58,1725.6,1062.37,711.19,762.63,695.48,871.56,465.37,385.53,562.85,530.5,678.6,274.1,925.5,766.68,670.39,411.32,492.73,560.6,455.03,641.98
2018-06,PA,4759,122,39.01,11.69,38028.0,322.5,-9.93,12.95,0.37,97.16,32.33,22.37,76.57,0.85,115.07,548.33,0.92,800.23,1646.56,988.08,726.53,649.53,697.82,722.72,404.45,358.92,467.83,318.73,503.38,212.97,727.18,611.85,630.24,354.03,341.05,460.33,305.61,428.85
2018-07,PA,11360,133,85.41,13.93,102350.1,861.0,-8.26,20.61,0.4,89.41,32.63,22.13,74.47,0.93,122.05,570.0,1.0,756.81,1595.9,913.28,691.76,574.68,660.94,634.22,370.81,329.59,449.16,245.48,449.71,111.23,587.98,474.53,593.59,292.55,213.66,413.5,189.47,284.63
2018-08,PA,34713,138,251.54,18.51,395865.4,1130.1,-3.29,3.66,0.98,67.56,32.97,22.39,74.7,0.94,130.9,599.32,1.09,667.13,1482.84,728.05,612.13,474.95,588.08,497.48,339.44,303.01,443.81,216.19,288.24,73.29,521.08,457.4,554.23,280.45,204.75,387.18,146.69,244.88
2018-09,PA,65712,140,469.37,17.58,684892.5,1619.0,-3.14,5.46,0.66,67.98,33.2,23.13,74.0,1.0,133.58,589.49,1.24,621.47,1423.29,575.22,474.62,426.93,465.28,414.48,328.37,264.0,448.88,198.42,193.75,45.57,478.5,459.44,491.12,252.22,142.19,365.51,115.03,216.32
2018-10,PA,91791,142,646.42,17.76,939305.1,2861.0,-5.36,3.33,0.66,68.44,33.7,23.46,73.21,1.05,142.49,619.07,1.25,505.03,1309.37,331.94,229.15,384.4,265.55,355.74,315.58,205.27,410.1,206.4,214.13,30.85,440.6,425.63,453.05,228.23,112.34,352.56,95.05,203.12
2018-11,PA,71136,143,497.45,20.16,919620.9,4053.8,-7.04,-2.77,0.88,164.21,33.01,23.72,75.96,0.94,123.82,530.32,1.24,430.57,1255.08,230.13,112.33,364.42,171.72,326.48,341.83,175.61,379.99,259.42,296.4,22.63,427.66,354.93,439.29,211.92,96.58,340.32,80.22,194.28
2018-12,PA,9476,123,77.04,13.32,108151.5,791.2,-7.82,1.29,1.09,322.48,30.79,22.77,83.93,0.57,100.52,460.08,0.9,558.71,1355.41,405.34,300.71,394.77,324.52,361.12,422.25,234.77,496.55,439.95,537.71,123.79,581.58,455.73,576.9,381.69,370.27,434.44,261.14,348.79
2019-01,PA,4499,125,35.99,12.8,30953.7,271.8,-15.35,-5.44,1.53,309.67,30.87,22.69,84.0,0.57,105.33,484.53,0.94,600.0,1395.08,533.98,473.0,436.06,475.97,395.11,453.06,290.31,477.29,451.1,517.15,174.9,570.88,466.93,563.52,394.98,444.92,437.07,343.01,437.64
2019-02,PA,852,80,10.65,9.39,4148.9,347.7,-23.26,-1.88,3.25,384.55,30.44,22.92,85.66,0.51,87.64,401.24,0.82,596.5,1392.52,632.38,577.64,487.48,572.82,488.65,480.04,335.07,656.6,452.5,591.79,304.96,669.29,545.9,646.2,486.95,683.74,537.14,565.33,677.7
2019-03,PA,388,60,6.47,7.73,1724.1,49.4,-51.41,-1.0,1.97,446.72,30.49,23.02,85.86,0.5,100.01,462.41,0.83,520.48,1320.85,699.89,668.66,495.68,663.21,512.69,542.07,384.32,769.65,592.61,854.74,381.03,913.96,752.98,699.41,492.87,696.67,889.86,708.45,837.21
2019-04,PA,331,56,5.91,7.25,1639.3,60.4,-26.91,2.44,1.96,407.79,30.89,23.33,85.87,0.51,96.77,450.48,0.8,628.13,1445.02,807.0,732.52,687.68,723.13,725.25,567.0,424.07,747.17,682.75,994.98,431.67,1096.66,911.7,705.33,499.56,694.7,1118.84,738.48,942.45
2019-05,PA,1535,90,17.06,7.93,5688.2,154.2,-13.29,3.6,1.12,282.69,31.74,23.26,83.53,0.61,105.07,491.63,0.88,813.13,1659.98,1006.57,782.74,782.52,756.96,780.65,503.0,420.71,606.4,557.3,710.48,357.47,1005.32,913.82,687.11,407.46,479.3,979.76,655.5,794.52
2019-06,PA,5420,117,46.32,10.24,29237.8,205.2,-13.39,8.49,0.24,125.04,32.43,22.74,78.71,0.79,112.74,529.76,1.01,803.9,1650.6,1024.27,799.93,680.68,760.45,674.9,407.73,394.79,522.42,340.38,525.33,275.07,785.64,710.7,657.25,366.69,397.43,617.27,518.33,559.45
2019-07,PA,24422,132,185.02,21.37,260573.9,1438.6,-5.7,12.65,0.24,109.13,32.59,22.38,76.1,0.88,120.54,563.36,1.0,700.45,1526.48,869.69,752.23,553.06,710.77,524.65,377.74,355.47,462.31,252.52,468.79,177.66,671.56,577.45,637.54,327.06,267.5,520.15,322.06,381.99
2019-08,PA,207434,138,1503.14,23.84,2181793.2,4023.5,-1.83,16.9,0.33,61.73,33.4,22.49,72.72,1.03,135.01,607.32,1.17,676.35,1495.34,781.26,658.32,469.48,626.02,426.76,348.9,317.95,429.66,218.98,401.37,114.19,581.76,487.55,599.77,283.73,207.81,464.91,250.48,306.3
2019-09,PA,115671,141,820.36,17.21,852265.1,2019.6,-4.13,13.63,1.17,56.21,33.97,23.2,72.86,1.07,137.49,597.26,1.25,598.73,1385.23,575.17,503.98,397.83,487.73,361.09,325.11,274.47,413.09,198.68,238.15,72.17,521.46,426.08,537.52,262.58,155.18,430.03,207.28,264.35
2019-10,PA,89910,142,633.17,16.92,605176.4,2407.5,-4.49,-2.21,1.74,87.24,33.25,23.16,76.07,0.92,134.62,593.85,1.16,564.32,1344.99,402.4,235.42,384.89,270.06,335.56,335.44,214.18,407.48,201.63,191.42,56.34,482.56,389.23,489.58,242.87,131.55,407.85,180.52,240.85
2019-11,PA,115527,142,813.57,15.89,852584.8,1707.6,-4.54,-1.25,1.24,98.1,33.01,23.33,77.55,0.87,122.95,545.04,1.06,537.27,1334.75,352.8,198.07,387.97,234.14,344.82,343.88,275.35,414.7,218.15,252.3,45.37,470.17,372.06,471.92,236.4,123.55,401.67,182.8,246.48
2019-12,PA,37612,141,266.75,13.66,219014.3,1221.0,-6.87,0.39,1.08,174.03,32.38,23.46,80.47,0.74,117.28,520.45,1.08,588.82,1340.21,403.31,318.81,376.13,329.03,320.15,356.02,245.45,517.32,262.78,298.15,43.84,453.37,356.48,462.13,248.94,130.5,384.82,166.23,240.2
2020-01,PA,2358,104,22.67,9.87,13211.5,135.4,-10.04,-0.06,2.78,341.25,30.98,23.05,85.29,0.53,101.29,466.35,0.82,615.58,1330.45,510.79,472.39,385.61,470.35,342.78,435.56,285.46,590.77,334.9,426.59,125.98,520.66,491.32,569.44,365.23,350.56,500.39,360.19,466.2
2020-02,PA,583,72,8.1,9.92,4206.3,140.6,-25.57,-0.72,2.49,403.8,30.72,23.06,86.47,0.48,90.98,416.66,0.79,503.44,1309.38,555.16,534.81,388.12,532.28,366.22,468.58,316.21,678.22,498.97,734.29,252.59,728.66,573.63,660.53,420.84,585.86,577.07,492.45,632.32
2020-03,PA,584,84,6.95,7.75,2379.8,62.1,-29.04,-12.5,3.24,427.05,30.98,23.15,86.02,0.51,104.11,482.03,0.81,531.4,1300.56,618.75,600.94,414.95,601.29,463.84,508.96,358.31,590.76,710.98,1059.79,393.97,951.1,761.93,696.49,539.19,698.69,947.87,694.81,829.92
2020-04,PA,328,65,5.05,10.58,2095.1,70.6,-36.47,0.82,4.13,384.81,31.07,23.19,86.28,0.5,95.5,444.91,0.71,776.02,1560.21,813.95,678.0,726.58,667.58,791.86,587.09,399.42,601.62,774.27,1087.95,342.4,1007.98,856.54,669.5,464.87,645.37,984.24,703.53,835.69
2020-05,PA,1489,112,13.29,8.34,6468.4,192.7,-13.9,-2.1,1.54,240.07,31.97,23.28,83.59,0.61,106.03,499.68,0.77,926.31,1756.63,1079.38,742.29,816.39,716.89,738.76,537.94,413.14,650.6,635.12,802.6,343.35,962.44,821.26,668.52,427.26,563.84,810.12,644.39,751.41
2020-06,PA,7479,129,57.98,10.03,35876.1,238.7,-7.47,5.21,0.39,124.66,32.41,22.65,79.67,0.75,109.83,522.33,0.87,893.24,1733.32,1107.1,753.6,750.05,715.57,614.55,444.97,378.17,522.83,367.64,561.16,231.27,782.17,664.2,630.48,373.6,406.43,596.71,427.4,467.65
2020-07,PA,48799,139,351.07,21.99,440539.6,4120.2,-5.58,16.1,0.15,68.25,33.46,22.07,74.46,0.95,127.31,596.62,0.94,743.66,1591.89,901.05,700.06,617.52,663.71,459.56,382.54,334.98,531.48,261.92,457.97,143.84,638.48,540.63,572.68,315.0,253.45,520.11,313.86,344.35
2020-08,PA,274903,142,1935.94,23.67,2381303.6,7469.4,-1.58,35.11,0.22,34.25,34.41,22.5,70.64,1.14,140.45,628.73,1.05,667.62,1463.55,698.3,600.02,518.94,571.8,370.47,339.41,300.2,418.77,222.48,322.31,77.16,553.06,457.02,503.54,267.35,167.68,468.83,242.68,281.39
2020-09,PA,309613,143,2165.13,18.28,2301900.2,2662.2,-2.6,17.92,0.85,43.25,34.7,22.85,71.01,1.15,141.56,622.54,1.08,595.55,1420.33,515.5,386.75,486.13,397.7,345.44,319.62,244.7,394.48,200.05,198.67,54.43,502.83,405.09,475.21,242.83,132.17,441.27,202.73,254.67
2020-10,PA,220062,142,1549.73,16.65,1311688.6,2867.8,-7.72,0.34,1.67,75.41,34.34,23.27,74.08,1.03,140.33,615.64,1.06,528.53,1326.04,321.55,115.52,358.31,171.05,308.25,305.69,213.13,362.44,189.32,203.54,42.39,467.0,370.33,455.23,225.68,109.6,420.32,184.55,238.44
2020-11,PA,60511,142,426.13,14.58,560626.8,884.1,-6.27,-4.5,3.08,221.08,32.49,23.24,81.7,0.69,112.33,508.65,0.88,559.13,1353.73,358.37,84.75,363.23,138.53,321.34,357.6,165.52,479.82,224.43,321.98,89.63,546.13,441.36,491.92,304.53,242.38,492.99,262.6,318.35
2020-12,PA,36607,142,257.8,12.37,351712.7,713.1,-7.83,-4.2,1.2,160.45,32.25,23.19,81.54,0.69,116.83,534.34,0.9,544.32,1353.23,357.76,191.18,369.37,240.03,316.98,348.53,192.66,461.68,245.24,334.5,114.35,524.19,435.85,464.56,307.74,246.14,465.92,238.26,326.92
2021-01,PA,3592,126,28.51,9.76,31437.0,208.0,-20.09,-12.43,2.21,262.05,31.65,22.79,84.87,0.55,108.01,498.16,0.86,655.61,1457.1,592.94,407.55,386.19,387.15,343.74,473.69,261.12,553.74,321.29,422.08,126.45,559.56,449.56,487.63,341.45,349.3,474.01,277.94,385.06
2021-02,PA,4059,113,35.92,10.94,38033.1,1703.3,-14.13,2.46,1.02,354.88,30.71,22.89,86.77,0.48,91.12,421.74,0.79,658.18,1451.94,655.52,574.45,451.95,555.64,416.37,475.8,329.11,464.62,440.5,644.29,174.14,646.68,537.36,571.14,405.09,465.88,577.19,401.75,526.72
2021-03,PA,355,62,5.73,6.83,2384.2,103.2,-84.41,-8.04,4.74,389.26,30.67,22.5,87.69,0.43,98.37,461.36,0.68,766.9,1573.9,850.22,701.97,590.61,689.61,627.31,543.52,410.97,698.31,683.13,1008.76,342.85,878.4,703.92,655.34,454.77,593.53,805.05,580.77,733.6
2021-04,PA,766,87,8.8,7.33,5420.0,97.9,-27.36,1.33,2.46,283.91,31.68,22.99,86.29,0.5,102.1,478.91,0.73,834.23,1661.51,1005.71,780.67,626.72,755.57,670.97,561.58,439.81,764.63,670.92,864.98,282.03,937.95,745.7,645.5,406.33,484.32,783.22,549.53,668.77
2021-05,PA,3401,109,31.2,8.63,23908.7,222.4,-19.27,2.05,0.7,246.65,32.02,22.83,84.17,0.58,106.69,506.61,0.75,939.03,1806.06,1178.37,839.31,832.87,797.21,756.6,503.45,439.53,575.89,439.44,664.63,270.48,817.51,675.34,643.67,418.01,445.15,629.6,489.94,628.69
2021-06,PA,9251,123,75.21,9.71,61436.2,275.4,-8.23,12.6,0.38,149.68,32.37,22.53,81.23,0.69,104.68,496.59,0.81,960.45,1821.79,1213.18,833.47,769.88,783.72,693.54,400.42,404.02,522.73,286.77,499.05,226.73,670.88,574.26,642.64,356.21,388.16,532.09,372.43,472.87
2021-07,PA,31633,134,236.07,13.63,273989.8,1869.1,-3.39,13.5,0.32,151.74,32.85,22.15,78.89,0.77,117.11,551.22,0.86,841.11,1652.68,1024.1,792.65,723.48,741.32,638.87,364.56,372.19,472.23,232.02,461.59,164.0,590.69,493.0,629.84,342.98,305.13,487.68,316.24,377.56
2021-08,PA,228667,140,1633.34,21.01,2828017.2,3543.4,-1.42,15.07,0.78,88.96,33.85,22.26,75.1,0.94,131.54,604.26,0.9,785.85,1613.89,908.29,697.73,638.06,655.68,480.05,334.15,333.18,419.98,203.77,384.03,126.66,528.39,430.97,590.18,322.0,274.36,454.31,255.52,316.34
2021-09,PA,90409,141,641.2,13.36,772917.7,3873.5,-6.05,1.16,1.54,103.29,33.39,22.76,78.77,0.81,124.53,564.26,0.95,681.18,1477.93,683.42,543.5,557.1,518.82,401.1,330.27,285.95,409.89,189.24,288.58,79.33,492.63,395.85,514.12,272.7,169.65,437.2,221.73,265.98
2021-10,PA,108168,141,767.15,15.72,1065567.6,1850.4,-5.74,-1.18,1.48,120.1,33.51,23.1,79.49,0.79,132.27,600.09,0.94,661.59,1440.66,517.0,317.48,425.94,334.98,365.15,354.61,237.98,426.08,191.86,209.45,72.4,476.94,377.45,477.89,278.92,213.5,431.92,209.29,273.72
2021-11,PA,60076,141,426.07,13.86,599765.6,1461.5,-3.99,-5.57,1.9,197.21,32.84,23.16,81.36,0.71,117.64,537.99,0.88,662.58,1464.18,547.58,246.77,503.08,277.7,455.88,381.12,218.33,512.93,263.35,376.95,73.0,534.93,418.39,490.96,296.5,205.57,451.39,252.5,297.78
2021-12,PA,10420,136,76.62,9.86,90091.6,334.0,-4.36,-13.92,2.12,253.65,31.93,23.56,83.66,0.62,103.27,459.47,0.93,667.15,1469.04,579.95,390.95,468.74,401.19,452.58,503.25,262.76,602.35,415.25,656.02,76.81,566.29,436.78,484.5,287.92,204.26,479.94,236.23,307.78
2022-01,PA,2579,111,23.23,9.05,21724.4,173.4,-17.38,-4.91,2.16,372.12,30.95,22.54,86.94,0.46,98.2,452.53,0.88,668.1,1470.18,653.85,550.1,689.94,550.61,618.63,563.15,351.15,737.82,754.61,1181.35,158.29,702.33,545.69,580.42,388.73,427.09,601.08,359.9,470.34
2022-02,PA,1204,101,11.92,8.46,8050.8,182.6,-28.2,-8.15,4.57,273.44,31.73,22.83,85.77,0.52,95.43,436.29,0.89,821.2,1650.21,829.47,586.25,816.95,583.96,774.57,520.45,368.39,707.3,831.8,1088.35,234.04,803.57,635.87,598.71,388.92,443.02,621.91,512.11,541.85
2022-03,PA,461,73,6.32,10.14,4186.9,509.2,-60.67,-6.25,6.65,467.24,30.93,22.78,88.07,0.42,95.47,438.8,0.82,920.53,1760.21,1075.53,677.82,987.52,666.74,892.26,581.48,406.6,762.05,878.45,1129.95,286.94,956.71,744.94,661.37,467.58,616.13,815.09,598.92,719.14
2022-04,PA,565,64,8.83,8.35,4560.6,146.6,-51.13,-1.51,2.61,354.69,31.43,22.85,87.66,0.45,94.84,441.87,0.73,992.68,1860.18,1238.3,804.57,1305.63,780.12,985.68,616.65,461.77,757.34,806.61,1011.18,383.4,1039.09,872.47,675.7,483.02,652.58,888.77,698.78,848.87
2022-05,PA,3539,89,39.76,8.98,27288.8,260.7,-11.29,3.93,0.74,307.71,31.85,22.47,84.84,0.55,99.46,466.85,0.77,1046.55,1948.58,1340.77,837.02,1275.02,795.08,972.05,479.84,441.6,631.69,482.16,667.32,422.52,965.06,824.54,718.73,483.58,668.06,754.49,615.56,779.48
2022-06,PA,10640,128,83.12,10.34,80938.6,997.2,-3.51,6.62,0.35,147.93,32.27,22.11,80.76,0.7,103.37,494.43,0.76,974.12,1844.23,1242.58,823.53,991.85,770.5,789.84,439.48,388.92,571.83,297.24,504.93,262.0,790.99,667.13,642.98,356.78,366.45,611.42,423.14,490.15
2022-07,PA,34680,131,264.73,13.86,305160.0,950.1,-4.5,11.2,0.59,91.53,33.02,22.11,76.74,0.86,115.87,544.95,0.78,833.27,1651.99,1019.57,774.13,876.84,719.33,683.11,387.55,348.02,480.55,244.73,371.62,162.9,662.13,558.12,617.31,312.65,254.0,524.11,325.06,369.59
2022-08,PA,261907,142,1844.42,27.01,4243675.9,3520.0,-1.17,-18.96,0.5,62.3,33.66,22.17,73.64,0.99,129.88,594.54,0.9,746.26,1536.02,844.61,673.35,630.1,632.18,556.87,356.37,318.52,450.03,219.91,275.46,97.15,591.5,483.06,577.85,283.51,187.6,488.0,238.89,304.65
2022-09,PA,342622,143,2395.96,41.23,13594127.4,4755.8,-2.95,6.3,1.2,50.9,34.26,22.83,72.24,1.09,136.83,607.5,1.03,655.85,1461.51,630.24,510.5,505.07,504.08,471.15,331.13,277.12,415.63,197.75,228.88,78.87,533.4,427.12,500.37,261.13,148.83,453.28,221.41,266.58
2022-10,PA,188639,144,1309.99,40.4,7392794.9,2895.0,-5.55,-8.64,1.86,77.29,33.73,23.28,74.95,0.98,131.43,574.57,1.03,619.29,1416.58,475.39,200.06,452.71,307.6,357.15,330.6,201.05,401.39,190.63,204.38,51.81,493.39,386.16,471.16,256.79,141.74,432.59,203.0,253.32
2022-11,PA,70738,143,494.67,26.99,1884086.7,1523.1,-4.0,-7.46,2.0,173.6,32.36,22.86,80.61,0.73,111.04,505.73,0.81,636.56,1451.89,490.48,129.63,498.67,196.76,402.02,383.54,174.7,445.3,222.3,286.08,58.08,557.45,431.78,476.0,272.4,172.1,469.83,251.97,315.46
2022-12,PA,21872,140,156.23,25.16,546796.5,1095.5,-6.81,-0.55,1.51,225.94,31.92,22.74,83.27,0.62,107.19,492.7,0.76,630.04,1392.68,453.55,196.21,504.68,235.66,414.3,444.42,200.46,497.49,318.24,557.77,65.56,538.44,419.88,488.17,275.7,179.17,474.96,259.55,305.68
2023-01,PA,4558,125,36.46,13.6,61676.9,395.8,-6.95,-8.85,4.35,300.85,31.24,22.31,86.02,0.5,102.41,477.84,0.71,672.47,1498.24,568.74,307.32,549.16,338.73,527.73,513.73,250.78,589.4,565.89,790.68,101.36,610.67,466.07,512.4,329.42,292.92,576.02,311.14,394.63
2023-02,PA,900,83,10.84,9.84,8826.6,109.9,-18.86,-2.94,6.3,351.08,30.96,22.48,87.47,0.44,90.95,425.63,0.66,775.14,1575.21,757.73,472.27,752.66,473.12,729.64,483.96,309.15,614.98,677.82,833.0,264.75,773.25,589.84,640.36,440.61,564.19,780.83,507.63,622.62
2023-03,PA,626,75,8.35,13.78,8625.8,347.8,-19.15,-1.13,8.21,426.22,30.77,22.54,87.99,0.42,97.61,455.76,0.69,744.59,1542.68,984.84,624.66,754.39,613.56,811.26,583.93,371.76,717.58,724.4,1002.74,366.13,865.8,686.6,683.69,490.94,680.87,958.6,668.26,791.03
2023-04,PA,605,69,8.77,7.93,4764.0,119.8,-24.75,-5.18,3.88,322.47,31.65,22.72,86.61,0.49,101.74,481.32,0.64,765.33,1592.5,864.43,715.53,819.18,695.7,833.32,555.83,420.11,695.6,797.08,1004.8,434.13,1131.21,905.11,687.77,480.17,654.7,1170.62,760.08,909.4
2023-05,PA,2994,102,29.35,20.95,60788.3,661.0,-1.81,2.89,1.09,242.36,32.24,23.08,85.06,0.56,104.5,493.52,0.7,826.9,1633.47,806.34,756.35,931.87,721.27,880.23,481.13,405.19,570.35,580.1,767.41,305.94,977.35,823.24,648.35,386.23,416.3,793.18,617.77,680.06
2023-06,PA,14157,131,108.07,32.32,422137.4,1054.6,-4.47,2.94,0.39,136.67,32.78,22.41,79.95,0.74,109.69,520.7,0.83,760.17,1576.22,900.4,738.1,686.23,691.23,718.82,407.67,361.92,492.02,325.68,517.43,263.58,778.36,658.52,637.08,378.21,409.09,632.69,447.01,520.91
2023-07,PA,38771,137,283.0,39.46,1461567.3,3456.4,-4.07,6.99,0.51,82.32,33.24,22.05,75.72,0.9,121.49,567.77,0.94,695.07,1471.29,795.02,678.39,575.94,640.71,574.55,368.9,321.71,446.31,251.34,411.44,176.48,648.65,535.06,605.68,311.98,248.16,548.82,326.42,360.02
2023-08,PA,180615,144,1254.27,52.25,9258940.1,2515.0,-3.1,4.3,0.86,36.9,34.26,22.73,73.14,1.05,134.73,601.69,1.06,611.02,1397.42,628.11,556.35,465.95,525.37,433.44,336.73,284.35,403.44,218.55,281.98,102.45,573.11,460.4,540.79,270.92,171.6,504.42,271.03,303.44
2023-09,PA,225657,143,1578.02,41.69,9079360.0,1941.3,-3.63,-10.53,0.98,36.23,34.89,23.46,71.45,1.16,140.84,605.32,1.19,528.83,1313.95,396.16,296.8,416.2,323.92,376.28,322.42,222.38,376.12,203.07,283.82,61.28,518.52,405.24,479.7,241.87,125.83,470.0,229.12,270.18
2023-10,PA,282525,144,1961.98,37.67,10463555.3,3260.0,-5.67,-5.69,0.83,51.63,34.9,23.7,72.11,1.14,144.76,615.76,1.19,449.84,1263.71,251.81,-27.29,395.44,69.58,348.91,310.06,141.53,366.8,196.89,219.58,45.84,481.14,367.24,456.87,227.63,109.27,445.15,205.6,250.59
2023-11,PA,221034,142,1556.58,34.55,7302656.6,1591.3,-5.03,-11.36,0.5,76.36,34.38,23.87,74.69,1.03,130.12,552.15,1.18,384.23,1222.88,196.33,-66.58,378.43,34.67,327.44,301.17,126.07,354.88,201.41,223.52,36.42,466.1,352.43,438.87,218.97,102.7,433.88,187.18,237.9
2023-12,PA,37148,140,265.34,21.52,782898.4,1648.9,-11.61,-8.1,3.3,153.61,33.15,23.7,79.99,0.78,119.83,527.86,1.03,400.32,1240.73,205.22,47.18,370.77,121.13,327.0,310.85,146.85,397.61,212.08,260.24,67.93,488.81,381.74,441.8,252.73,142.45,466.93,231.31,263.87
2024-01,PA,12900,126,102.38,11.2,141208.3,367.2,-13.47,-0.08,1.89,296.24,32.15,23.5,84.48,0.59,112.48,511.97,0.93,453.91,1251.39,293.1,250.61,422.97,280.44,374.77,364.95,212.73,461.84,283.19,380.6,92.52,503.24,432.34,469.87,300.73,216.74,487.23,348.03,327.91
2024-02,PA,4674,109,42.88,13.42,61687.3,317.3,-13.06,1.46,2.53,315.73,31.58,23.41,85.63,0.53,100.37,457.09,0.91,399.97,1230.62,380.04,369.84,405.53,386.21,361.66,432.24,268.07,705.02,413.78,721.24,171.52,625.7,589.97,525.22,385.95,427.4,549.53,404.71,442.92
2024-03,PA,933,78,11.96,7.81,7228.0,117.3,-20.29,-0.29,5.68,280.24,31.74,23.71,86.93,0.49,68.26,311.79,0.83,477.94,1283.72,483.73,466.87,490.53,471.53,571.27,457.13,299.72,673.39,443.5,836.0,363.82,876.76,719.73,656.5,518.42,717.45,979.35,711.35,777.66
2024-04,PA,462,70,6.6,7.72,3556.9,98.5,-23.72,0.57,8.52,280.24,31.74,23.71,86.93,0.49,68.26,311.79,0.83,677.87,1502.97,699.75,569.11,743.18,564.9,825.83,568.33,343.65,755.21,510.8,937.46,404.93,992.27,830.11,673.65,445.7,596.93,997.68,713.42,840.6
2024-05,PA,3657,106,34.5,17.95,64967.1,240.1,-9.19,4.43,0.88,280.24,31.74,23.71,86.93,0.49,68.26,311.79,0.83,893.89,1716.53,1048.63,644.74,927.98,624.55,842.64,454.2,352.39,570.46,450.5,676.5,316.65,850.27,756.63,661.65,409.22,522.6,708.01,559.59,668.17
2024-06,PA,14610,127,115.04,20.05,283906.8,608.5,-6.84,14.04,0.29,280.24,31.74,23.71,86.93,0.49,68.26,311.79,0.83,770.37,1587.22,890.12,640.57,727.67,608.03,792.75,391.63,313.47,485.13,278.41,463.07,240.27,641.22,566.48,622.53,356.42,382.55,553.42,401.83,453.25
2024-07,PA,74502,142,524.66,40.0,2871272.4,2235.5,-3.62,15.46,0.08,280.24,31.74,23.71,86.93,0.49,68.26,311.79,0.83,662.79,1446.52,685.48,577.66,486.15,543.31,519.81,342.01,278.94,439.08,225.75,316.75,123.58,561.31,467.36,568.48,281.58,191.02,500.35,304.44,319.39
2024-08,PA,493532,143,3451.27,33.61,15814390.9,3865.7,-1.43,33.76,0.11,-,-,-,-,-,-,-,-,595.24,1380.06,510.3,422.48,420.15,415.27,419.05,322.48,241.58,405.48,200.11,230.46,62.45,493.06,400.97,507.06,241.29,137.27,464.57,247.76,272.6
2024-09,PA,633059,144,4396.24,22.84,13653402.4,2155.6,-2.06,31.46,0.37,-,-,-,-,-,-,-,-,509.97,1325.61,304.13,97.15,398.38,160.73,361.27,305.6,167.47,361.88,183.12,206.75,41.26,448.12,355.0,466.55,225.03,107.25,435.95,209.34,248.11
2024-10,PA,212029,144,1472.42,31.72,6466027.4,3121.5,-11.25,-3.55,1.03,-,-,-,-,-,-,-,-,430.59,1266.8,239.04,-94.23,463.26,21.15,318.16,304.69,115.68,352.1,177.12,191.84,33.65,419.33,324.9,444.69,220.58,101.76,418.25,190.06,232.32
2024-11,PA,304115,144,2111.91,27.21,7832730.9,3386.3,-9.3,-7.4,0.49,-,-,-,-,-,-,-,-,351.65,1208.0,160.41,-69.05,452.3,29.15,305.68,295.68,119.27,368.68,236.13,289.01,25.3,408.92,307.4,428.12,220.87,100.81,407.2,174.49,221.45
2024-12,PA,69891,143,488.75,21.9,1463977.0,3177.0,-14.37,-0.35,1.75,-,-,-,-,-,-,-,-,344.8,1209.38,156.62,55.56,338.61,125.45,308.86,307.54,154.39,419.01,310.94,402.08,32.75,443.58,326.76,425.0,222.16,108.77,411.18,185.69,223.54
